timestamp_ns,timestamp_iso,valor
1787011200093750000,2026-08-17T19:00:00.093750,3.748566
1787011200125000000,2026-08-17T19:00:00.125000,3.361607
1787011200156250000,2026-08-17T19:00:00.156250,3.204452
1787011200187500000,2026-08-17T19:00:00.187500,2.706711
1787011200218750000,2026-08-17T19:00:00.218750,2.545881
1787011200250000000,2026-08-17T19:00:00.250000,2.244041
1787011200281250000,2026-08-17T19:00:00.281250,2.358720
1787011200312500000,2026-08-17T19:00:00.312500,2.304887
1787011200343750000,2026-08-17T19:00:00.343750,2.312235
1787011200375000000,2026-08-17T19:00:00.375000,2.012566
1787011200406250000,2026-08-17T19:00:00.406250,1.972595
1787011200437500000,2026-08-17T19:00:00.437500,1.614974
1787011200468750000,2026-08-17T19:00:00.468750,1.186207
1787011200500000000,2026-08-17T19:00:00.500000,0.914262
1787011200531250000,2026-08-17T19:00:00.531250,0.485383
1787011200562500000,2026-08-17T19:00:00.562500,-0.048543
1787011200593750000,2026-08-17T19:00:00.593750,-0.413624
1787011200625000000,2026-08-17T19:00:00.625000,-0.614201
1787011200656250000,2026-08-17T19:00:00.656250,-0.594940
1787011200687500000,2026-08-17T19:00:00.687500,-0.750147
1787011200718750000,2026-08-17T19:00:00.718750,-0.708896
1787011200750000000,2026-08-17T19:00:00.750000,-1.012685
1787011200781250000,2026-08-17T19:00:00.781250,-1.530801
1787011200812500000,2026-08-17T19:00:00.812500,-2.090391
1787011200843750000,2026-08-17T19:00:00.843750,-2.076975
1787011200875000000,2026-08-17T19:00:00.875000,-2.438271
1787011200906250000,2026-08-17T19:00:00.906250,-2.478464
1787011200937500000,2026-08-17T19:00:00.937500,-2.435376
1787011200968750000,2026-08-17T19:00:00.968750,-2.529180
1787011201000000000,2026-08-17T19:00:01,-2.886578
1787011201031250000,2026-08-17T19:00:01.031250,-3.168712
1787011201062500000,2026-08-17T19:00:01.062500,-3.292410
1787011201093750000,2026-08-17T19:00:01.093750,-3.314511
1787011201125000000,2026-08-17T19:00:01.125000,-3.763096
1787011201156250000,2026-08-17T19:00:01.156250,-3.987611
1787011201187500000,2026-08-17T19:00:01.187500,-4.225766
1787011201218750000,2026-08-17T19:00:01.218750,-4.443990
1787011201250000000,2026-08-17T19:00:01.250000,-4.626920
1787011201281250000,2026-08-17T19:00:01.281250,-4.480398
1787011201312500000,2026-08-17T19:00:01.312500,-4.704468
1787011201343750000,2026-08-17T19:00:01.343750,-4.655312
1787011201375000000,2026-08-17T19:00:01.375000,-4.828055
1787011201406250000,2026-08-17T19:00:01.406250,-5.066098
1787011201437500000,2026-08-17T19:00:01.437500,-5.171369
1787011201468750000,2026-08-17T19:00:01.468750,-5.038931
1787011201500000000,2026-08-17T19:00:01.500000,-5.387868
1787011201531250000,2026-08-17T19:00:01.531250,-5.625799
1787011201562500000,2026-08-17T19:00:01.562500,-5.391987
1787011201593750000,2026-08-17T19:00:01.593750,-5.187736
1787011201625000000,2026-08-17T19:00:01.625000,-5.237115
1787011201656250000,2026-08-17T19:00:01.656250,-5.005140
1787011201687500000,2026-08-17T19:00:01.687500,-4.838799
1787011201718750000,2026-08-17T19:00:01.718750,-5.328413
1787011201750000000,2026-08-17T19:00:01.750000,-5.861782
1787011201781250000,2026-08-17T19:00:01.781250,-5.873696
1787011201812500000,2026-08-17T19:00:01.812500,-5.689374
1787011201843750000,2026-08-17T19:00:01.843750,-5.762134
1787011201875000000,2026-08-17T19:00:01.875000,-5.329804
1787011201906250000,2026-08-17T19:00:01.906250,-4.873425
1787011201937500000,2026-08-17T19:00:01.937500,-4.560006
1787011201968750000,2026-08-17T19:00:01.968750,-4.688547
1787011202000000000,2026-08-17T19:00:02,-4.466537
1787011202031250000,2026-08-17T19:00:02.031250,-4.299751
1787011202062500000,2026-08-17T19:00:02.062500,-4.230219
1787011202093750000,2026-08-17T19:00:02.093750,-4.485575
1787011202125000000,2026-08-17T19:00:02.125000,-4.142150
1787011202156250000,2026-08-17T19:00:02.156250,-3.931496
1787011202187500000,2026-08-17T19:00:02.187500,-4.271859
1787011202218750000,2026-08-17T19:00:02.218750,-4.015612
1787011202250000000,2026-08-17T19:00:02.250000,-3.888129
1787011202281250000,2026-08-17T19:00:02.281250,-3.772781
1787011202312500000,2026-08-17T19:00:02.312500,-3.714940
1787011202343750000,2026-08-17T19:00:02.343750,-3.099903
1787011202375000000,2026-08-17T19:00:02.375000,-2.807917
1787011202406250000,2026-08-17T19:00:02.406250,-2.337899
1787011202437500000,2026-08-17T19:00:02.437500,-2.047860
1787011202468750000,2026-08-17T19:00:02.468750,-1.662627
1787011202500000000,2026-08-17T19:00:02.500000,-1.396750
1787011202531250000,2026-08-17T19:00:02.531250,-1.089064
1787011202562500000,2026-08-17T19:00:02.562500,-0.610584
1787011202593750000,2026-08-17T19:00:02.593750,-0.298779
1787011202625000000,2026-08-17T19:00:02.625000,-0.290317
1787011202656250000,2026-08-17T19:00:02.656250,0.102933
1787011202687500000,2026-08-17T19:00:02.687500,0.006235
1787011202718750000,2026-08-17T19:00:02.718750,0.248732
1787011202750000000,2026-08-17T19:00:02.750000,0.495014
1787011202781250000,2026-08-17T19:00:02.781250,0.824800
1787011202812500000,2026-08-17T19:00:02.812500,0.779764
1787011202843750000,2026-08-17T19:00:02.843750,1.163049
1787011202875000000,2026-08-17T19:00:02.875000,1.351825
1787011202906250000,2026-08-17T19:00:02.906250,1.471292
1787011202937500000,2026-08-17T19:00:02.937500,1.899724
1787011202968750000,2026-08-17T19:00:02.968750,2.364119
1787011203000000000,2026-08-17T19:00:03,2.679822
1787011203031250000,2026-08-17T19:00:03.031250,2.763660
1787011203062500000,2026-08-17T19:00:03.062500,2.532354
1787011203093750000,2026-08-17T19:00:03.093750,2.687449
1787011203125000000,2026-08-17T19:00:03.125000,2.788935
1787011203156250000,2026-08-17T19:00:03.156250,3.025252
1787011203187500000,2026-08-17T19:00:03.187500,3.104860
1787011203218750000,2026-08-17T19:00:03.218750,3.664116
1787011203250000000,2026-08-17T19:00:03.250000,3.614960
1787011203281250000,2026-08-17T19:00:03.281250,3.896647
1787011203312500000,2026-08-17T19:00:03.312500,3.801564
1787011203343750000,2026-08-17T19:00:03.343750,4.069501
1787011203375000000,2026-08-17T19:00:03.375000,4.333431
1787011203406250000,2026-08-17T19:00:03.406250,4.722004
1787011203437500000,2026-08-17T19:00:03.437500,4.543973
1787011203468750000,2026-08-17T19:00:03.468750,4.647519
1787011203500000000,2026-08-17T19:00:03.500000,4.824047
1787011203531250000,2026-08-17T19:00:03.531250,4.919353
1787011203562500000,2026-08-17T19:00:03.562500,5.012822
1787011203593750000,2026-08-17T19:00:03.593750,5.175600
1787011203625000000,2026-08-17T19:00:03.625000,5.157730
1787011203656250000,2026-08-17T19:00:03.656250,5.403566
1787011203687500000,2026-08-17T19:00:03.687500,5.389816
1787011203718750000,2026-08-17T19:00:03.718750,5.237226
1787011203750000000,2026-08-17T19:00:03.750000,5.469201
1787011203781250000,2026-08-17T19:00:03.781250,5.873696
1787011203812500000,2026-08-17T19:00:03.812500,5.677461
1787011203843750000,2026-08-17T19:00:03.843750,5.479277
1787011203875000000,2026-08-17T19:00:03.875000,5.616057
1787011203906250000,2026-08-17T19:00:03.906250,5.376177
1787011203937500000,2026-08-17T19:00:03.937500,4.773611
1787011203968750000,2026-08-17T19:00:03.968750,4.898700
1787011204000000000,2026-08-17T19:00:04,5.110745
1787011204031250000,2026-08-17T19:00:04.031250,4.989998
1787011204062500000,2026-08-17T19:00:04.062500,4.977973
1787011204093750000,2026-08-17T19:00:04.093750,4.977973
1787011204125000000,2026-08-17T19:00:04.125000,4.710370
1787011204156250000,2026-08-17T19:00:04.156250,4.787695
1787011204187500000,2026-08-17T19:00:04.187500,4.855055
1787011204218750000,2026-08-17T19:00:04.218750,4.989887
1787011204250000000,2026-08-17T19:00:04.250000,5.537007
1787011204281250000,2026-08-17T19:00:04.281250,5.772655
1787011204312500000,2026-08-17T19:00:04.312500,5.659591
1787011204343750000,2026-08-17T19:00:04.343750,5.748829
1787011204375000000,2026-08-17T19:00:04.375000,5.510897
1787011204406250000,2026-08-17T19:00:04.406250,5.298629
1787011204437500000,2026-08-17T19:00:04.437500,4.957821
1787011204468750000,2026-08-17T19:00:04.468750,5.205494
1787011204500000000,2026-08-17T19:00:04.500000,5.066543
1787011204531250000,2026-08-17T19:00:04.531250,5.173540
1787011204562500000,2026-08-17T19:00:04.562500,5.070440
1787011204593750000,2026-08-17T19:00:04.593750,5.288330
1787011204625000000,2026-08-17T19:00:04.625000,4.967229
1787011204656250000,2026-08-17T19:00:04.656250,4.731246
1787011204687500000,2026-08-17T19:00:04.687500,4.911559
1787011204718750000,2026-08-17T19:00:04.718750,4.986713
1787011204750000000,2026-08-17T19:00:04.750000,4.998403
1787011204781250000,2026-08-17T19:00:04.781250,4.970457
1787011204812500000,2026-08-17T19:00:04.812500,4.974354
1787011204843750000,2026-08-17T19:00:04.843750,4.623358
1787011204875000000,2026-08-17T19:00:04.875000,4.444993
1787011204906250000,2026-08-17T19:00:04.906250,4.064213
1787011204937500000,2026-08-17T19:00:04.937500,3.707149
1787011204968750000,2026-08-17T19:00:04.968750,3.752297
1787011205000000000,2026-08-17T19:00:05,3.690670
1787011205031250000,2026-08-17T19:00:05.031250,3.559513
1787011205062500000,2026-08-17T19:00:05.062500,3.543480
1787011205093750000,2026-08-17T19:00:05.093750,3.693787
1787011205125000000,2026-08-17T19:00:05.125000,3.564690
1787011205156250000,2026-08-17T19:00:05.156250,3.346131
1787011205187500000,2026-08-17T19:00:05.187500,2.935234
1787011205218750000,2026-08-17T19:00:05.218750,2.835697
1787011205250000000,2026-08-17T19:00:05.250000,2.916584
1787011205281250000,2026-08-17T19:00:05.281250,2.315409
1787011205312500000,2026-08-17T19:00:05.312500,2.025705
1787011205343750000,2026-08-17T19:00:05.343750,2.223554
1787011205375000000,2026-08-17T19:00:05.375000,2.034779
1787011205406250000,2026-08-17T19:00:05.406250,1.610131
1787011205437500000,2026-08-17T19:00:05.437500,1.950717
1787011205468750000,2026-08-17T19:00:05.468750,1.718297
1787011205500000000,2026-08-17T19:00:05.500000,1.238091
1787011205531250000,2026-08-17T19:00:05.531250,1.078876
1787011205562500000,2026-08-17T19:00:05.562500,0.792957
1787011205593750000,2026-08-17T19:00:05.593750,0.530754
1787011205625000000,2026-08-17T19:00:05.625000,0.288257
1787011205656250000,2026-08-17T19:00:05.656250,0.083671
1787011205687500000,2026-08-17T19:00:05.687500,-0.083337
1787011205718750000,2026-08-17T19:00:05.718750,-0.220786
1787011205750000000,2026-08-17T19:00:05.750000,-0.411621
1787011205781250000,2026-08-17T19:00:05.781250,-0.340698
1787011205812500000,2026-08-17T19:00:05.812500,-0.876573
1787011205843750000,2026-08-17T19:00:05.843750,-1.487713
1787011205875000000,2026-08-17T19:00:05.875000,-1.799407
1787011205906250000,2026-08-17T19:00:05.906250,-2.265862
1787011205937500000,2026-08-17T19:00:05.937500,-2.552004
1787011205968750000,2026-08-17T19:00:05.968750,-2.481415
1787011206000000000,2026-08-17T19:00:06,-2.416449
1787011206031250000,2026-08-17T19:00:06.031250,-2.712333
1787011206062500000,2026-08-17T19:00:06.062500,-2.601774
1787011206093750000,2026-08-17T19:00:06.093750,-2.925381
1787011206125000000,2026-08-17T19:00:06.125000,-3.270643
1787011206156250000,2026-08-17T19:00:06.156250,-3.600318
1787011206187500000,2026-08-17T19:00:06.187500,-4.048792
1787054400093750000,2026-08-18T07:00:00.093750,4.727766
1787054400125000000,2026-08-18T07:00:00.125000,4.763617
1787054400156250000,2026-08-18T07:00:00.156250,4.836934
1787054400187500000,2026-08-18T07:00:00.187500,4.759832
1787054400218750000,2026-08-18T07:00:00.218750,4.882750
1787054400250000000,2026-08-18T07:00:00.250000,5.108768
1787054400281250000,2026-08-18T07:00:00.281250,5.126750
1787054400312500000,2026-08-18T07:00:00.312500,5.271546
1787054400343750000,2026-08-18T07:00:00.343750,5.651991
1787054400375000000,2026-08-18T07:00:00.375000,5.578675
1787054400406250000,2026-08-18T07:00:00.406250,5.408215
1787054400437500000,2026-08-18T07:00:00.437500,5.112777
1787054400468750000,2026-08-18T07:00:00.468750,5.073251
1787054400500000000,2026-08-18T07:00:00.500000,4.776088
1787054400531250000,2026-08-18T07:00:00.531250,4.530363
1787054400562500000,2026-08-18T07:00:00.562500,4.411452
1787054400593750000,2026-08-18T07:00:00.593750,4.433442
1787054400625000000,2026-08-18T07:00:00.625000,4.637582
1787054400656250000,2026-08-18T07:00:00.656250,4.326557
1787054400687500000,2026-08-18T07:00:00.687500,4.485103
1787054400718750000,2026-08-18T07:00:00.718750,4.590040
1787054400750000000,2026-08-18T07:00:00.750000,4.667254
1787054400781250000,2026-08-18T07:00:00.781250,4.290705
1787054400812500000,2026-08-18T07:00:00.812500,4.645376
1787054400843750000,2026-08-18T07:00:00.843750,4.657289
1787054400875000000,2026-08-18T07:00:00.875000,4.798077
1787054400906250000,2026-08-18T07:00:00.906250,4.754544
1787054400937500000,2026-08-18T07:00:00.937500,4.762337
1787054400968750000,2026-08-18T07:00:00.968750,4.819844
1787054401000000000,2026-08-18T07:00:01,4.869334
1787054401031250000,2026-08-18T07:00:01.031250,4.700823
1787054401062500000,2026-08-18T07:00:01.062500,4.591655
1787054401093750000,2026-08-18T07:00:01.093750,4.813664
1787054401125000000,2026-08-18T07:00:01.125000,4.504253
1787054401156250000,2026-08-18T07:00:01.156250,4.317760
1787054401187500000,2026-08-18T07:00:01.187500,4.194842
1787054401218750000,2026-08-18T07:00:01.218750,4.511936
1787054401250000000,2026-08-18T07:00:01.250000,4.361071
1787054401281250000,2026-08-18T07:00:01.281250,4.063685
1787054401312500000,2026-08-18T07:00:01.312500,4.269662
1787054401343750000,2026-08-18T07:00:01.343750,4.400374
1787054401375000000,2026-08-18T07:00:01.375000,4.191891
1787054401406250000,2026-08-18T07:00:01.406250,4.060845
1787054401437500000,2026-08-18T07:00:01.437500,4.237039
1787054401468750000,2026-08-18T07:00:01.468750,4.125811
1787054401500000000,2026-08-18T07:00:01.500000,4.024437
1787054401531250000,2026-08-18T07:00:01.531250,4.058005
1787054401562500000,2026-08-18T07:00:01.562500,4.039913
1787054401593750000,2026-08-18T07:00:01.593750,4.073258
1787054401625000000,2026-08-18T07:00:01.625000,3.868896
1787054401656250000,2026-08-18T07:00:01.656250,3.474032
1787054401687500000,2026-08-18T07:00:01.687500,2.980187
1787054401718750000,2026-08-18T07:00:01.718750,2.912493
1787054401750000000,2026-08-18T07:00:01.750000,2.709967
1787054401781250000,2026-08-18T07:00:01.781250,2.483504
1787054401812500000,2026-08-18T07:00:01.812500,2.615941
1787054401843750000,2026-08-18T07:00:01.843750,2.326014
1787054401875000000,2026-08-18T07:00:01.875000,2.194745
1787054401906250000,2026-08-18T07:00:01.906250,1.837569
1787054401937500000,2026-08-18T07:00:01.937500,2.057297
1787054401968750000,2026-08-18T07:00:01.968750,2.110350
1787054402000000000,2026-08-18T07:00:02,2.161454
1787054402031250000,2026-08-18T07:00:02.031250,1.409748
1787054402062500000,2026-08-18T07:00:02.062500,1.333592
1787054402093750000,2026-08-18T07:00:02.093750,0.876990
1787054402125000000,2026-08-18T07:00:02.125000,0.263902
1787054402156250000,2026-08-18T07:00:02.156250,-0.216415
1787054402187500000,2026-08-18T07:00:02.187500,-0.419386
1787054402218750000,2026-08-18T07:00:02.218750,-0.707031
1787054402250000000,2026-08-18T07:00:02.250000,-0.899814
1787054402281250000,2026-08-18T07:00:02.281250,-1.229378
1787054402312500000,2026-08-18T07:00:02.312500,-1.414145
1787054402343750000,2026-08-18T07:00:02.343750,-1.325241
1787054402375000000,2026-08-18T07:00:02.375000,-1.526042
1787054402406250000,2026-08-18T07:00:02.406250,-2.049669
1787054402437500000,2026-08-18T07:00:02.437500,-2.177041
1787054402468750000,2026-08-18T07:00:02.468750,-2.136013
1787054402500000000,2026-08-18T07:00:02.500000,-2.388363
1787054402531250000,2026-08-18T07:00:02.531250,-2.787458
1787054402562500000,2026-08-18T07:00:02.562500,-2.855710
1787054402593750000,2026-08-18T07:00:02.593750,-3.185162
1787054402625000000,2026-08-18T07:00:02.625000,-3.619774
1787054402656250000,2026-08-18T07:00:02.656250,-3.854254
1787054402687500000,2026-08-18T07:00:02.687500,-3.769581
1787054402718750000,2026-08-18T07:00:02.718750,-3.958245
1787054402750000000,2026-08-18T07:00:02.750000,-3.990534
1787054402781250000,2026-08-18T07:00:02.781250,-3.959248
1787054402812500000,2026-08-18T07:00:02.812500,-4.122137
1787054402843750000,2026-08-18T07:00:02.843750,-4.320655
1787054402875000000,2026-08-18T07:00:02.875000,-4.449752
1787054402906250000,2026-08-18T07:00:02.906250,-4.689855
1787054402937500000,2026-08-18T07:00:02.937500,-4.779316
1787054402968750000,2026-08-18T07:00:02.968750,-4.601174
1787054403000000000,2026-08-18T07:00:03,-4.551795
1787054403031250000,2026-08-18T07:00:03.031250,-4.555915
1787054403062500000,2026-08-18T07:00:03.062500,-4.676996
1787054403093750000,2026-08-18T07:00:03.093750,-4.792121
1787054403125000000,2026-08-18T07:00:03.125000,-5.069577
1787054403156250000,2026-08-18T07:00:03.156250,-5.438221
1787054403187500000,2026-08-18T07:00:03.187500,-5.507863
1787054403218750000,2026-08-18T07:00:03.218750,-5.510035
1787054403250000000,2026-08-18T07:00:03.250000,-5.573498
1787054403281250000,2026-08-18T07:00:03.281250,-5.401089
1787054403312500000,2026-08-18T07:00:03.312500,-5.264309
1787054403343750000,2026-08-18T07:00:03.343750,-5.583240
1787054403375000000,2026-08-18T07:00:03.375000,-5.533416
1787054403406250000,2026-08-18T07:00:03.406250,-5.551285
1787054403437500000,2026-08-18T07:00:03.437500,-5.620483
1787054403468750000,2026-08-18T07:00:03.468750,-5.651991
1787054403500000000,2026-08-18T07:00:03.500000,-5.150131
1787054403531250000,2026-08-18T07:00:03.531250,-4.967535
1787054403562500000,2026-08-18T07:00:03.562500,-4.741071
1787054403593750000,2026-08-18T07:00:03.593750,-4.538656
1787054403625000000,2026-08-18T07:00:03.625000,-4.336131
1787054403656250000,2026-08-18T07:00:03.656250,-4.504419
1787054403687500000,2026-08-18T07:00:03.687500,-4.182761
1787054403718750000,2026-08-18T07:00:03.718750,-4.210150
1787054403750000000,2026-08-18T07:00:03.750000,-4.104656
1787054403781250000,2026-08-18T07:00:03.781250,-3.812892
1787054403812500000,2026-08-18T07:00:03.812500,-3.725045
1787054403843750000,2026-08-18T07:00:03.843750,-3.482994
1787054403875000000,2026-08-18T07:00:03.875000,-3.036580
1787054403906250000,2026-08-18T07:00:03.906250,-2.780333
1787054403937500000,2026-08-18T07:00:03.937500,-2.623178
1787054403968750000,2026-08-18T07:00:03.968750,-2.103224
1787054404000000000,2026-08-18T07:00:04,-2.033025
1787054404031250000,2026-08-18T07:00:04.031250,-2.111741
1787054404062500000,2026-08-18T07:00:04.062500,-2.220018
1787054404093750000,2026-08-18T07:00:04.093750,-1.818974
1787054404125000000,2026-08-18T07:00:04.125000,-2.074219
1787054404156250000,2026-08-18T07:00:04.156250,-1.659648
1787054404187500000,2026-08-18T07:00:04.187500,-0.965226
1787054404218750000,2026-08-18T07:00:04.218750,-0.598197
1787054404250000000,2026-08-18T07:00:04.250000,-0.514470
1787054404281250000,2026-08-18T07:00:04.281250,0.269079
1787054404312500000,2026-08-18T07:00:04.312500,0.125062
1787054404343750000,2026-08-18T07:00:04.343750,0.040389
1787054404375000000,2026-08-18T07:00:04.375000,0.599979
1787054404406250000,2026-08-18T07:00:04.406250,1.101951
1787054404437500000,2026-08-18T07:00:04.437500,1.284770
1787054404468750000,2026-08-18T07:00:04.468750,1.777000
1787054404500000000,2026-08-18T07:00:04.500000,2.122374
1787054404531250000,2026-08-18T07:00:04.531250,2.247798
1787054404562500000,2026-08-18T07:00:04.562500,2.369213
1787054404593750000,2026-08-18T07:00:04.593750,2.373667
1787054404625000000,2026-08-18T07:00:04.625000,2.778385
1787054404656250000,2026-08-18T07:00:04.656250,2.885938
1787054404687500000,2026-08-18T07:00:04.687500,3.046768
1787054404718750000,2026-08-18T07:00:04.718750,2.835168
1787054404750000000,2026-08-18T07:00:04.750000,3.273454
1787054404781250000,2026-08-18T07:00:04.781250,3.228084
1787054404812500000,2026-08-18T07:00:04.812500,3.583422
1787054404843750000,2026-08-18T07:00:04.843750,3.629573
1787054404875000000,2026-08-18T07:00:04.875000,4.034290
1787054404906250000,2026-08-18T07:00:04.906250,4.157654
1787054404937500000,2026-08-18T07:00:04.937500,4.152366
1787054404968750000,2026-08-18T07:00:04.968750,3.954294
1787054405000000000,2026-08-18T07:00:05,4.077324
1787054405031250000,2026-08-18T07:00:05.031250,4.133105
1787054405062500000,2026-08-18T07:00:05.062500,3.974781
1787054405093750000,2026-08-18T07:00:05.093750,3.909369
1787054405125000000,2026-08-18T07:00:05.125000,4.006512
1787054405156250000,2026-08-18T07:00:05.156250,3.962979
1787054405187500000,2026-08-18T07:00:05.187500,4.141232
1787054405218750000,2026-08-18T07:00:05.218750,4.579296
1787054405250000000,2026-08-18T07:00:05.250000,4.722032
1787054405281250000,2026-08-18T07:00:05.281250,4.843225
1787054405312500000,2026-08-18T07:00:05.312500,5.257573
1787054405343750000,2026-08-18T07:00:05.343750,5.198341
1787054405375000000,2026-08-18T07:00:05.375000,5.067517
1787054405406250000,2026-08-18T07:00:05.406250,5.305449
1787054405437500000,2026-08-18T07:00:05.437500,5.378766
1787054405468750000,2026-08-18T07:00:05.468750,5.365015
1787054405500000000,2026-08-18T07:00:05.500000,5.228347
1787054405531250000,2026-08-18T07:00:05.531250,4.992587
1787054405562500000,2026-08-18T07:00:05.562500,4.802308
1787054405593750000,2026-08-18T07:00:05.593750,4.802197
1787054405625000000,2026-08-18T07:00:05.625000,4.619712
1787054405656250000,2026-08-18T07:00:05.656250,4.772191
1787054405687500000,2026-08-18T07:00:05.687500,4.859369
1787054405718750000,2026-08-18T07:00:05.718750,4.912756
1787054405750000000,2026-08-18T07:00:05.750000,4.831534
1787054405781250000,2026-08-18T07:00:05.781250,4.877239
1787054405812500000,2026-08-18T07:00:05.812500,4.754321
1787054405843750000,2026-08-18T07:00:05.843750,4.926841
1787054405875000000,2026-08-18T07:00:05.875000,5.055716
1787054405906250000,2026-08-18T07:00:05.906250,5.099360
1787054405937500000,2026-08-18T07:00:05.937500,4.833706
1787054405968750000,2026-08-18T07:00:05.968750,5.158816
1787054406000000000,2026-08-18T07:00:06,4.982287
1787054406031250000,2026-08-18T07:00:06.031250,4.972323
1787054406062500000,2026-08-18T07:00:06.062500,5.073363
1787054406093750000,2026-08-18T07:00:06.093750,4.964083
1787054406125000000,2026-08-18T07:00:06.125000,4.514218
1787054406156250000,2026-08-18T07:00:06.156250,4.529917
1787054406187500000,2026-08-18T07:00:06.187500,4.236539
1787097600093750000,2026-08-18T19:00:00.093750,-0.662077
1787097600125000000,2026-08-18T19:00:00.125000,-0.515333
1787097600156250000,2026-08-18T19:00:00.156250,-0.562874
1787097600187500000,2026-08-18T19:00:00.187500,-0.509264
1787097600218750000,2026-08-18T19:00:00.218750,-0.743076
1787097600250000000,2026-08-18T19:00:00.250000,-0.816282
1787097600281250000,2026-08-18T19:00:00.281250,-0.814333
1787097600312500000,2026-08-18T19:00:00.312500,-0.691526
1787097600343750000,2026-08-18T19:00:00.343750,-0.723258
1787097600375000000,2026-08-18T19:00:00.375000,-0.429991
1787097600406250000,2026-08-18T19:00:00.406250,-0.325054
1787097600437500000,2026-08-18T19:00:00.437500,-0.093191
1787097600468750000,2026-08-18T19:00:00.468750,-0.130990
1787097600500000000,2026-08-18T19:00:00.500000,-0.287589
1787097600531250000,2026-08-18T19:00:00.531250,0.047486
1787097600562500000,2026-08-18T19:00:00.562500,0.146689
1787097600593750000,2026-08-18T19:00:00.593750,-0.073261
1787097600625000000,2026-08-18T19:00:00.625000,-0.005678
1787097600656250000,2026-08-18T19:00:00.656250,-0.011746
1787097600687500000,2026-08-18T19:00:00.687500,-0.541107
1787097600718750000,2026-08-18T19:00:00.718750,-0.715687
1787097600750000000,2026-08-18T19:00:00.750000,-0.771134
1787097600781250000,2026-08-18T19:00:00.781250,-1.062564
1787097600812500000,2026-08-18T19:00:00.812500,-0.672042
1787097600843750000,2026-08-18T19:00:00.843750,-0.491617
1787097600875000000,2026-08-18T19:00:00.875000,-0.144741
1787097600906250000,2026-08-18T19:00:00.906250,0.093079
1787097600937500000,2026-08-18T19:00:00.937500,0.122751
1787097600968750000,2026-08-18T19:00:00.968750,-0.008072
1787097601000000000,2026-08-18T19:00:01,-0.245892
1787097601031250000,2026-08-18T19:00:01.031250,-0.570891
1787097601062500000,2026-08-18T19:00:01.062500,-0.818676
1787097601093750000,2026-08-18T19:00:01.093750,-0.507427
1787097601125000000,2026-08-18T19:00:01.125000,-0.590709
1787097601156250000,2026-08-18T19:00:01.156250,-0.428154
1787097601187500000,2026-08-18T19:00:01.187500,-0.293545
1787097601218750000,2026-08-18T19:00:01.218750,0.009686
1787097601250000000,2026-08-18T19:00:01.250000,0.017591
1787097601281250000,2026-08-18T19:00:01.281250,0.067082
1787097601312500000,2026-08-18T19:00:01.312500,0.033402
1787097601343750000,2026-08-18T19:00:01.343750,0.251626
1787097601375000000,2026-08-18T19:00:01.375000,0.196179
1787097601406250000,2026-08-18T19:00:01.406250,-0.115069
1787097601437500000,2026-08-18T19:00:01.437500,-0.115069
1787097601468750000,2026-08-18T19:00:01.468750,-0.103267
1787097601500000000,2026-08-18T19:00:01.500000,-0.513607
1787097601531250000,2026-08-18T19:00:01.531250,-0.971488
1787097601562500000,2026-08-18T19:00:01.562500,-0.866217
1787097601593750000,2026-08-18T19:00:01.593750,-0.971154
1787097601625000000,2026-08-18T19:00:01.625000,-0.901734
1787097601656250000,2026-08-18T19:00:01.656250,-0.784661
1787097601687500000,2026-08-18T19:00:01.687500,-0.251515
1787097601718750000,2026-08-18T19:00:01.718750,-0.198128
1787097601750000000,2026-08-18T19:00:01.750000,0.006012
1787097601781250000,2026-08-18T19:00:01.781250,0.031787
1787097601812500000,2026-08-18T19:00:01.812500,0.305236
1787097601843750000,2026-08-18T19:00:01.843750,0.172464
1787097601875000000,2026-08-18T19:00:01.875000,0.303176
1787097601906250000,2026-08-18T19:00:01.906250,0.152534
1787097601937500000,2026-08-18T19:00:01.937500,0.075209
1787097601968750000,2026-08-18T19:00:01.968750,0.009798
1787097602000000000,2026-08-18T19:00:02,-0.144852
1787097602031250000,2026-08-18T19:00:02.031250,-0.386458
1787097602062500000,2026-08-18T19:00:02.062500,-0.491506
1787097602093750000,2026-08-18T19:00:02.093750,-0.428043
1787097602125000000,2026-08-18T19:00:02.125000,-0.418301
1787097602156250000,2026-08-18T19:00:02.156250,-0.251626
1787097602187500000,2026-08-18T19:00:02.187500,-0.029616
1787097602218750000,2026-08-18T19:00:02.218750,0.138895
1787097602250000000,2026-08-18T19:00:02.250000,0.259865
1787097602281250000,2026-08-18T19:00:02.281250,0.069698
1787097602312500000,2026-08-18T19:00:02.312500,0.035907
1787097602343750000,2026-08-18T19:00:02.343750,0.279684
1787097602375000000,2026-08-18T19:00:02.375000,0.358957
1787097602406250000,2026-08-18T19:00:02.406250,0.162722
1787097602437500000,2026-08-18T19:00:02.437500,0.010132
1787097602468750000,2026-08-18T19:00:02.468750,-0.150586
1787097602500000000,2026-08-18T19:00:02.500000,-0.378664
1787097602531250000,2026-08-18T19:00:02.531250,-0.416352
1787097602562500000,2026-08-18T19:00:02.562500,-0.204307
1787097602593750000,2026-08-18T19:00:02.593750,0.071201
1787097602625000000,2026-08-18T19:00:02.625000,0.057339
1787097602656250000,2026-08-18T19:00:02.656250,-0.077381
1787097602687500000,2026-08-18T19:00:02.687500,0.148638
1787097602718750000,2026-08-18T19:00:02.718750,-0.196291
1787097602750000000,2026-08-18T19:00:02.750000,-0.642259
1787097602781250000,2026-08-18T19:00:02.781250,-0.604571
1787097602812500000,2026-08-18T19:00:02.812500,-0.588761
1787097602843750000,2026-08-18T19:00:02.843750,-0.806874
1787097602875000000,2026-08-18T19:00:02.875000,-0.656232
1787097602906250000,2026-08-18T19:00:02.906250,-0.194454
1787097602937500000,2026-08-18T19:00:02.937500,0.059399
1787097602968750000,2026-08-18T19:00:02.968750,0.224014
1787097603000000000,2026-08-18T19:00:03,0.386569
1787097603031250000,2026-08-18T19:00:03.031250,0.337079
1787097603062500000,2026-08-18T19:00:03.062500,0.466065
1787097603093750000,2026-08-18T19:00:03.093750,0.202247
1787097603125000000,2026-08-18T19:00:03.125000,-0.172576
1787097603156250000,2026-08-18T19:00:03.156250,-0.612587
1787097603187500000,2026-08-18T19:00:03.187500,-0.642482
1787097603218750000,2026-08-18T19:00:03.218750,-0.860595
1787097603250000000,2026-08-18T19:00:03.250000,-0.763340
1787097603281250000,2026-08-18T19:00:03.281250,-0.231919
1787097603312500000,2026-08-18T19:00:03.312500,-0.257694
1787097603343750000,2026-08-18T19:00:03.343750,-0.148415
1787097603375000000,2026-08-18T19:00:03.375000,-0.249566
1787097603406250000,2026-08-18T19:00:03.406250,-0.087011
1787097603437500000,2026-08-18T19:00:03.437500,-0.277512
1787097603468750000,2026-08-18T19:00:03.468750,0.275564
1787097603500000000,2026-08-18T19:00:03.500000,0.106941
1787097603531250000,2026-08-18T19:00:03.531250,0.186326
1787097603562500000,2026-08-18T19:00:03.562500,0.224014
1787097603593750000,2026-08-18T19:00:03.593750,0.287589
1787097603625000000,2026-08-18T19:00:03.625000,-0.200076
1787097603656250000,2026-08-18T19:00:03.656250,0.257806
1787097603687500000,2026-08-18T19:00:03.687500,0.665974
1787097603718750000,2026-08-18T19:00:03.718750,0.893829
1787097603750000000,2026-08-18T19:00:03.750000,0.721532
1787097603781250000,2026-08-18T19:00:03.781250,1.040686
1787097603812500000,2026-08-18T19:00:03.812500,1.062564
1787097603843750000,2026-08-18T19:00:03.843750,0.719695
1787097603875000000,2026-08-18T19:00:03.875000,0.598837
1787097603906250000,2026-08-18T19:00:03.906250,0.765177
1787097603937500000,2026-08-18T19:00:03.937500,0.513384
1787097603968750000,2026-08-18T19:00:03.968750,0.083114
1787097604000000000,2026-08-18T19:00:04,0.099036
1787097604031250000,2026-08-18T19:00:04.031250,-0.224125
1787097604062500000,2026-08-18T19:00:04.062500,-0.166619
1787097604093750000,2026-08-18T19:00:04.093750,0.003841
1787097604125000000,2026-08-18T19:00:04.125000,0.186214
1787097604156250000,2026-08-18T19:00:04.156250,-0.077381
1787097604187500000,2026-08-18T19:00:04.187500,-0.023771
1787097604218750000,2026-08-18T19:00:04.218750,-0.263651
1787097604250000000,2026-08-18T19:00:04.250000,-0.346821
1787097604281250000,2026-08-18T19:00:04.281250,-0.336856
1787097604312500000,2026-08-18T19:00:04.312500,-0.128708
1787097604343750000,2026-08-18T19:00:04.343750,-0.283358
1787097604375000000,2026-08-18T19:00:04.375000,-0.368588
1787097604406250000,2026-08-18T19:00:04.406250,-0.642148
1787097604437500000,2026-08-18T19:00:04.437500,-0.961301
1787097604468750000,2026-08-18T19:00:04.468750,-0.919716
1787097604500000000,2026-08-18T19:00:04.500000,-0.897838
1787097604531250000,2026-08-18T19:00:04.531250,-0.665863
1787097604562500000,2026-08-18T19:00:04.562500,-0.400208
1787097604593750000,2026-08-18T19:00:04.593750,-0.251626
1787097604625000000,2026-08-18T19:00:04.625000,-0.420138
1787097604656250000,2026-08-18T19:00:04.656250,-0.539159
1787097604687500000,2026-08-18T19:00:04.687500,-0.616484
1787097604718750000,2026-08-18T19:00:04.718750,-0.749367
1787097604750000000,2026-08-18T19:00:04.750000,-0.414181
1787097604781250000,2026-08-18T19:00:04.781250,-0.360460
1787097604812500000,2026-08-18T19:00:04.812500,-0.173967
1787097604843750000,2026-08-18T19:00:04.843750,-0.326446
1787097604875000000,2026-08-18T19:00:04.875000,-0.415684
1787097604906250000,2026-08-18T19:00:04.906250,-0.778482
1787097604937500000,2026-08-18T19:00:04.937500,-0.526912
1787097604968750000,2026-08-18T19:00:04.968750,-0.330677
1787097605000000000,2026-08-18T19:00:05,-0.108778
1787097605031250000,2026-08-18T19:00:05.031250,0.234202
1787097605062500000,2026-08-18T19:00:05.062500,0.210487
1787097605093750000,2026-08-18T19:00:05.093750,-0.189888
1787097605125000000,2026-08-18T19:00:05.125000,-0.421863
1787097605156250000,2026-08-18T19:00:05.156250,-0.372373
1787097605187500000,2026-08-18T19:00:05.187500,-0.473413
1787097605218750000,2026-08-18T19:00:05.218750,-0.418078
1787097605250000000,2026-08-18T19:00:05.250000,-0.374544
1787097605281250000,2026-08-18T19:00:05.281250,-0.158602
1787097605312500000,2026-08-18T19:00:05.312500,-0.113009
1787097605343750000,2026-08-18T19:00:05.343750,-0.331122
1787097605375000000,2026-08-18T19:00:05.375000,-0.303399
1787097605406250000,2026-08-18T19:00:05.406250,0.083114
1787097605437500000,2026-08-18T19:00:05.437500,-0.016089
1787097605468750000,2026-08-18T19:00:05.468750,-0.596888
1787097605500000000,2026-08-18T19:00:05.500000,-0.218392
1787097605531250000,2026-08-18T19:00:05.531250,0.003730
1787097605562500000,2026-08-18T19:00:05.562500,-0.178532
1787097605593750000,2026-08-18T19:00:05.593750,-0.202247
1787097605625000000,2026-08-18T19:00:05.625000,-0.029839
1787097605656250000,2026-08-18T19:00:05.656250,-0.265711
1787097605687500000,2026-08-18T19:00:05.687500,-0.271779
1787097605718750000,2026-08-18T19:00:05.718750,-0.501805
1787097605750000000,2026-08-18T19:00:05.750000,-0.515667
1787097605781250000,2026-08-18T19:00:05.781250,-0.194454
1787097605812500000,2026-08-18T19:00:05.812500,-0.010021
1787097605843750000,2026-08-18T19:00:05.843750,-0.017703
1787097605875000000,2026-08-18T19:00:05.875000,0.668257
1787097605906250000,2026-08-18T19:00:05.906250,0.507650
1787097605937500000,2026-08-18T19:00:05.937500,0.360905
1787097605968750000,2026-08-18T19:00:05.968750,0.374879
1787097606000000000,2026-08-18T19:00:06,-0.081277
1787097606031250000,2026-08-18T19:00:06.031250,-0.588872
1787097606062500000,2026-08-18T19:00:06.062500,-0.350829
1787097606093750000,2026-08-18T19:00:06.093750,-0.146578
1787097606125000000,2026-08-18T19:00:06.125000,-0.212101
1787097606156250000,2026-08-18T19:00:06.156250,0.239824
1787097606187500000,2026-08-18T19:00:06.187500,0.239936
1787140800093750000,2026-08-19T07:00:00.093750,0.301533
1787140800125000000,2026-08-19T07:00:00.125000,0.144935
1787140800156250000,2026-08-19T07:00:00.156250,-0.152229
1787140800187500000,2026-08-19T07:00:00.187500,-0.037327
1787140800218750000,2026-08-19T07:00:00.218750,-0.223597
1787140800250000000,2026-08-19T07:00:00.250000,-0.144101
1787140800281250000,2026-08-19T07:00:00.281250,0.111589
1787140800312500000,2026-08-19T07:00:00.312500,0.428905
1787140800343750000,2026-08-19T07:00:00.343750,0.199102
1787140800375000000,2026-08-19T07:00:00.375000,0.240687
1787140800406250000,2026-08-19T07:00:00.406250,0.048349
1787140800437500000,2026-08-19T07:00:00.437500,-0.062656
1787140800468750000,2026-08-19T07:00:00.468750,-0.254994
1787140800500000000,2026-08-19T07:00:00.500000,-0.179618
1787140800531250000,2026-08-19T07:00:00.531250,-0.353975
1787140800562500000,2026-08-19T07:00:00.562500,-0.223151
1787140800593750000,2026-08-19T07:00:00.593750,-0.248815
1787140800625000000,2026-08-19T07:00:00.625000,-0.127956
1787140800656250000,2026-08-19T07:00:00.656250,-0.167593
1787140800687500000,2026-08-19T07:00:00.687500,0.016617
1787140800718750000,2026-08-19T07:00:00.718750,-0.016951
1787140800750000000,2026-08-19T07:00:00.750000,0.012832
1787140800781250000,2026-08-19T07:00:00.781250,0.161525
1787140800812500000,2026-08-19T07:00:00.812500,0.129682
1787140800843750000,2026-08-19T07:00:00.843750,0.104018
1787140800875000000,2026-08-19T07:00:00.875000,0.302202
1787140800906250000,2026-08-19T07:00:00.906250,0.105855
1787140800937500000,2026-08-19T07:00:00.937500,-0.080526
1787140800968750000,2026-08-19T07:00:00.968750,0.161302
1787140801000000000,2026-08-19T07:00:01,0.054194
1787140801031250000,2026-08-19T07:00:01.031250,-0.237236
1787140801062500000,2026-08-19T07:00:01.062500,0.042281
1787140801093750000,2026-08-19T07:00:01.093750,-0.068613
1787140801125000000,2026-08-19T07:00:01.125000,-0.207341
1787140801156250000,2026-08-19T07:00:01.156250,-0.112146
1787140801187500000,2026-08-19T07:00:01.187500,0.109975
1787140801218750000,2026-08-19T07:00:01.218750,0.165422
1787140801250000000,2026-08-19T07:00:01.250000,0.161302
1787140801281250000,2026-08-19T07:00:01.281250,0.177335
1787140801312500000,2026-08-19T07:00:01.312500,0.070227
1787140801343750000,2026-08-19T07:00:01.343750,0.266351
1787140801375000000,2026-08-19T07:00:01.375000,0.177112
1787140801406250000,2026-08-19T07:00:01.406250,0.335770
1787140801437500000,2026-08-19T07:00:01.437500,0.359486
1787140801468750000,2026-08-19T07:00:01.468750,0.365442
1787140801500000000,2026-08-19T07:00:01.500000,0.230834
1787140801531250000,2026-08-19T07:00:01.531250,0.086260
1787140801562500000,2026-08-19T07:00:01.562500,-0.026693
1787140801593750000,2026-08-19T07:00:01.593750,-0.117992
1787140801625000000,2026-08-19T07:00:01.625000,-0.094165
1787140801656250000,2026-08-19T07:00:01.656250,-0.356034
1787140801687500000,2026-08-19T07:00:01.687500,-0.066664
1787140801718750000,2026-08-19T07:00:01.718750,0.359486
1787140801750000000,2026-08-19T07:00:01.750000,0.212852
1787140801781250000,2026-08-19T07:00:01.781250,0.204836
1787140801812500000,2026-08-19T07:00:01.812500,0.256274
1787140801843750000,2026-08-19T07:00:01.843750,0.143209
1787140801875000000,2026-08-19T07:00:01.875000,-0.066887
1787140801906250000,2026-08-19T07:00:01.906250,-0.013389
1787140801937500000,2026-08-19T07:00:01.937500,0.099787
1787140801968750000,2026-08-19T07:00:01.968750,-0.009046
1787140802000000000,2026-08-19T07:00:02,-0.163585
1787140802031250000,2026-08-19T07:00:02.031250,-0.441264
1787140802062500000,2026-08-19T07:00:02.062500,-0.607716
1787140802093750000,2026-08-19T07:00:02.093750,-0.393834
1787140802125000000,2026-08-19T07:00:02.125000,-0.371956
1787140802156250000,2026-08-19T07:00:02.156250,-0.700963
1787140802187500000,2026-08-19T07:00:02.187500,-0.544142
1787140802218750000,2026-08-19T07:00:02.218750,-0.284555
1787140802250000000,2026-08-19T07:00:02.250000,-0.728463
1787140802281250000,2026-08-19T07:00:02.281250,-0.591795
1787140802312500000,2026-08-19T07:00:02.312500,-0.225100
1787140802343750000,2026-08-19T07:00:02.343750,-0.359931
1787140802375000000,2026-08-19T07:00:02.375000,-0.552047
1787140802406250000,2026-08-19T07:00:02.406250,-0.460971
1787140802437500000,2026-08-19T07:00:02.437500,-0.677136
1787140802468750000,2026-08-19T07:00:02.468750,-0.496711
1787140802500000000,2026-08-19T07:00:02.500000,-0.209290
1787140802531250000,2026-08-19T07:00:02.531250,0.028419
1787140802562500000,2026-08-19T07:00:02.562500,-0.066553
1787140802593750000,2026-08-19T07:00:02.593750,0.197265
1787140802625000000,2026-08-19T07:00:02.625000,0.163473
1787140802656250000,2026-08-19T07:00:02.656250,-0.018900
1787140802687500000,2026-08-19T07:00:02.687500,-0.123837
1787140802718750000,2026-08-19T07:00:02.718750,0.226937
1787140802750000000,2026-08-19T07:00:02.750000,0.163362
1787140802781250000,2026-08-19T07:00:02.781250,0.102070
1787140802812500000,2026-08-19T07:00:02.812500,0.308270
1787140802843750000,2026-08-19T07:00:02.843750,0.302313
1787140802875000000,2026-08-19T07:00:02.875000,0.135750
1787140802906250000,2026-08-19T07:00:02.906250,0.030813
1787140802937500000,2026-08-19T07:00:02.937500,0.002867
1787140802968750000,2026-08-19T07:00:02.968750,0.066107
1787140803000000000,2026-08-19T07:00:03,0.109641
1787140803031250000,2026-08-19T07:00:03.031250,-0.098396
1787140803062500000,2026-08-19T07:00:03.062500,-0.049017
1787140803093750000,2026-08-19T07:00:03.093750,-0.247089
1787140803125000000,2026-08-19T07:00:03.125000,-0.147886
1787140803156250000,2026-08-19T07:00:03.156250,-0.316286
1787140803187500000,2026-08-19T07:00:03.187500,-0.128068
1787140803218750000,2026-08-19T07:00:03.218750,0.153397
1787140803250000000,2026-08-19T07:00:03.250000,0.333822
1787140803281250000,2026-08-19T07:00:03.281250,0.202887
1787140803312500000,2026-08-19T07:00:03.312500,0.305876
1787140803343750000,2026-08-19T07:00:03.343750,0.103796
1787140803375000000,2026-08-19T07:00:03.375000,0.121777
1787140803406250000,2026-08-19T07:00:03.406250,0.185129
1787140803437500000,2026-08-19T07:00:03.437500,0.066330
1787140803468750000,2026-08-19T07:00:03.468750,0.052580
1787140803500000000,2026-08-19T07:00:03.500000,0.425120
1787140803531250000,2026-08-19T07:00:03.531250,0.512410
1787140803562500000,2026-08-19T07:00:03.562500,0.492703
1787140803593750000,2026-08-19T07:00:03.593750,0.466928
1787140803625000000,2026-08-19T07:00:03.625000,0.815864
1787140803656250000,2026-08-19T07:00:03.656250,0.663163
1787140803687500000,2026-08-19T07:00:03.687500,0.480678
1787140803718750000,2026-08-19T07:00:03.718750,0.387320
1787140803750000000,2026-08-19T07:00:03.750000,0.424897
1787140803781250000,2026-08-19T07:00:03.781250,0.258334
1787140803812500000,2026-08-19T07:00:03.812500,0.212741
1787140803843750000,2026-08-19T07:00:03.843750,0.113649
1787140803875000000,2026-08-19T07:00:03.875000,-0.056699
1787140803906250000,2026-08-19T07:00:03.906250,-0.179506
1787140803937500000,2026-08-19T07:00:03.937500,-0.278821
1787140803968750000,2026-08-19T07:00:03.968750,-0.288563
1787140804000000000,2026-08-19T07:00:04,-0.419386
1787140804031250000,2026-08-19T07:00:04.031250,-0.381809
1787140804062500000,2026-08-19T07:00:04.062500,-0.367836
1787140804093750000,2026-08-19T07:00:04.093750,-0.498437
1787140804125000000,2026-08-19T07:00:04.125000,-0.542082
1787140804156250000,2026-08-19T07:00:04.156250,-0.593632
1787140804187500000,2026-08-19T07:00:04.187500,-0.547927
1787140804218750000,2026-08-19T07:00:04.218750,-0.597528
1787140804250000000,2026-08-19T07:00:04.250000,-0.563960
1787140804281250000,2026-08-19T07:00:04.281250,-0.462697
1787140804312500000,2026-08-19T07:00:04.312500,-0.359597
1787140804343750000,2026-08-19T07:00:04.343750,-0.440930
1787140804375000000,2026-08-19T07:00:04.375000,-0.324191
1787140804406250000,2026-08-19T07:00:04.406250,-0.143767
1787140804437500000,2026-08-19T07:00:04.437500,-0.405636
1787140804468750000,2026-08-19T07:00:04.468750,-0.427403
1787140804500000000,2026-08-19T07:00:04.500000,-0.211349
1787140804531250000,2026-08-19T07:00:04.531250,-0.201385
1787140804562500000,2026-08-19T07:00:04.562500,-0.474944
1787140804593750000,2026-08-19T07:00:04.593750,-0.233116
1787140804625000000,2026-08-19T07:00:04.625000,-0.064605
1787140804656250000,2026-08-19T07:00:04.656250,-0.100344
1787140804687500000,2026-08-19T07:00:04.687500,-0.080526
1787140804718750000,2026-08-19T07:00:04.718750,-0.056811
1787140804750000000,2026-08-19T07:00:04.750000,0.099899
1787140804781250000,2026-08-19T07:00:04.781250,-0.245029
1787140804812500000,2026-08-19T07:00:04.812500,-0.463143
1787140804843750000,2026-08-19T07:00:04.843750,-0.393723
1787140804875000000,2026-08-19T07:00:04.875000,-0.094388
1787140804906250000,2026-08-19T07:00:04.906250,-0.455237
1787140804937500000,2026-08-19T07:00:04.937500,-0.084757
1787140804968750000,2026-08-19T07:00:04.968750,0.123391
1787140805000000000,2026-08-19T07:00:05,-0.165756
1787140805031250000,2026-08-19T07:00:05.031250,-0.258891
1787140805062500000,2026-08-19T07:00:05.062500,0.072064
1787140805093750000,2026-08-19T07:00:05.093750,-0.110198
1787140805125000000,2026-08-19T07:00:05.125000,-0.017063
1787140805156250000,2026-08-19T07:00:05.156250,0.119494
1787140805187500000,2026-08-19T07:00:05.187500,0.410813
1787140805218750000,2026-08-19T07:00:05.218750,0.422837
1787140805250000000,2026-08-19T07:00:05.250000,0.321797
1787140805281250000,2026-08-19T07:00:05.281250,0.169319
1787140805312500000,2026-08-19T07:00:05.312500,0.256608
1787140805343750000,2026-08-19T07:00:05.343750,-0.161414
1787140805375000000,2026-08-19T07:00:05.375000,-0.254660
1787140805406250000,2026-08-19T07:00:05.406250,-0.058314
1787140805437500000,2026-08-19T07:00:05.437500,-0.193145
1787140805468750000,2026-08-19T07:00:05.468750,-0.381475
1787140805500000000,2026-08-19T07:00:05.500000,-0.238850
1787140805531250000,2026-08-19T07:00:05.531250,-0.102070
1787140805562500000,2026-08-19T07:00:05.562500,-0.052691
1787140805593750000,2026-08-19T07:00:05.593750,0.145604
1787140805625000000,2026-08-19T07:00:05.625000,0.099899
1787140805656250000,2026-08-19T07:00:05.656250,0.139535
1787140805687500000,2026-08-19T07:00:05.687500,0.089934
1787140805718750000,2026-08-19T07:00:05.718750,0.085926
1787140805750000000,2026-08-19T07:00:05.750000,0.292014
1787140805781250000,2026-08-19T07:00:05.781250,0.276204
1787140805812500000,2026-08-19T07:00:05.812500,0.022351
1787140805843750000,2026-08-19T07:00:05.843750,-0.118214
1787140805875000000,2026-08-19T07:00:05.875000,-0.005150
1787140805906250000,2026-08-19T07:00:05.906250,-0.242970
1787140805937500000,2026-08-19T07:00:05.937500,-0.365776
1787140805968750000,2026-08-19T07:00:05.968750,-0.205059
1787140806000000000,2026-08-19T07:00:06,-0.320072
1787140806031250000,2026-08-19T07:00:06.031250,-0.673016
1787140806062500000,2026-08-19T07:00:06.062500,-0.815864
1787140806093750000,2026-08-19T07:00:06.093750,-0.435196
1787140806125000000,2026-08-19T07:00:06.125000,-0.296579
1787140806156250000,2026-08-19T07:00:06.156250,-0.046846
1787140806187500000,2026-08-19T07:00:06.187500,0.024634
1787184000093750000,2026-08-19T19:00:00.093750,-0.594550
1787184000125000000,2026-08-19T19:00:00.125000,-0.814723
1787184000156250000,2026-08-19T19:00:00.156250,0.009853
1787184000187500000,2026-08-19T19:00:00.187500,-0.015922
1787184000218750000,2026-08-19T19:00:00.218750,0.222010
1787184000250000000,2026-08-19T19:00:00.250000,0.319042
1787184000281250000,2026-08-19T19:00:00.281250,0.669927
1787184000312500000,2026-08-19T19:00:00.312500,0.162555
1787184000343750000,2026-08-19T19:00:00.343750,0.212045
1787184000375000000,2026-08-19T19:00:00.375000,-0.071480
1787184000406250000,2026-08-19T19:00:00.406250,-0.184433
1787184000437500000,2026-08-19T19:00:00.437500,-0.507595
1787184000468750000,2026-08-19T19:00:00.468750,-0.410451
1787184000500000000,2026-08-19T19:00:00.500000,-0.501749
1787184000531250000,2026-08-19T19:00:00.531250,-0.579074
1787184000562500000,2026-08-19T19:00:00.562500,-0.527636
1787184000593750000,2026-08-19T19:00:00.593750,-0.426484
1787184000625000000,2026-08-19T19:00:00.625000,-0.420639
1787184000656250000,2026-08-19T19:00:00.656250,-0.249956
1787184000687500000,2026-08-19T19:00:00.687500,-0.523293
1787184000718750000,2026-08-19T19:00:00.718750,-0.481485
1787184000750000000,2026-08-19T19:00:00.750000,-0.755045
1787184000781250000,2026-08-19T19:00:00.781250,-0.556750
1787184000812500000,2026-08-19T19:00:00.812500,-0.378497
1787184000843750000,2026-08-19T19:00:00.843750,0.013973
1787184000875000000,2026-08-19T19:00:00.875000,0.142737
1787184000906250000,2026-08-19T19:00:00.906250,0.358790
1787184000937500000,2026-08-19T19:00:00.937500,0.477700
1787184000968750000,2026-08-19T19:00:00.968750,0.178476
1787184001000000000,2026-08-19T19:00:01,0.200243
1787184001031250000,2026-08-19T19:00:01.031250,0.235760
1787184001062500000,2026-08-19T19:00:01.062500,0.431884
1787184001093750000,2026-08-19T19:00:01.093750,0.075265
1787184001125000000,2026-08-19T19:00:01.125000,0.243665
1787184001156250000,2026-08-19T19:00:01.156250,0.211934
1787184001187500000,2026-08-19T19:00:01.187500,0.281354
1787184001218750000,2026-08-19T19:00:01.218750,0.057507
1787184001250000000,2026-08-19T19:00:01.250000,0.057284
1787184001281250000,2026-08-19T19:00:01.281250,-0.008128
1787184001312500000,2026-08-19T19:00:01.312500,-0.085341
1787184001343750000,2026-08-19T19:00:01.343750,-0.253742
1787184001375000000,2026-08-19T19:00:01.375000,-0.446303
1787184001406250000,2026-08-19T19:00:01.406250,-0.250068
1787184001437500000,2026-08-19T19:00:01.437500,-0.236094
1787184001468750000,2026-08-19T19:00:01.468750,0.013527
1787184001500000000,2026-08-19T19:00:01.500000,-0.049824
1787184001531250000,2026-08-19T19:00:01.531250,0.233923
1787184001562500000,2026-08-19T19:00:01.562500,0.162555
1787184001593750000,2026-08-19T19:00:01.593750,0.285473
1787184001625000000,2026-08-19T19:00:01.625000,0.027946
1787184001656250000,2026-08-19T19:00:01.656250,-0.025552
1787184001687500000,2026-08-19T19:00:01.687500,0.008016
1787184001718750000,2026-08-19T19:00:01.718750,-0.209874
1787184001750000000,2026-08-19T19:00:01.750000,-0.431884
1787184001781250000,2026-08-19T19:00:01.781250,-0.253630
1787184001812500000,2026-08-19T19:00:01.812500,-0.344928
1787184001843750000,2026-08-19T19:00:01.843750,-0.671986
1787184001875000000,2026-08-19T19:00:01.875000,-0.360850
1787184001906250000,2026-08-19T19:00:01.906250,-0.273671
1787184001937500000,2026-08-19T19:00:01.937500,-0.513440
1787184001968750000,2026-08-19T19:00:01.968750,-0.162555
1787184002000000000,2026-08-19T19:00:02,0.196235
1787184002031250000,2026-08-19T19:00:02.031250,0.077214
1787184002062500000,2026-08-19T19:00:02.062500,0.358567
1787184002093750000,2026-08-19T19:00:02.093750,0.552742
1787184002125000000,2026-08-19T19:00:02.125000,0.422030
1787184002156250000,2026-08-19T19:00:02.156250,0.007794
1787184002187500000,2026-08-19T19:00:02.187500,0.073317
1787184002218750000,2026-08-19T19:00:02.218750,-0.386402
1787184002250000000,2026-08-19T19:00:02.250000,-0.527190
1787184002281250000,2026-08-19T19:00:02.281250,-0.826636
1787184002312500000,2026-08-19T19:00:02.312500,-0.493733
1787184002343750000,2026-08-19T19:00:02.343750,-0.517671
1787184002375000000,2026-08-19T19:00:02.375000,-0.505758
1787184002406250000,2026-08-19T19:00:02.406250,-0.503698
1787184002437500000,2026-08-19T19:00:02.437500,-0.115236
1787184002468750000,2026-08-19T19:00:02.468750,0.013639
1787184002500000000,2026-08-19T19:00:02.500000,-0.089350
1787184002531250000,2026-08-19T19:00:02.531250,0.075154
1787184002562500000,2026-08-19T19:00:02.562500,0.309188
1787184002593750000,2026-08-19T19:00:02.593750,0.404383
1787184002625000000,2026-08-19T19:00:02.625000,0.265766
1787184002656250000,2026-08-19T19:00:02.656250,0.253853
1787184002687500000,2026-08-19T19:00:02.687500,0.455933
1787184002718750000,2026-08-19T19:00:02.718750,0.275508
1787184002750000000,2026-08-19T19:00:02.750000,0.194287
1787184002781250000,2026-08-19T19:00:02.781250,0.263706
1787184002812500000,2026-08-19T19:00:02.812500,0.065634
1787184002843750000,2026-08-19T19:00:02.843750,0.059789
1787184002875000000,2026-08-19T19:00:02.875000,0.071591
1787184002906250000,2026-08-19T19:00:02.906250,-0.134497
1787184002937500000,2026-08-19T19:00:02.937500,-0.142402
1787184002968750000,2026-08-19T19:00:02.968750,0.190613
1787184003000000000,2026-08-19T19:00:03,0.010188
1787184003031250000,2026-08-19T19:00:03.031250,0.012136
1787184003062500000,2026-08-19T19:00:03.062500,-0.112842
1787184003093750000,2026-08-19T19:00:03.093750,-0.334963
1787184003125000000,2026-08-19T19:00:03.125000,-0.295438
1787184003156250000,2026-08-19T19:00:03.156250,-0.188330
1787184003187500000,2026-08-19T19:00:03.187500,0.000000
1787184003218750000,2026-08-19T19:00:03.218750,0.333015
1787184003250000000,2026-08-19T19:00:03.250000,0.465675
1787184003281250000,2026-08-19T19:00:03.281250,0.186159
1787184003312500000,2026-08-19T19:00:03.312500,0.108945
1787184003343750000,2026-08-19T19:00:03.343750,-0.065412
1787184003375000000,2026-08-19T19:00:03.375000,-0.358679
1787184003406250000,2026-08-19T19:00:03.406250,-0.291096
1787184003437500000,2026-08-19T19:00:03.437500,-0.102766
1787184003468750000,2026-08-19T19:00:03.468750,0.035851
1787184003500000000,2026-08-19T19:00:03.500000,-0.065300
1787184003531250000,2026-08-19T19:00:03.531250,0.202192
1787184003562500000,2026-08-19T19:00:03.562500,0.067471
1787184003593750000,2026-08-19T19:00:03.593750,-0.029672
1787184003625000000,2026-08-19T19:00:03.625000,-0.077325
1787184003656250000,2026-08-19T19:00:03.656250,-0.063463
1787184003687500000,2026-08-19T19:00:03.687500,-0.263706
1787184003718750000,2026-08-19T19:00:03.718750,-0.140900
1787184003750000000,2026-08-19T19:00:03.750000,-0.299446
1787184003781250000,2026-08-19T19:00:03.781250,-0.267715
1787184003812500000,2026-08-19T19:00:03.812500,-0.497741
1787184003843750000,2026-08-19T19:00:03.843750,-0.392581
1787184003875000000,2026-08-19T19:00:03.875000,-0.467958
1787184003906250000,2026-08-19T19:00:03.906250,-0.247896
1787184003937500000,2026-08-19T19:00:03.937500,-0.245837
1787184003968750000,2026-08-19T19:00:03.968750,-0.061292
1787184004000000000,2026-08-19T19:00:04,-0.152590
1787184004031250000,2026-08-19T19:00:04.031250,0.184322
1787184004062500000,2026-08-19T19:00:04.062500,0.265655
1787184004093750000,2026-08-19T19:00:04.093750,0.136780
1787184004125000000,2026-08-19T19:00:04.125000,0.031620
1787184004156250000,2026-08-19T19:00:04.156250,0.273560
1787184004187500000,2026-08-19T19:00:04.187500,-0.106997
1787184004218750000,2026-08-19T19:00:04.218750,-0.271500
1787184004250000000,2026-08-19T19:00:04.250000,-0.305180
1787184004281250000,2026-08-19T19:00:04.281250,0.116962
1787184004312500000,2026-08-19T19:00:04.312500,0.081333
1787184004343750000,2026-08-19T19:00:04.343750,0.124978
1787184004375000000,2026-08-19T19:00:04.375000,0.382505
1787184004406250000,2026-08-19T19:00:04.406250,0.616428
1787184004437500000,2026-08-19T19:00:04.437500,0.432218
1787184004468750000,2026-08-19T19:00:04.468750,0.442183
1787184004500000000,2026-08-19T19:00:04.500000,0.792956
1787184004531250000,2026-08-19T19:00:04.531250,0.826636
1787184004562500000,2026-08-19T19:00:04.562500,0.436115
1787184004593750000,2026-08-19T19:00:04.593750,0.309300
1787184004625000000,2026-08-19T19:00:04.625000,0.362687
1787184004656250000,2026-08-19T19:00:04.656250,-0.164392
1787184004687500000,2026-08-19T19:00:04.687500,-0.116739
1787184004718750000,2026-08-19T19:00:04.718750,-0.091075
1787184004750000000,2026-08-19T19:00:04.750000,-0.011913
1787184004781250000,2026-08-19T19:00:04.781250,-0.344817
1787184004812500000,2026-08-19T19:00:04.812500,0.005734
1787184004843750000,2026-08-19T19:00:04.843750,-0.269663
1787184004875000000,2026-08-19T19:00:04.875000,-0.162555
1787184004906250000,2026-08-19T19:00:04.906250,-0.271611
1787184004937500000,2026-08-19T19:00:04.937500,-0.220062
1787184004968750000,2026-08-19T19:00:04.968750,-0.154538
1787184005000000000,2026-08-19T19:00:05,-0.176528
1787184005031250000,2026-08-19T19:00:05.031250,-0.198183
1787184005062500000,2026-08-19T19:00:05.062500,-0.043534
1787184005093750000,2026-08-19T19:00:05.093750,-0.148582
1787184005125000000,2026-08-19T19:00:05.125000,-0.406220
1787184005156250000,2026-08-19T19:00:05.156250,-0.485494
1787184005187500000,2026-08-19T19:00:05.187500,-0.305292
1787184005218750000,2026-08-19T19:00:05.218750,-0.386513
1787184005250000000,2026-08-19T19:00:05.250000,-0.172520
1787184005281250000,2026-08-19T19:00:05.281250,-0.432107
1787184005312500000,2026-08-19T19:00:05.312500,-0.328895
1787184005343750000,2026-08-19T19:00:05.343750,-0.475417
1787184005375000000,2026-08-19T19:00:05.375000,-0.564656
1787184005406250000,2026-08-19T19:00:05.406250,-0.481263
1787184005437500000,2026-08-19T19:00:05.437500,0.010299
1787184005468750000,2026-08-19T19:00:05.468750,-0.100817
1787184005500000000,2026-08-19T19:00:05.500000,-0.152479
1787184005531250000,2026-08-19T19:00:05.531250,-0.277345
1787184005562500000,2026-08-19T19:00:05.562500,-0.364747
1787184005593750000,2026-08-19T19:00:05.593750,-0.618488
1787184005625000000,2026-08-19T19:00:05.625000,-0.485716
1787184005656250000,2026-08-19T19:00:05.656250,-0.247896
1787184005687500000,2026-08-19T19:00:05.687500,-0.075599
1787184005718750000,2026-08-19T19:00:05.718750,0.039414
1787184005750000000,2026-08-19T19:00:05.750000,-0.041808
1787184005781250000,2026-08-19T19:00:05.781250,-0.170571
1787184005812500000,2026-08-19T19:00:05.812500,-0.356841
1787184005843750000,2026-08-19T19:00:05.843750,-0.594550
1787184005875000000,2026-08-19T19:00:05.875000,-0.416297
1787184005906250000,2026-08-19T19:00:05.906250,-0.004008
1787184005937500000,2026-08-19T19:00:05.937500,0.075377
1787184005968750000,2026-08-19T19:00:05.968750,0.408391
1787184006000000000,2026-08-19T19:00:06,0.675772
1787184006031250000,2026-08-19T19:00:06.031250,0.348825
1787184006062500000,2026-08-19T19:00:06.062500,0.001948
1787184006093750000,2026-08-19T19:00:06.093750,0.067249
1787184006125000000,2026-08-19T19:00:06.125000,0.150642
1787184006156250000,2026-08-19T19:00:06.156250,0.081445
1787184006187500000,2026-08-19T19:00:06.187500,0.150864
1787227200093750000,2026-08-20T07:00:00.093750,1.332368
1787227200125000000,2026-08-20T07:00:00.125000,1.675793
1787227200156250000,2026-08-20T07:00:00.156250,1.722055
1787227200187500000,2026-08-20T07:00:00.187500,1.490748
1787227200218750000,2026-08-20T07:00:00.218750,1.475384
1787227200250000000,2026-08-20T07:00:00.250000,1.763363
1787227200281250000,2026-08-20T07:00:00.281250,1.900700
1787227200312500000,2026-08-20T07:00:00.312500,1.887283
1787227200343750000,2026-08-20T07:00:00.343750,2.294061
1787227200375000000,2026-08-20T07:00:00.375000,2.714811
1787227200406250000,2026-08-20T07:00:00.406250,2.665655
1787227200437500000,2026-08-20T07:00:00.437500,3.103941
1787227200468750000,2026-08-20T07:00:00.468750,3.631577
1787227200500000000,2026-08-20T07:00:00.500000,3.842008
1787227200531250000,2026-08-20T07:00:00.531250,4.004786
1787227200562500000,2026-08-20T07:00:00.562500,4.649271
1787227200593750000,2026-08-20T07:00:00.593750,4.707112
1787227200625000000,2026-08-20T07:00:00.625000,4.842167
1787227200656250000,2026-08-20T07:00:00.656250,4.921663
1787227200687500000,2026-08-20T07:00:00.687500,4.915929
1787227200718750000,2026-08-20T07:00:00.718750,4.460219
1787227200750000000,2026-08-20T07:00:00.750000,4.470295
1787227200781250000,2026-08-20T07:00:00.781250,4.521845
1787227200812500000,2026-08-20T07:00:00.812500,4.676717
1787227200843750000,2026-08-20T07:00:00.843750,4.938587
1787227200875000000,2026-08-20T07:00:00.875000,5.329331
1787227200906250000,2026-08-20T07:00:00.906250,5.496006
1787227200937500000,2026-08-20T07:00:00.937500,5.308121
1787227200968750000,2026-08-20T07:00:00.968750,5.486598
1787227201000000000,2026-08-20T07:00:01,5.256794
1787227201031250000,2026-08-20T07:00:01.031250,5.177410
1787227201062500000,2026-08-20T07:00:01.062500,5.223003
1787227201093750000,2026-08-20T07:00:01.093750,5.520055
1787227201125000000,2026-08-20T07:00:01.125000,5.298045
1787227201156250000,2026-08-20T07:00:01.156250,5.454532
1787227201187500000,2026-08-20T07:00:01.187500,5.500125
1787227201218750000,2026-08-20T07:00:01.218750,5.480418
1787227201250000000,2026-08-20T07:00:01.250000,5.159317
1787227201281250000,2026-08-20T07:00:01.281250,5.321872
1787227201312500000,2026-08-20T07:00:01.312500,5.101810
1787227201343750000,2026-08-20T07:00:01.343750,5.022648
1787227201375000000,2026-08-20T07:00:01.375000,4.762839
1787227201406250000,2026-08-20T07:00:01.406250,4.834318
1787227201437500000,2026-08-20T07:00:01.437500,4.622050
1787227201468750000,2026-08-20T07:00:01.468750,4.725150
1787227201500000000,2026-08-20T07:00:01.500000,4.677497
1787227201531250000,2026-08-20T07:00:01.531250,4.703272
1787227201562500000,2026-08-20T07:00:01.562500,4.614034
1787227201593750000,2026-08-20T07:00:01.593750,4.741072
1787227201625000000,2026-08-20T07:00:01.625000,4.671652
1787227201656250000,2026-08-20T07:00:01.656250,4.764898
1787227201687500000,2026-08-20T07:00:01.687500,4.816448
1787227201718750000,2026-08-20T07:00:01.718750,4.879800
1787227201750000000,2026-08-20T07:00:01.750000,5.014298
1787227201781250000,2026-08-20T07:00:01.781250,5.026099
1787227201812500000,2026-08-20T07:00:01.812500,5.162657
1787227201843750000,2026-08-20T07:00:01.843750,4.881192
1787227201875000000,2026-08-20T07:00:01.875000,5.047643
1787227201906250000,2026-08-20T07:00:01.906250,4.948663
1787227201937500000,2026-08-20T07:00:01.937500,5.176518
1787227201968750000,2026-08-20T07:00:01.968750,5.132762
1787227202000000000,2026-08-20T07:00:02,5.536811
1787227202031250000,2026-08-20T07:00:02.031250,5.271045
1787227202062500000,2026-08-20T07:00:02.062500,5.252952
1787227202093750000,2026-08-20T07:00:02.093750,4.689911
1787227202125000000,2026-08-20T07:00:02.125000,4.505589
1787227202156250000,2026-08-20T07:00:02.156250,4.414291
1787227202187500000,2026-08-20T07:00:02.187500,4.731162
1787227202218750000,2026-08-20T07:00:02.218750,4.604235
1787227202250000000,2026-08-20T07:00:02.250000,4.843892
1787227202281250000,2026-08-20T07:00:02.281250,4.700821
1787227202312500000,2026-08-20T07:00:02.312500,4.286473
1787227202343750000,2026-08-20T07:00:02.343750,3.872014
1787227202375000000,2026-08-20T07:00:02.375000,3.921170
1787227202406250000,2026-08-20T07:00:02.406250,3.732506
1787227202437500000,2026-08-20T07:00:02.437500,3.789567
1787227202468750000,2026-08-20T07:00:02.468750,3.583033
1787227202500000000,2026-08-20T07:00:02.500000,3.354509
1787227202531250000,2026-08-20T07:00:02.531250,2.985309
1787227202562500000,2026-08-20T07:00:02.562500,2.649788
1787227202593750000,2026-08-20T07:00:02.593750,2.385859
1787227202625000000,2026-08-20T07:00:02.625000,2.448988
1787227202656250000,2026-08-20T07:00:02.656250,2.385191
1787227202687500000,2026-08-20T07:00:02.687500,1.930872
1787227202718750000,2026-08-20T07:00:02.718750,1.783793
1787227202750000000,2026-08-20T07:00:02.750000,1.549535
1787227202781250000,2026-08-20T07:00:02.781250,1.192025
1787227202812500000,2026-08-20T07:00:02.812500,1.167753
1787227202843750000,2026-08-20T07:00:02.843750,0.907609
1787227202875000000,2026-08-20T07:00:02.875000,0.807849
1787227202906250000,2026-08-20T07:00:02.906250,0.262121
1787227202937500000,2026-08-20T07:00:02.937500,0.001865
1787227202968750000,2026-08-20T07:00:02.968750,-0.277985
1787227203000000000,2026-08-20T07:00:03,-0.427347
1787227203031250000,2026-08-20T07:00:03.031250,-0.683594
1787227203062500000,2026-08-20T07:00:03.062500,-0.557336
1787227203093750000,2026-08-20T07:00:03.093750,-1.019671
1787227203125000000,2026-08-20T07:00:03.125000,-1.506056
1787227203156250000,2026-08-20T07:00:03.156250,-1.859446
1787227203187500000,2026-08-20T07:00:03.187500,-2.153382
1787227203218750000,2026-08-20T07:00:03.218750,-2.693265
1787227203250000000,2026-08-20T07:00:03.250000,-2.963485
1787227203281250000,2026-08-20T07:00:03.281250,-3.005627
1787227203312500000,2026-08-20T07:00:03.312500,-3.002064
1787227203343750000,2026-08-20T07:00:03.343750,-3.208599
1787227203375000000,2026-08-20T07:00:03.375000,-3.216949
1787227203406250000,2026-08-20T07:00:03.406250,-3.241221
1787227203437500000,2026-08-20T07:00:03.437500,-3.382344
1787227203468750000,2026-08-20T07:00:03.468750,-3.818904
1787227203500000000,2026-08-20T07:00:03.500000,-4.031283
1787227203531250000,2026-08-20T07:00:03.531250,-4.025772
1787227203562500000,2026-08-20T07:00:03.562500,-4.327501
1787227203593750000,2026-08-20T07:00:03.593750,-4.837379
1787227203625000000,2026-08-20T07:00:03.625000,-4.629453
1787227203656250000,2026-08-20T07:00:03.656250,-4.954897
1787227203687500000,2026-08-20T07:00:03.687500,-5.131425
1787227203718750000,2026-08-20T07:00:03.718750,-5.032334
1787227203750000000,2026-08-20T07:00:03.750000,-4.802641
1787227203781250000,2026-08-20T07:00:03.781250,-4.648214
1787227203812500000,2026-08-20T07:00:03.812500,-4.579017
1787227203843750000,2026-08-20T07:00:03.843750,-4.906410
1787227203875000000,2026-08-20T07:00:03.875000,-5.057163
1787227203906250000,2026-08-20T07:00:03.906250,-5.251226
1787227203937500000,2026-08-20T07:00:03.937500,-5.536811
1787227203968750000,2026-08-20T07:00:03.968750,-5.314801
1787227204000000000,2026-08-20T07:00:04,-5.144118
1787227204031250000,2026-08-20T07:00:04.031250,-4.799190
1787227204062500000,2026-08-20T07:00:04.062500,-4.997373
1787227204093750000,2026-08-20T07:00:04.093750,-4.933799
1787227204125000000,2026-08-20T07:00:04.125000,-4.755211
1787227204156250000,2026-08-20T07:00:04.156250,-4.420136
1787227204187500000,2026-08-20T07:00:04.187500,-4.576400
1787227204218750000,2026-08-20T07:00:04.218750,-4.124364
1787227204250000000,2026-08-20T07:00:04.250000,-4.098366
1787227204281250000,2026-08-20T07:00:04.281250,-4.472855
1787227204312500000,2026-08-20T07:00:04.312500,-4.585474
1787227204343750000,2026-08-20T07:00:04.343750,-4.472298
1787227204375000000,2026-08-20T07:00:04.375000,-4.628562
1787227204406250000,2026-08-20T07:00:04.406250,-4.542886
1787227204437500000,2026-08-20T07:00:04.437500,-3.824749
1787227204468750000,2026-08-20T07:00:04.468750,-3.949393
1787227204500000000,2026-08-20T07:00:04.500000,-3.733006
1787227204531250000,2026-08-20T07:00:04.531250,-3.280747
1787227204562500000,2026-08-20T07:00:04.562500,-2.711414
1787227204593750000,2026-08-20T07:00:04.593750,-2.903418
1787227204625000000,2026-08-20T07:00:04.625000,-2.466635
1787227204656250000,2026-08-20T07:00:04.656250,-2.313488
1787227204687500000,2026-08-20T07:00:04.687500,-2.195858
1787227204718750000,2026-08-20T07:00:04.718750,-1.999066
1787227204750000000,2026-08-20T07:00:04.750000,-1.780284
1787227204781250000,2026-08-20T07:00:04.781250,-1.514295
1787227204812500000,2026-08-20T07:00:04.812500,-1.210395
1787227204843750000,2026-08-20T07:00:04.843750,-0.952311
1787227204875000000,2026-08-20T07:00:04.875000,-0.969624
1787227204906250000,2026-08-20T07:00:04.906250,-0.703524
1787227204937500000,2026-08-20T07:00:04.937500,-0.597918
1787227204968750000,2026-08-20T07:00:04.968750,-0.349576
1787227205000000000,2026-08-20T07:00:05,-0.087150
1787227205031250000,2026-08-20T07:00:05.031250,0.289844
1787227205062500000,2026-08-20T07:00:05.062500,0.458801
1787227205093750000,2026-08-20T07:00:05.093750,0.735089
1787227205125000000,2026-08-20T07:00:05.125000,1.062593
1787227205156250000,2026-08-20T07:00:05.156250,0.975860
1787227205187500000,2026-08-20T07:00:05.187500,1.222365
1787227205218750000,2026-08-20T07:00:05.218750,1.645287
1787227205250000000,2026-08-20T07:00:05.250000,1.705188
1787227205281250000,2026-08-20T07:00:05.281250,2.230986
1787227205312500000,2026-08-20T07:00:05.312500,2.629747
1787227205343750000,2026-08-20T07:00:05.343750,3.022663
1787227205375000000,2026-08-20T07:00:05.375000,3.264602
1787227205406250000,2026-08-20T07:00:05.406250,3.960861
1787227205437500000,2026-08-20T07:00:05.437500,3.685798
1787227205468750000,2026-08-20T07:00:05.468750,4.189830
1787227205500000000,2026-08-20T07:00:05.500000,4.093133
1787227205531250000,2026-08-20T07:00:05.531250,4.240323
1787227205562500000,2026-08-20T07:00:05.562500,4.074094
1787227205593750000,2026-08-20T07:00:05.593750,4.288422
1787227205625000000,2026-08-20T07:00:05.625000,4.532533
1787227205656250000,2026-08-20T07:00:05.656250,4.564487
1787227205687500000,2026-08-20T07:00:05.687500,4.675715
1787227205718750000,2026-08-20T07:00:05.718750,4.915706
1787227205750000000,2026-08-20T07:00:05.750000,4.892102
1787227205781250000,2026-08-20T07:00:05.781250,4.751537
1787227205812500000,2026-08-20T07:00:05.812500,4.831033
1787227205843750000,2026-08-20T07:00:05.843750,4.639029
1787227205875000000,2026-08-20T07:00:05.875000,4.754154
1787227205906250000,2026-08-20T07:00:05.906250,4.930682
1787227205937500000,2026-08-20T07:00:05.937500,4.928733
1787227205968750000,2026-08-20T07:00:05.968750,5.239982
1787227206000000000,2026-08-20T07:00:06,5.404596
1787227206031250000,2026-08-20T07:00:06.031250,5.386838
1787227206062500000,2026-08-20T07:00:06.062500,5.188877
1787227206093750000,2026-08-20T07:00:06.093750,5.101810
1787227206125000000,2026-08-20T07:00:06.125000,4.951280
1787227206156250000,2026-08-20T07:00:06.156250,5.127697
1787227206187500000,2026-08-20T07:00:06.187500,5.030776
1787270400093750000,2026-08-20T19:00:00.093750,4.209622
1787270400125000000,2026-08-20T19:00:00.125000,4.161969
1787270400156250000,2026-08-20T19:00:00.156250,4.261061
1787270400187500000,2026-08-20T19:00:00.187500,4.516751
1787270400218750000,2026-08-20T19:00:00.218750,4.278597
1787270400250000000,2026-08-20T19:00:00.250000,4.322019
1787270400281250000,2026-08-20T19:00:00.281250,4.488359
1787270400312500000,2026-08-20T19:00:00.312500,4.416879
1787270400343750000,2026-08-20T19:00:00.343750,4.248034
1787270400375000000,2026-08-20T19:00:00.375000,4.469821
1787270400406250000,2026-08-20T19:00:00.406250,4.322965
1787270400437500000,2026-08-20T19:00:00.437500,3.898429
1787270400468750000,2026-08-20T19:00:00.468750,3.604716
1787270400500000000,2026-08-20T19:00:00.500000,3.388552
1787270400531250000,2026-08-20T19:00:00.531250,3.218203
1787270400562500000,2026-08-20T19:00:00.562500,3.134810
1787270400593750000,2026-08-20T19:00:00.593750,3.170327
1787270400625000000,2026-08-20T19:00:00.625000,3.001704
1787270400656250000,2026-08-20T19:00:00.656250,2.975706
1787270400687500000,2026-08-20T19:00:00.687500,2.775129
1787270400718750000,2026-08-20T19:00:00.718750,2.554622
1787270400750000000,2026-08-20T19:00:00.750000,2.538366
1787270400781250000,2026-08-20T19:00:00.781250,2.736215
1787270400812500000,2026-08-20T19:00:00.812500,2.561413
1787270400843750000,2026-08-20T19:00:00.843750,2.047416
1787270400875000000,2026-08-20T19:00:00.875000,1.916147
1787270400906250000,2026-08-20T19:00:00.906250,1.963577
1787270400937500000,2026-08-20T19:00:00.937500,1.578567
1787270400968750000,2026-08-20T19:00:00.968750,1.405601
1787270401000000000,2026-08-20T19:00:01,1.496231
1787270401031250000,2026-08-20T19:00:01.031250,1.372867
1787270401062500000,2026-08-20T19:00:01.062500,0.624947
1787270401093750000,2026-08-20T19:00:01.093750,0.432052
1787270401125000000,2026-08-20T19:00:01.125000,0.179702
1787270401156250000,2026-08-20T19:00:01.156250,-0.258918
1787270401187500000,2026-08-20T19:00:01.187500,-0.519174
1787270401218750000,2026-08-20T19:00:01.218750,-0.456379
1787270401250000000,2026-08-20T19:00:01.250000,-0.968204
1787270401281250000,2026-08-20T19:00:01.281250,-1.359172
1787270401312500000,2026-08-20T19:00:01.312500,-1.880962
1787270401343750000,2026-08-20T19:00:01.343750,-2.258067
1787270401375000000,2026-08-20T19:00:01.375000,-2.494385
1787270401406250000,2026-08-20T19:00:01.406250,-2.913298
1787270401437500000,2026-08-20T19:00:01.437500,-2.802850
1787270401468750000,2026-08-20T19:00:01.468750,-2.535804
1787270401500000000,2026-08-20T19:00:01.500000,-2.431424
1787270401531250000,2026-08-20T19:00:01.531250,-2.707712
1787270401562500000,2026-08-20T19:00:01.562500,-2.492216
1787270401593750000,2026-08-20T19:00:01.593750,-3.226051
1787270401625000000,2026-08-20T19:00:01.625000,-3.399017
1787270401656250000,2026-08-20T19:00:01.656250,-3.867197
1787270401687500000,2026-08-20T19:00:01.687500,-4.139143
1787270401718750000,2026-08-20T19:00:01.718750,-4.337883
1787270401750000000,2026-08-20T19:00:01.750000,-4.156179
1787270401781250000,2026-08-20T19:00:01.781250,-4.432133
1787270401812500000,2026-08-20T19:00:01.812500,-4.248256
1787270401843750000,2026-08-20T19:00:01.843750,-4.040442
1787270401875000000,2026-08-20T19:00:01.875000,-4.365775
1787270401906250000,2026-08-20T19:00:01.906250,-4.453176
1787270401937500000,2026-08-20T19:00:01.937500,-4.358204
1787270401968750000,2026-08-20T19:00:01.968750,-4.497044
1787270402000000000,2026-08-20T19:00:02,-4.705415
1787270402031250000,2026-08-20T19:00:02.031250,-4.634270
1787270402062500000,2026-08-20T19:00:02.062500,-4.892131
1787270402093750000,2026-08-20T19:00:02.093750,-4.924197
1787270402125000000,2026-08-20T19:00:02.125000,-5.126500
1787270402156250000,2026-08-20T19:00:02.156250,-5.283209
1787270402187500000,2026-08-20T19:00:02.187500,-4.940452
1787270402218750000,2026-08-20T19:00:02.218750,-4.861179
1787270402250000000,2026-08-20T19:00:02.250000,-4.821431
1787270402281250000,2026-08-20T19:00:02.281250,-4.480622
1787270402312500000,2026-08-20T19:00:02.312500,-4.504337
1787270402343750000,2026-08-20T19:00:02.343750,-4.462530
1787270402375000000,2026-08-20T19:00:02.375000,-4.422781
1787270402406250000,2026-08-20T19:00:02.406250,-4.684205
1787270402437500000,2026-08-20T19:00:02.437500,-5.048729
1787270402468750000,2026-08-20T19:00:02.468750,-5.121823
1787270402500000000,2026-08-20T19:00:02.500000,-5.466417
1787270402531250000,2026-08-20T19:00:02.531250,-5.799209
1787270402562500000,2026-08-20T19:00:02.562500,-5.507556
1787270402593750000,2026-08-20T19:00:02.593750,-5.404234
1787270402625000000,2026-08-20T19:00:02.625000,-5.265171
1787270402656250000,2026-08-20T19:00:02.656250,-4.971459
1787270402687500000,2026-08-20T19:00:02.687500,-4.237623
1787270402718750000,2026-08-20T19:00:02.718750,-4.603984
1787270402750000000,2026-08-20T19:00:02.750000,-4.439035
1787270402781250000,2026-08-20T19:00:02.781250,-4.073843
1787270402812500000,2026-08-20T19:00:02.812500,-3.964563
1787270402843750000,2026-08-20T19:00:02.843750,-3.984048
1787270402875000000,2026-08-20T19:00:02.875000,-3.349304
1787270402906250000,2026-08-20T19:00:02.906250,-3.194208
1787270402937500000,2026-08-20T19:00:02.937500,-2.793276
1787270402968750000,2026-08-20T19:00:02.968750,-2.463712
1787270403000000000,2026-08-20T19:00:03,-2.504852
1787270403031250000,2026-08-20T19:00:03.031250,-2.401195
1787270403062500000,2026-08-20T19:00:03.062500,-2.055710
1787270403093750000,2026-08-20T19:00:03.093750,-2.069126
1787270403125000000,2026-08-20T19:00:03.125000,-2.014848
1787270403156250000,2026-08-20T19:00:03.156250,-1.905234
1787270403187500000,2026-08-20T19:00:03.187500,-1.688624
1787270403218750000,2026-08-20T19:00:03.218750,-1.380827
1787270403250000000,2026-08-20T19:00:03.250000,-1.257352
1787270403281250000,2026-08-20T19:00:03.281250,-1.143841
1787270403312500000,2026-08-20T19:00:03.312500,-0.580243
1787270403343750000,2026-08-20T19:00:03.343750,-0.208983
1787270403375000000,2026-08-20T19:00:03.375000,-0.079551
1787270403406250000,2026-08-20T19:00:03.406250,0.448196
1787270403437500000,2026-08-20T19:00:03.437500,0.652893
1787270403468750000,2026-08-20T19:00:03.468750,1.045920
1787270403500000000,2026-08-20T19:00:03.500000,1.070193
1787270403531250000,2026-08-20T19:00:03.531250,1.562311
1787270403562500000,2026-08-20T19:00:03.562500,1.731491
1787270403593750000,2026-08-20T19:00:03.593750,2.130252
1787270403625000000,2026-08-20T19:00:03.625000,2.515262
1787270403656250000,2026-08-20T19:00:03.656250,2.803130
1787270403687500000,2026-08-20T19:00:03.687500,3.075187
1787270403718750000,2026-08-20T19:00:03.718750,3.144829
1787270403750000000,2026-08-20T19:00:03.750000,3.478401
1787270403781250000,2026-08-20T19:00:03.781250,3.292354
1787270403812500000,2026-08-20T19:00:03.812500,3.681150
1787270403843750000,2026-08-20T19:00:03.843750,3.639565
1787270403875000000,2026-08-20T19:00:03.875000,3.663614
1787270403906250000,2026-08-20T19:00:03.906250,3.729249
1787270403937500000,2026-08-20T19:00:03.937500,3.882284
1787270403968750000,2026-08-20T19:00:03.968750,3.765546
1787270404000000000,2026-08-20T19:00:04,3.797611
1787270404031250000,2026-08-20T19:00:04.031250,4.118936
1787270404062500000,2026-08-20T19:00:04.062500,4.281714
1787270404093750000,2026-08-20T19:00:04.093750,4.077685
1787270404125000000,2026-08-20T19:00:04.125000,4.133466
1787270404156250000,2026-08-20T19:00:04.156250,4.121776
1787270404187500000,2026-08-20T19:00:04.187500,3.787146
1787270404218750000,2026-08-20T19:00:04.218750,3.799282
1787270404250000000,2026-08-20T19:00:04.250000,4.110642
1787270404281250000,2026-08-20T19:00:04.281250,4.267352
1787270404312500000,2026-08-20T19:00:04.312500,4.622245
1787270404343750000,2026-08-20T19:00:04.343750,4.761085
1787270404375000000,2026-08-20T19:00:04.375000,4.372400
1787270404406250000,2026-08-20T19:00:04.406250,4.382254
1787270404437500000,2026-08-20T19:00:04.437500,4.205837
1787270404468750000,2026-08-20T19:00:04.468750,3.954155
1787270404500000000,2026-08-20T19:00:04.500000,4.076851
1787270404531250000,2026-08-20T19:00:04.531250,4.293015
1787270404562500000,2026-08-20T19:00:04.562500,4.409866
1787270404593750000,2026-08-20T19:00:04.593750,4.580326
1787270404625000000,2026-08-20T19:00:04.625000,4.530947
1787270404656250000,2026-08-20T19:00:04.656250,4.560841
1787270404687500000,2026-08-20T19:00:04.687500,4.568635
1787270404718750000,2026-08-20T19:00:04.718750,4.927648
1787270404750000000,2026-08-20T19:00:04.750000,4.838521
1787270404781250000,2026-08-20T19:00:04.781250,4.959379
1787270404812500000,2026-08-20T19:00:04.812500,4.850211
1787270404843750000,2026-08-20T19:00:04.843750,4.860176
1787270404875000000,2026-08-20T19:00:04.875000,4.402072
1787270404906250000,2026-08-20T19:00:04.906250,4.687434
1787270404937500000,2026-08-20T19:00:04.937500,4.649634
1787270404968750000,2026-08-20T19:00:04.968750,4.938893
1787270405000000000,2026-08-20T19:00:05,5.206496
1787270405031250000,2026-08-20T19:00:05.031250,5.692101
1787270405062500000,2026-08-20T19:00:05.062500,5.632646
1787270405093750000,2026-08-20T19:00:05.093750,5.799209
1787270405125000000,2026-08-20T19:00:05.125000,5.648679
1787270405156250000,2026-08-20T19:00:05.156250,5.773657
1787270405187500000,2026-08-20T19:00:05.187500,5.250475
1787270405218750000,2026-08-20T19:00:05.218750,4.792482
1787270405250000000,2026-08-20T19:00:05.250000,4.936944
1787270405281250000,2026-08-20T19:00:05.281250,4.742546
1787270405312500000,2026-08-20T19:00:05.312500,4.456962
1787270405343750000,2026-08-20T19:00:05.343750,4.369560
1787270405375000000,2026-08-20T19:00:05.375000,4.593407
1787270405406250000,2026-08-20T19:00:05.406250,4.123613
1787270405437500000,2026-08-20T19:00:05.437500,4.091658
1787270405468750000,2026-08-20T19:00:05.468750,4.139200
1787270405500000000,2026-08-20T19:00:05.500000,4.234172
1787270405531250000,2026-08-20T19:00:05.531250,3.920641
1787270405562500000,2026-08-20T19:00:05.562500,3.938288
1787270405593750000,2026-08-20T19:00:05.593750,3.973917
1787270405625000000,2026-08-20T19:00:05.625000,3.616630
1787270405656250000,2026-08-20T19:00:05.656250,3.170327
1787270405687500000,2026-08-20T19:00:05.687500,3.069064
1787270405718750000,2026-08-20T19:00:05.718750,2.965630
1787270405750000000,2026-08-20T19:00:05.750000,2.568706
1787270405781250000,2026-08-20T19:00:05.781250,2.439609
1787270405812500000,2026-08-20T19:00:05.812500,2.324373
1787270405843750000,2026-08-20T19:00:05.843750,2.448794
1787270405875000000,2026-08-20T19:00:05.875000,2.190375
1787270405906250000,2026-08-20T19:00:05.906250,2.174120
1787270405937500000,2026-08-20T19:00:05.937500,2.082487
1787270405968750000,2026-08-20T19:00:05.968750,2.266252
1787270406000000000,2026-08-20T19:00:06,2.119062
1787270406031250000,2026-08-20T19:00:06.031250,1.870943
1787270406062500000,2026-08-20T19:00:06.062500,2.013122
1787270406093750000,2026-08-20T19:00:06.093750,1.340579
1787270406125000000,2026-08-20T19:00:06.125000,0.887985
1787270406156250000,2026-08-20T19:00:06.156250,0.290818
1787270406187500000,2026-08-20T19:00:06.187500,0.288313
1787313600093750000,2026-08-21T07:00:00.093750,-4.881580
1787313600125000000,2026-08-21T07:00:00.125000,-4.698762
1787313600156250000,2026-08-21T07:00:00.156250,-4.668644
1787313600187500000,2026-08-21T07:00:00.187500,-4.196567
1787313600218750000,2026-08-21T07:00:00.218750,-3.857149
1787313600250000000,2026-08-21T07:00:00.250000,-3.573179
1787313600281250000,2026-08-21T07:00:00.281250,-3.501588
1787313600312500000,2026-08-21T07:00:00.312500,-3.207876
1787313600343750000,2026-08-21T07:00:00.343750,-3.052669
1787313600375000000,2026-08-21T07:00:00.375000,-3.165176
1787313600406250000,2026-08-21T07:00:00.406250,-2.891059
1787313600437500000,2026-08-21T07:00:00.437500,-2.371106
1787313600468750000,2026-08-21T07:00:00.468750,-2.198029
1787313600500000000,2026-08-21T07:00:00.500000,-1.981530
1787313600531250000,2026-08-21T07:00:00.531250,-1.439922
1787313600562500000,2026-08-21T07:00:00.562500,-1.455397
1787313600593750000,2026-08-21T07:00:00.593750,-1.563897
1787313600625000000,2026-08-21T07:00:00.625000,-1.254040
1787313600656250000,2026-08-21T07:00:00.656250,-1.041327
1787313600687500000,2026-08-21T07:00:00.687500,-1.014995
1787313600718750000,2026-08-21T07:00:00.718750,-0.653588
1787313600750000000,2026-08-21T07:00:00.750000,-0.417048
1787313600781250000,2026-08-21T07:00:00.781250,-0.212351
1787313600812500000,2026-08-21T07:00:00.812500,-0.023464
1787313600843750000,2026-08-21T07:00:00.843750,0.405303
1787313600875000000,2026-08-21T07:00:00.875000,0.673575
1787313600906250000,2026-08-21T07:00:00.906250,1.225037
1787313600937500000,2026-08-21T07:00:00.937500,1.354246
1787313600968750000,2026-08-21T07:00:00.968750,1.687706
1787313601000000000,2026-08-21T07:00:01,1.652524
1787313601031250000,2026-08-21T07:00:01.031250,1.867074
1787313601062500000,2026-08-21T07:00:01.062500,1.792255
1787313601093750000,2026-08-21T07:00:01.093750,2.119870
1787313601125000000,2026-08-21T07:00:01.125000,2.534664
1787313601156250000,2026-08-21T07:00:01.156250,3.137787
1787313601187500000,2026-08-21T07:00:01.187500,3.237325
1787313601218750000,2026-08-21T07:00:01.218750,3.531148
1787313601250000000,2026-08-21T07:00:01.250000,3.834714
1787313601281250000,2026-08-21T07:00:01.281250,3.900460
1787313601312500000,2026-08-21T07:00:01.312500,3.887044
1787313601343750000,2026-08-21T07:00:01.343750,4.128984
1787313601375000000,2026-08-21T07:00:01.375000,4.406775
1787313601406250000,2026-08-21T07:00:01.406250,4.607352
1787313601437500000,2026-08-21T07:00:01.437500,4.641366
1787313601468750000,2026-08-21T07:00:01.468750,4.801973
1787313601500000000,2026-08-21T07:00:01.500000,4.538601
1787313601531250000,2026-08-21T07:00:01.531250,4.437783
1787313601562500000,2026-08-21T07:00:01.562500,4.360681
1787313601593750000,2026-08-21T07:00:01.593750,4.295381
1787313601625000000,2026-08-21T07:00:01.625000,4.545337
1787313601656250000,2026-08-21T07:00:01.656250,4.898393
1787313601687500000,2026-08-21T07:00:01.687500,4.761725
1787313601718750000,2026-08-21T07:00:01.718750,4.795516
1787313601750000000,2026-08-21T07:00:01.750000,5.001716
1787313601781250000,2026-08-21T07:00:01.781250,4.999656
1787313601812500000,2026-08-21T07:00:01.812500,5.081101
1787313601843750000,2026-08-21T07:00:01.843750,5.378487
1787313601875000000,2026-08-21T07:00:01.875000,5.556964
1787313601906250000,2026-08-21T07:00:01.906250,5.055548
1787313601937500000,2026-08-21T07:00:01.937500,4.885200
1787313601968750000,2026-08-21T07:00:01.968750,4.922665
1787313602000000000,2026-08-21T07:00:02,4.779929
1787313602031250000,2026-08-21T07:00:02.031250,4.544057
1787313602062500000,2026-08-21T07:00:02.062500,4.877072
1787313602093750000,2026-08-21T07:00:02.093750,4.772024
1787313602125000000,2026-08-21T07:00:02.125000,4.770187
1787313602156250000,2026-08-21T07:00:02.156250,4.629287
1787313602187500000,2026-08-21T07:00:02.187500,4.881080
1787313602218750000,2026-08-21T07:00:02.218750,4.944432
1787313602250000000,2026-08-21T07:00:02.250000,5.035619
1787313602281250000,2026-08-21T07:00:02.281250,5.049369
1787313602312500000,2026-08-21T07:00:02.312500,5.069410
1787313602343750000,2026-08-21T07:00:02.343750,4.577849
1787313602375000000,2026-08-21T07:00:02.375000,4.441069
1787313602406250000,2026-08-21T07:00:02.406250,4.284359
1787313602437500000,2026-08-21T07:00:02.437500,4.082279
1787313602468750000,2026-08-21T07:00:02.468750,4.540049
1787313602500000000,2026-08-21T07:00:02.500000,4.952114
1787313602531250000,2026-08-21T07:00:02.531250,5.074921
1787313602562500000,2026-08-21T07:00:02.562500,5.166108
1787313602593750000,2026-08-21T07:00:02.593750,5.265088
1787313602625000000,2026-08-21T07:00:02.625000,5.043078
1787313602656250000,2026-08-21T07:00:02.656250,4.898282
1787313602687500000,2026-08-21T07:00:02.687500,4.922108
1787313602718750000,2026-08-21T07:00:02.718750,4.975495
1787313602750000000,2026-08-21T07:00:02.750000,4.995202
1787313602781250000,2026-08-21T07:00:02.781250,4.931628
1787313602812500000,2026-08-21T07:00:02.812500,4.927508
1787313602843750000,2026-08-21T07:00:02.843750,4.869779
1787313602875000000,2026-08-21T07:00:02.875000,4.713180
1787313602906250000,2026-08-21T07:00:02.906250,4.405940
1787313602937500000,2026-08-21T07:00:02.937500,4.302618
1787313602968750000,2026-08-21T07:00:02.968750,3.995489
1787313603000000000,2026-08-21T07:00:03,4.007180
1787313603031250000,2026-08-21T07:00:03.031250,4.111894
1787313603062500000,2026-08-21T07:00:03.062500,4.262090
1787313603093750000,2026-08-21T07:00:03.093750,4.081553
1787313603125000000,2026-08-21T07:00:03.125000,4.241603
1787313603156250000,2026-08-21T07:00:03.156250,4.102540
1787313603187500000,2026-08-21T07:00:03.187500,3.882145
1787313603218750000,2026-08-21T07:00:03.218750,3.604242
1787313603250000000,2026-08-21T07:00:03.250000,3.276627
1787313603281250000,2026-08-21T07:00:03.281250,2.806609
1787313603312500000,2026-08-21T07:00:03.312500,2.532715
1787313603343750000,2026-08-21T07:00:03.343750,2.207048
1787313603375000000,2026-08-21T07:00:03.375000,2.167077
1787313603406250000,2026-08-21T07:00:03.406250,2.149096
1787313603437500000,2026-08-21T07:00:03.437500,1.821481
1787313603468750000,2026-08-21T07:00:03.468750,1.440479
1787313603500000000,2026-08-21T07:00:03.500000,1.178609
1787313603531250000,2026-08-21T07:00:03.531250,0.710428
1787313603562500000,2026-08-21T07:00:03.562500,0.398512
1787313603593750000,2026-08-21T07:00:03.593750,0.647800
1787313603625000000,2026-08-21T07:00:03.625000,0.782074
1787313603656250000,2026-08-21T07:00:03.656250,0.710149
1787313603687500000,2026-08-21T07:00:03.687500,0.517031
1787313603718750000,2026-08-21T07:00:03.718750,0.472829
1787313603750000000,2026-08-21T07:00:03.750000,0.107637
1787313603781250000,2026-08-21T07:00:03.781250,-0.305320
1787313603812500000,2026-08-21T07:00:03.812500,-0.640840
1787313603843750000,2026-08-21T07:00:03.843750,-0.960328
1787313603875000000,2026-08-21T07:00:03.875000,-1.799212
1787313603906250000,2026-08-21T07:00:03.906250,-2.176428
1787313603937500000,2026-08-21T07:00:03.937500,-2.521914
1787313603968750000,2026-08-21T07:00:03.968750,-2.764299
1787313604000000000,2026-08-21T07:00:04,-2.770701
1787313604031250000,2026-08-21T07:00:04.031250,-2.144976
1787313604062500000,2026-08-21T07:00:04.062500,-2.173368
1787313604093750000,2026-08-21T07:00:04.093750,-2.294672
1787313604125000000,2026-08-21T07:00:04.125000,-2.679794
1787313604156250000,2026-08-21T07:00:04.156250,-2.765693
1787313604187500000,2026-08-21T07:00:04.187500,-3.243950
1787313604218750000,2026-08-21T07:00:04.218750,-3.710293
1787313604250000000,2026-08-21T07:00:04.250000,-3.986359
1787313604281250000,2026-08-21T07:00:04.281250,-3.931135
1787313604312500000,2026-08-21T07:00:04.312500,-4.246614
1787313604343750000,2026-08-21T07:00:04.343750,-4.564041
1787313604375000000,2026-08-21T07:00:04.375000,-4.833927
1787313604406250000,2026-08-21T07:00:04.406250,-4.873787
1787313604437500000,2026-08-21T07:00:04.437500,-5.199231
1787313604468750000,2026-08-21T07:00:04.468750,-5.346087
1787313604500000000,2026-08-21T07:00:04.500000,-5.092568
1787313604531250000,2026-08-21T07:00:04.531250,-4.743743
1787313604562500000,2026-08-21T07:00:04.562500,-5.122574
1787313604593750000,2026-08-21T07:00:04.593750,-5.241707
1787313604625000000,2026-08-21T07:00:04.625000,-5.283515
1787313604656250000,2026-08-21T07:00:04.656250,-5.392683
1787313604687500000,2026-08-21T07:00:04.687500,-5.553401
1787313604718750000,2026-08-21T07:00:04.718750,-5.272047
1787313604750000000,2026-08-21T07:00:04.750000,-5.383052
1787313604781250000,2026-08-21T07:00:04.781250,-5.307676
1787313604812500000,2026-08-21T07:00:04.812500,-5.499791
1787313604843750000,2026-08-21T07:00:04.843750,-5.466000
1787313604875000000,2026-08-21T07:00:04.875000,-5.556964
1787313604906250000,2026-08-21T07:00:04.906250,-5.285241
1787313604937500000,2026-08-21T07:00:04.937500,-5.322818
1787313604968750000,2026-08-21T07:00:04.968750,-5.356386
1787313605000000000,2026-08-21T07:00:05,-5.219495
1787313605031250000,2026-08-21T07:00:05.031250,-5.205299
1787313605062500000,2026-08-21T07:00:05.062500,-5.322038
1787313605093750000,2026-08-21T07:00:05.093750,-5.066014
1787313605125000000,2026-08-21T07:00:05.125000,-4.865659
1787313605156250000,2026-08-21T07:00:05.156250,-4.938641
1787313605187500000,2026-08-21T07:00:05.187500,-4.377326
1787313605218750000,2026-08-21T07:00:05.218750,-3.972608
1787313605250000000,2026-08-21T07:00:05.250000,-4.049488
1787313605281250000,2026-08-21T07:00:05.281250,-3.553361
1787313605312500000,2026-08-21T07:00:05.312500,-3.015760
1787313605343750000,2026-08-21T07:00:05.343750,-3.049217
1787313605375000000,2026-08-21T07:00:05.375000,-2.739472
1787313605406250000,2026-08-21T07:00:05.406250,-2.574634
1787313605437500000,2026-08-21T07:00:05.437500,-2.594007
1787313605468750000,2026-08-21T07:00:05.468750,-2.514288
1787313605500000000,2026-08-21T07:00:05.500000,-2.533438
1787313605531250000,2026-08-21T07:00:05.531250,-2.392204
1787313605562500000,2026-08-21T07:00:05.562500,-2.219239
1787313605593750000,2026-08-21T07:00:05.593750,-1.921407
1787313605625000000,2026-08-21T07:00:05.625000,-1.891067
1787313605656250000,2026-08-21T07:00:05.656250,-1.420715
1787313605687500000,2026-08-21T07:00:05.687500,-1.105013
1787313605718750000,2026-08-21T07:00:05.718750,-0.491924
1787313605750000000,2026-08-21T07:00:05.750000,-0.435809
1787313605781250000,2026-08-21T07:00:05.781250,0.064326
1787313605812500000,2026-08-21T07:00:05.812500,0.478897
1787313605843750000,2026-08-21T07:00:05.843750,0.663776
1787313605875000000,2026-08-21T07:00:05.875000,0.904324
1787313605906250000,2026-08-21T07:00:05.906250,1.190354
1787313605937500000,2026-08-21T07:00:05.937500,1.214738
1787313605968750000,2026-08-21T07:00:05.968750,1.334316
1787313606000000000,2026-08-21T07:00:06,1.198093
1787313606031250000,2026-08-21T07:00:06.031250,1.253986
1787313606062500000,2026-08-21T07:00:06.062500,2.100886
1787313606093750000,2026-08-21T07:00:06.093750,2.562999
1787313606125000000,2026-08-21T07:00:06.125000,2.533884
1787313606156250000,2026-08-21T07:00:06.156250,2.871464
1787313606187500000,2026-08-21T07:00:06.187500,3.098039
1787356800093750000,2026-08-21T19:00:00.093750,5.286021
1787356800125000000,2026-08-21T19:00:00.125000,5.525900
1787356800156250000,2026-08-21T19:00:00.156250,5.248332
1787356800187500000,2026-08-21T19:00:00.187500,5.412836
1787356800218750000,2026-08-21T19:00:00.218750,5.533583
1787356800250000000,2026-08-21T19:00:00.250000,5.799126
1787356800281250000,2026-08-21T19:00:00.281250,5.691907
1787356800312500000,2026-08-21T19:00:00.312500,5.848616
1787356800343750000,2026-08-21T19:00:00.343750,5.471845
1787356800375000000,2026-08-21T19:00:00.375000,5.551118
1787356800406250000,2026-08-21T19:00:00.406250,5.644031
1787356800437500000,2026-08-21T19:00:00.437500,5.616196
1787356800468750000,2026-08-21T19:00:00.468750,5.467391
1787356800500000000,2026-08-21T19:00:00.500000,5.697306
1787356800531250000,2026-08-21T19:00:00.531250,5.487098
1787356800562500000,2026-08-21T19:00:00.562500,5.251226
1787356800593750000,2026-08-21T19:00:00.593750,4.985572
1787356800625000000,2026-08-21T19:00:00.625000,5.189489
1787356800656250000,2026-08-21T19:00:00.656250,5.092346
1787356800687500000,2026-08-21T19:00:00.687500,5.227066
1787356800718750000,2026-08-21T19:00:00.718750,5.222946
1787356800750000000,2026-08-21T19:00:00.750000,5.381381
1787356800781250000,2026-08-21T19:00:00.781250,5.226620
1787356800812500000,2026-08-21T19:00:00.812500,5.137048
1787356800843750000,2026-08-21T19:00:00.843750,4.633350
1787356800875000000,2026-08-21T19:00:00.875000,4.371592
1787356800906250000,2026-08-21T19:00:00.906250,4.149359
1787356800937500000,2026-08-21T19:00:00.937500,3.851861
1787356800968750000,2026-08-21T19:00:00.968750,3.607750
1787356801000000000,2026-08-21T19:00:01,3.700663
1787356801031250000,2026-08-21T19:00:01.031250,3.375107
1787356801062500000,2026-08-21T19:00:01.062500,3.386463
1787356801093750000,2026-08-21T19:00:01.093750,3.300899
1787356801125000000,2026-08-21T19:00:01.125000,3.239050
1787356801156250000,2026-08-21T19:00:01.156250,2.889668
1787356801187500000,2026-08-21T19:00:01.187500,3.123257
1787356801218750000,2026-08-21T19:00:01.218750,2.768030
1787356801250000000,2026-08-21T19:00:01.250000,2.793136
1787356801281250000,2026-08-21T19:00:01.281250,2.707572
1787356801312500000,2026-08-21T19:00:01.312500,2.445480
1787356801343750000,2026-08-21T19:00:01.343750,1.873977
1787356801375000000,2026-08-21T19:00:01.375000,1.296851
1787356801406250000,2026-08-21T19:00:01.406250,0.747337
1787356801437500000,2026-08-21T19:00:01.437500,0.449393
1787356801468750000,2026-08-21T19:00:01.468750,0.355701
1787356801500000000,2026-08-21T19:00:01.500000,0.240131
1787356801531250000,2026-08-21T19:00:01.531250,0.251376
1787356801562500000,2026-08-21T19:00:01.562500,0.050799
1787356801593750000,2026-08-21T19:00:01.593750,-0.110254
1787356801625000000,2026-08-21T19:00:01.625000,-0.400292
1787356801656250000,2026-08-21T19:00:01.656250,-0.632712
1787356801687500000,2026-08-21T19:00:01.687500,-0.900873
1787356801718750000,2026-08-21T19:00:01.718750,-1.349569
1787356801750000000,2026-08-21T19:00:01.750000,-1.610047
1787356801781250000,2026-08-21T19:00:01.781250,-1.765254
1787356801812500000,2026-08-21T19:00:01.812500,-1.884833
1787356801843750000,2026-08-21T19:00:01.843750,-1.756626
1787356801875000000,2026-08-21T19:00:01.875000,-1.820646
1787356801906250000,2026-08-21T19:00:01.906250,-2.203486
1787356801937500000,2026-08-21T19:00:01.937500,-2.467749
1787356801968750000,2026-08-21T19:00:01.968750,-3.001341
1787356802000000000,2026-08-21T19:00:02,-3.681790
1787356802031250000,2026-08-21T19:00:02.031250,-3.501811
1787356802062500000,2026-08-21T19:00:02.062500,-3.712464
1787356802093750000,2026-08-21T19:00:02.093750,-3.742470
1787356802125000000,2026-08-21T19:00:02.125000,-3.427771
1787356802156250000,2026-08-21T19:00:02.156250,-3.305298
1787356802187500000,2026-08-21T19:00:02.187500,-3.676447
1787356802218750000,2026-08-21T19:00:02.218750,-3.712521
1787356802250000000,2026-08-21T19:00:02.250000,-4.089515
1787356802281250000,2026-08-21T19:00:02.281250,-4.071757
1787356802312500000,2026-08-21T19:00:02.312500,-4.222510
1787356802343750000,2026-08-21T19:00:02.343750,-4.470406
1787356802375000000,2026-08-21T19:00:02.375000,-4.571669
1787356802406250000,2026-08-21T19:00:02.406250,-4.593547
1787356802437500000,2026-08-21T19:00:02.437500,-4.764341
1787356802468750000,2026-08-21T19:00:02.468750,-4.774529
1787356802500000000,2026-08-21T19:00:02.500000,-4.578517
1787356802531250000,2026-08-21T19:00:02.531250,-4.332792
1787356802562500000,2026-08-21T19:00:02.562500,-4.160606
1787356802593750000,2026-08-21T19:00:02.593750,-4.483545
1787356802625000000,2026-08-21T19:00:02.625000,-4.758830
1787356802656250000,2026-08-21T19:00:02.656250,-5.079821
1787356802687500000,2026-08-21T19:00:02.687500,-5.349372
1787356802718750000,2026-08-21T19:00:02.718750,-5.848616
1787356802750000000,2026-08-21T19:00:02.750000,-5.561195
1787356802781250000,2026-08-21T19:00:02.781250,-5.404374
1787356802812500000,2026-08-21T19:00:02.812500,-5.269431
1787356802843750000,2026-08-21T19:00:02.843750,-5.110661
1787356802875000000,2026-08-21T19:00:02.875000,-4.666307
1787356802906250000,2026-08-21T19:00:02.906250,-4.495513
1787356802937500000,2026-08-21T19:00:02.937500,-4.277400
1787356802968750000,2026-08-21T19:00:02.968750,-3.882536
1787356803000000000,2026-08-21T19:00:03,-3.800645
1787356803031250000,2026-08-21T19:00:03.031250,-3.437625
1787356803062500000,2026-08-21T19:00:03.062500,-3.599734
1787356803093750000,2026-08-21T19:00:03.093750,-3.623003
1787356803125000000,2026-08-21T19:00:03.125000,-3.463900
1787356803156250000,2026-08-21T19:00:03.156250,-3.340647
1787356803187500000,2026-08-21T19:00:03.187500,-3.050832
1787356803218750000,2026-08-21T19:00:03.218750,-2.800653
1787356803250000000,2026-08-21T19:00:03.250000,-2.142082
1787356803281250000,2026-08-21T19:00:03.281250,-2.080233
1787356803312500000,2026-08-21T19:00:03.312500,-1.722946
1787356803343750000,2026-08-21T19:00:03.343750,-1.726286
1787356803375000000,2026-08-21T19:00:03.375000,-1.454117
1787356803406250000,2026-08-21T19:00:03.406250,-1.316669
1787356803437500000,2026-08-21T19:00:03.437500,-1.151497
1787356803468750000,2026-08-21T19:00:03.468750,-1.127114
1787356803500000000,2026-08-21T19:00:03.500000,-0.932270
1787356803531250000,2026-08-21T19:00:03.531250,-0.493761
1787356803562500000,2026-08-21T19:00:03.562500,-0.497212
1787356803593750000,2026-08-21T19:00:03.593750,-0.235009
1787356803625000000,2026-08-21T19:00:03.625000,0.243360
1787356803656250000,2026-08-21T19:00:03.656250,0.541192
1787356803687500000,2026-08-21T19:00:03.687500,0.712431
1787356803718750000,2026-08-21T19:00:03.718750,0.944963
1787356803750000000,2026-08-21T19:00:03.750000,1.135799
1787356803781250000,2026-08-21T19:00:03.781250,1.457457
1787356803812500000,2026-08-21T19:00:03.812500,1.553098
1787356803843750000,2026-08-21T19:00:03.843750,1.777613
1787356803875000000,2026-08-21T19:00:03.875000,1.936605
1787356803906250000,2026-08-21T19:00:03.906250,2.620951
1787356803937500000,2026-08-21T19:00:03.937500,2.508332
1787356803968750000,2026-08-21T19:00:03.968750,2.859773
1787356804000000000,2026-08-21T19:00:04,3.020603
1787356804031250000,2026-08-21T19:00:04.031250,3.429440
1787356804062500000,2026-08-21T19:00:04.062500,3.384292
1787356804093750000,2026-08-21T19:00:04.093750,3.939651
1787356804125000000,2026-08-21T19:00:04.125000,4.283077
1787356804156250000,2026-08-21T19:00:04.156250,4.626279
1787356804187500000,2026-08-21T19:00:04.187500,5.094349
1787356804218750000,2026-08-21T19:00:04.218750,5.336400
1787356804250000000,2026-08-21T19:00:04.250000,5.558744
1787356804281250000,2026-08-21T19:00:04.281250,5.487375
1787356804312500000,2026-08-21T19:00:04.312500,5.464106
1787356804343750000,2026-08-21T19:00:04.343750,5.248275
1787356804375000000,2026-08-21T19:00:04.375000,5.304168
1787356804406250000,2026-08-21T19:00:04.406250,5.264865
1787356804437500000,2026-08-21T19:00:04.437500,5.499123
1787356804468750000,2026-08-21T19:00:04.468750,5.338628
1787356804500000000,2026-08-21T19:00:04.500000,5.434045
1787356804531250000,2026-08-21T19:00:04.531250,5.459932
1787356804562500000,2026-08-21T19:00:04.562500,5.236196
1787356804593750000,2026-08-21T19:00:04.593750,4.952783
1787356804625000000,2026-08-21T19:00:04.625000,5.307787
1787356804656250000,2026-08-21T19:00:04.656250,5.440559
1787356804687500000,2026-08-21T19:00:04.687500,5.363234
1787356804718750000,2026-08-21T19:00:04.718750,5.335288
1787356804750000000,2026-08-21T19:00:04.750000,5.424526
1787356804781250000,2026-08-21T19:00:04.781250,5.573108
1787356804812500000,2026-08-21T19:00:04.812500,5.160931
1787356804843750000,2026-08-21T19:00:04.843750,5.252229
1787356804875000000,2026-08-21T19:00:04.875000,5.555684
1787356804906250000,2026-08-21T19:00:04.906250,5.290252
1787356804937500000,2026-08-21T19:00:04.937500,5.347758
1787356804968750000,2026-08-21T19:00:04.968750,5.643196
1787356805000000000,2026-08-21T19:00:05,5.232856
1787356805031250000,2026-08-21T19:00:05.031250,5.103759
1787356805062500000,2026-08-21T19:00:05.062500,5.601166
1787356805093750000,2026-08-21T19:00:05.093750,5.513987
1787356805125000000,2026-08-21T19:00:05.125000,5.497954
1787356805156250000,2026-08-21T19:00:05.156250,5.737834
1787356805187500000,2026-08-21T19:00:05.187500,5.724084
1787356805218750000,2026-08-21T19:00:05.218750,5.714119
1787356805250000000,2026-08-21T19:00:05.250000,5.472291
1787356805281250000,2026-08-21T19:00:05.281250,5.285909
1787356805312500000,2026-08-21T19:00:05.312500,5.202516
1787356805343750000,2026-08-21T19:00:05.343750,5.095519
1787356805375000000,2026-08-21T19:00:05.375000,5.039850
1787356805406250000,2026-08-21T19:00:05.406250,4.944432
1787356805437500000,2026-08-21T19:00:05.437500,5.106987
1787356805468750000,2026-08-21T19:00:05.468750,5.081212
1787356805500000000,2026-08-21T19:00:05.500000,5.001605
1787356805531250000,2026-08-21T19:00:05.531250,4.894608
1787356805562500000,2026-08-21T19:00:05.562500,5.025431
1787356805593750000,2026-08-21T19:00:05.593750,4.829196
1787356805625000000,2026-08-21T19:00:05.625000,5.128420
1787356805656250000,2026-08-21T19:00:05.656250,5.271156
1787356805687500000,2026-08-21T19:00:05.687500,5.326492
1787356805718750000,2026-08-21T19:00:05.718750,5.015243
1787356805750000000,2026-08-21T19:00:05.750000,5.232911
1787356805781250000,2026-08-21T19:00:05.781250,4.853968
1787356805812500000,2026-08-21T19:00:05.812500,4.562427
1787356805843750000,2026-08-21T19:00:05.843750,4.409614
1787356805875000000,2026-08-21T19:00:05.875000,4.310300
1787356805906250000,2026-08-21T19:00:05.906250,3.979122
1787356805937500000,2026-08-21T19:00:05.937500,4.137446
1787356805968750000,2026-08-21T19:00:05.968750,4.313417
1787356806000000000,2026-08-21T19:00:06,4.209983
1787356806031250000,2026-08-21T19:00:06.031250,3.985579
1787356806062500000,2026-08-21T19:00:06.062500,3.787173
1787356806093750000,2026-08-21T19:00:06.093750,3.336973
1787356806125000000,2026-08-21T19:00:06.125000,3.378336
1787356806156250000,2026-08-21T19:00:06.156250,3.163896
1787356806187500000,2026-08-21T19:00:06.187500,3.332074
1787400000093750000,2026-08-22T07:00:00.093750,3.840004
1787400000125000000,2026-08-22T07:00:00.125000,3.476760
1787400000156250000,2026-08-22T07:00:00.156250,3.202643
1787400000187500000,2026-08-22T07:00:00.187500,2.738471
1787400000218750000,2026-08-22T07:00:00.218750,2.627131
1787400000250000000,2026-08-22T07:00:00.250000,2.517741
1787400000281250000,2026-08-22T07:00:00.281250,2.346946
1787400000312500000,2026-08-22T07:00:00.312500,2.330691
1787400000343750000,2026-08-22T07:00:00.343750,2.338150
1787400000375000000,2026-08-22T07:00:00.375000,2.331636
1787400000406250000,2026-08-22T07:00:00.406250,2.358914
1787400000437500000,2026-08-22T07:00:00.437500,1.995782
1787400000468750000,2026-08-22T07:00:00.468750,1.949743
1787400000500000000,2026-08-22T07:00:00.500000,1.689599
1787400000531250000,2026-08-22T07:00:00.531250,1.098389
1787400000562500000,2026-08-22T07:00:00.562500,0.800334
1787400000593750000,2026-08-22T07:00:00.593750,0.896920
1787400000625000000,2026-08-22T07:00:00.625000,0.791426
1787400000656250000,2026-08-22T07:00:00.656250,0.406193
1787400000687500000,2026-08-22T07:00:00.687500,-0.070116
1787400000718750000,2026-08-22T07:00:00.718750,-0.449058
1787400000750000000,2026-08-22T07:00:00.750000,-1.252425
1787400000781250000,2026-08-22T07:00:00.781250,-1.821868
1787400000812500000,2026-08-22T07:00:00.812500,-1.961154
1787400000843750000,2026-08-22T07:00:00.843750,-1.733744
1787400000875000000,2026-08-22T07:00:00.875000,-1.867184
1787400000906250000,2026-08-22T07:00:00.906250,-1.764530
1787400000937500000,2026-08-22T07:00:00.937500,-1.810569
1787400000968750000,2026-08-22T07:00:00.968750,-1.945846
1787400001000000000,2026-08-22T07:00:01,-1.936550
1787400001031250000,2026-08-22T07:00:01.031250,-2.299905
1787400001062500000,2026-08-22T07:00:01.062500,-2.381906
1787400001093750000,2026-08-22T07:00:01.093750,-2.786847
1787400001125000000,2026-08-22T07:00:01.125000,-3.273009
1787400001156250000,2026-08-22T07:00:01.156250,-3.677726
1787400001187500000,2026-08-22T07:00:01.187500,-3.739575
1787400001218750000,2026-08-22T07:00:01.218750,-4.080718
1787400001250000000,2026-08-22T07:00:01.250000,-4.148524
1787400001281250000,2026-08-22T07:00:01.281250,-3.924899
1787400001312500000,2026-08-22T07:00:01.312500,-3.939207
1787400001343750000,2026-08-22T07:00:01.343750,-4.014917
1787400001375000000,2026-08-22T07:00:01.375000,-4.334405
1787400001406250000,2026-08-22T07:00:01.406250,-4.731329
1787400001437500000,2026-08-22T07:00:01.437500,-5.298490
1787400001468750000,2026-08-22T07:00:01.468750,-5.598047
1787400001500000000,2026-08-22T07:00:01.500000,-6.002653
1787400001531250000,2026-08-22T07:00:01.531250,-5.842604
1787400001562500000,2026-08-22T07:00:01.562500,-6.023140
1787400001593750000,2026-08-22T07:00:01.593750,-5.747743
1787400001625000000,2026-08-22T07:00:01.625000,-5.624825
1787400001656250000,2026-08-22T07:00:01.656250,-5.365350
1787400001687500000,2026-08-22T07:00:01.687500,-5.493890
1787400001718750000,2026-08-22T07:00:01.718750,-5.208194
1787400001750000000,2026-08-22T07:00:01.750000,-5.138663
1787400001781250000,2026-08-22T07:00:01.781250,-5.396301
1787400001812500000,2026-08-22T07:00:01.812500,-5.459430
1787400001843750000,2026-08-22T07:00:01.843750,-5.334452
1787400001875000000,2026-08-22T07:00:01.875000,-5.558411
1787400001906250000,2026-08-22T07:00:01.906250,-5.552343
1787400001937500000,2026-08-22T07:00:01.937500,-5.139943
1787400001968750000,2026-08-22T07:00:01.968750,-5.325990
1787400002000000000,2026-08-22T07:00:02,-4.992753
1787400002031250000,2026-08-22T07:00:02.031250,-4.681282
1787400002062500000,2026-08-22T07:00:02.062500,-4.536374
1787400002093750000,2026-08-22T07:00:02.093750,-4.351718
1787400002125000000,2026-08-22T07:00:02.125000,-3.964870
1787400002156250000,2026-08-22T07:00:02.156250,-4.258026
1787400002187500000,2026-08-22T07:00:02.187500,-4.115178
1787400002218750000,2026-08-22T07:00:02.218750,-3.876912
1787400002250000000,2026-08-22T07:00:02.250000,-3.925957
1787400002281250000,2026-08-22T07:00:02.281250,-3.751154
1787400002312500000,2026-08-22T07:00:02.312500,-3.237157
1787400002343750000,2026-08-22T07:00:02.343750,-2.796366
1787400002375000000,2026-08-22T07:00:02.375000,-2.954467
1787400002406250000,2026-08-22T07:00:02.406250,-2.864895
1787400002437500000,2026-08-22T07:00:02.437500,-2.636371
1787400002468750000,2026-08-22T07:00:02.468750,-2.277024
1787400002500000000,2026-08-22T07:00:02.500000,-2.021000
1787400002531250000,2026-08-22T07:00:02.531250,-1.245579
1787400002562500000,2026-08-22T07:00:02.562500,-1.030917
1787400002593750000,2026-08-22T07:00:02.593750,-0.685432
1787400002625000000,2026-08-22T07:00:02.625000,-0.732528
1787400002656250000,2026-08-22T07:00:02.656250,-0.789144
1787400002687500000,2026-08-22T07:00:02.687500,-0.921136
1787400002718750000,2026-08-22T07:00:02.718750,-0.468542
1787400002750000000,2026-08-22T07:00:02.750000,-0.258000
1787400002781250000,2026-08-22T07:00:02.781250,0.069615
1787400002812500000,2026-08-22T07:00:02.812500,0.527943
1787400002843750000,2026-08-22T07:00:02.843750,1.041828
1787400002875000000,2026-08-22T07:00:02.875000,1.236560
1787400002906250000,2026-08-22T07:00:02.906250,1.502883
1787400002937500000,2026-08-22T07:00:02.937500,1.830499
1787400002968750000,2026-08-22T07:00:02.968750,1.888451
1787400003000000000,2026-08-22T07:00:03,2.204042
1787400003031250000,2026-08-22T07:00:03.031250,2.250192
1787400003062500000,2026-08-22T07:00:03.062500,2.355463
1787400003093750000,2026-08-22T07:00:03.093750,2.457060
1787400003125000000,2026-08-22T07:00:03.125000,2.780667
1787400003156250000,2026-08-22T07:00:03.156250,2.654409
1787400003187500000,2026-08-22T07:00:03.187500,3.057178
1787400003218750000,2026-08-22T07:00:03.218750,3.244228
1787400003250000000,2026-08-22T07:00:03.250000,3.371377
1787400003281250000,2026-08-22T07:00:03.281250,3.655125
1787400003312500000,2026-08-22T07:00:03.312500,3.934976
1787400003343750000,2026-08-22T07:00:03.343750,3.927405
1787400003375000000,2026-08-22T07:00:03.375000,4.329840
1787400003406250000,2026-08-22T07:00:03.406250,4.423420
1787400003437500000,2026-08-22T07:00:03.437500,4.550570
1787400003468750000,2026-08-22T07:00:03.468750,4.400151
1787400003500000000,2026-08-22T07:00:03.500000,4.763060
1787400003531250000,2026-08-22T07:00:03.531250,4.523626
1787400003562500000,2026-08-22T07:00:03.562500,4.856752
1787400003593750000,2026-08-22T07:00:03.593750,4.922610
1787400003625000000,2026-08-22T07:00:03.625000,5.596656
1787400003656250000,2026-08-22T07:00:03.656250,5.525399
1787400003687500000,2026-08-22T07:00:03.687500,5.920040
1787400003718750000,2026-08-22T07:00:03.718750,5.918203
1787400003750000000,2026-08-22T07:00:03.750000,6.023140
1787400003781250000,2026-08-22T07:00:03.781250,5.537535
1787400003812500000,2026-08-22T07:00:03.812500,5.755760
1787400003843750000,2026-08-22T07:00:03.843750,5.484260
1787400003875000000,2026-08-22T07:00:03.875000,5.549783
1787400003906250000,2026-08-22T07:00:03.906250,5.181251
1787400003937500000,2026-08-22T07:00:03.937500,5.462716
1787400003968750000,2026-08-22T07:00:03.968750,4.951224
1787400004000000000,2026-08-22T07:00:04,5.105651
1787400004031250000,2026-08-22T07:00:04.031250,4.897503
1787400004062500000,2026-08-22T07:00:04.062500,4.946993
1787400004093750000,2026-08-22T07:00:04.093750,4.849961
1787400004125000000,2026-08-22T07:00:04.125000,5.169115
1787400004156250000,2026-08-22T07:00:04.156250,4.925449
1787400004187500000,2026-08-22T07:00:04.187500,4.955232
1787400004218750000,2026-08-22T07:00:04.218750,5.137606
1787400004250000000,2026-08-22T07:00:04.250000,4.953284
1787400004281250000,2026-08-22T07:00:04.281250,4.909639
1787400004312500000,2026-08-22T07:00:04.312500,4.778704
1787400004343750000,2026-08-22T07:00:04.343750,4.750870
1787400004375000000,2026-08-22T07:00:04.375000,4.695311
1787400004406250000,2026-08-22T07:00:04.406250,4.582247
1787400004437500000,2026-08-22T07:00:04.437500,4.556583
1787400004468750000,2026-08-22T07:00:04.468750,5.077928
1787400004500000000,2026-08-22T07:00:04.500000,5.022258
1787400004531250000,2026-08-22T07:00:04.531250,4.994424
1787400004562500000,2026-08-22T07:00:04.562500,5.144954
1787400004593750000,2026-08-22T07:00:04.593750,5.025932
1787400004625000000,2026-08-22T07:00:04.625000,4.522235
1787400004656250000,2026-08-22T07:00:04.656250,4.607353
1787400004687500000,2026-08-22T07:00:04.687500,4.450532
1787400004718750000,2026-08-22T07:00:04.718750,4.761558
1787400004750000000,2026-08-22T07:00:04.750000,4.870280
1787400004781250000,2026-08-22T07:00:04.781250,4.806817
1787400004812500000,2026-08-22T07:00:04.812500,4.511490
1787400004843750000,2026-08-22T07:00:04.843750,4.785161
1787400004875000000,2026-08-22T07:00:04.875000,4.489723
1787400004906250000,2026-08-22T07:00:04.906250,4.267713
1787400004937500000,2026-08-22T07:00:04.937500,4.220060
1787400004968750000,2026-08-22T07:00:04.968750,4.632126
1787400005000000000,2026-08-22T07:00:05,4.197848
1787400005031250000,2026-08-22T07:00:05.031250,4.453426
1787400005062500000,2026-08-22T07:00:05.062500,4.441402
1787400005093750000,2026-08-22T07:00:05.093750,4.540159
1787400005125000000,2026-08-22T07:00:05.125000,4.149526
1787400005156250000,2026-08-22T07:00:05.156250,4.091463
1787400005187500000,2026-08-22T07:00:05.187500,3.625342
1787400005218750000,2026-08-22T07:00:05.218750,3.303794
1787400005250000000,2026-08-22T07:00:05.250000,3.473920
1787400005281250000,2026-08-22T07:00:05.281250,3.477371
1787400005312500000,2026-08-22T07:00:05.312500,3.225467
1787400005343750000,2026-08-22T07:00:05.343750,2.824535
1787400005375000000,2026-08-22T07:00:05.375000,2.770591
1787400005406250000,2026-08-22T07:00:05.406250,2.092202
1787400005437500000,2026-08-22T07:00:05.437500,1.986708
1787400005468750000,2026-08-22T07:00:05.468750,1.821536
1787400005500000000,2026-08-22T07:00:05.500000,1.623019
1787400005531250000,2026-08-22T07:00:05.531250,1.247750
1787400005562500000,2026-08-22T07:00:05.562500,1.009262
1787400005593750000,2026-08-22T07:00:05.593750,0.770885
1787400005625000000,2026-08-22T07:00:05.625000,0.768379
1787400005656250000,2026-08-22T07:00:05.656250,0.827278
1787400005687500000,2026-08-22T07:00:05.687500,0.620521
1787400005718750000,2026-08-22T07:00:05.718750,0.453623
1787400005750000000,2026-08-22T07:00:05.750000,0.024968
1787400005781250000,2026-08-22T07:00:05.781250,-0.032873
1787400005812500000,2026-08-22T07:00:05.812500,-0.608385
1787400005843750000,2026-08-22T07:00:05.843750,-0.456129
1787400005875000000,2026-08-22T07:00:05.875000,-0.813304
1787400005906250000,2026-08-22T07:00:05.906250,-1.422607
1787400005937500000,2026-08-22T07:00:05.937500,-1.903147
1787400005968750000,2026-08-22T07:00:05.968750,-2.052397
1787400006000000000,2026-08-22T07:00:06,-2.340376
1787400006031250000,2026-08-22T07:00:06.031250,-2.523529
1787400006062500000,2026-08-22T07:00:06.062500,-2.537836
1787400006093750000,2026-08-22T07:00:06.093750,-2.883099
1787400006125000000,2026-08-22T07:00:06.125000,-2.960869
1787400006156250000,2026-08-22T07:00:06.156250,-3.034632
1787400006187500000,2026-08-22T07:00:06.187500,-3.134169
