timestamp_ns,timestamp_iso,valor
1787011200093750000,2026-08-17T19:00:00.093750,15.340761
1787011200125000000,2026-08-17T19:00:00.125000,14.411592
1787011200156250000,2026-08-17T19:00:00.156250,13.406816
1787011200187500000,2026-08-17T19:00:00.187500,12.769645
1787011200218750000,2026-08-17T19:00:00.218750,12.233547
1787011200250000000,2026-08-17T19:00:00.250000,11.167297
1787011200281250000,2026-08-17T19:00:00.281250,10.768057
1787011200312500000,2026-08-17T19:00:00.312500,10.227922
1787011200343750000,2026-08-17T19:00:00.343750,9.290565
1787011200375000000,2026-08-17T19:00:00.375000,8.532130
1787011200406250000,2026-08-17T19:00:00.406250,7.978085
1787011200437500000,2026-08-17T19:00:00.437500,6.425320
1787011200468750000,2026-08-17T19:00:00.468750,5.176444
1787011200500000000,2026-08-17T19:00:00.500000,4.390190
1787011200531250000,2026-08-17T19:00:00.531250,2.960596
1787011200562500000,2026-08-17T19:00:00.562500,1.481419
1787011200593750000,2026-08-17T19:00:00.593750,0.685292
1787011200625000000,2026-08-17T19:00:00.625000,-0.043415
1787011200656250000,2026-08-17T19:00:00.656250,-0.941060
1787011200687500000,2026-08-17T19:00:00.687500,-1.999457
1787011200718750000,2026-08-17T19:00:00.718750,-2.583342
1787011200750000000,2026-08-17T19:00:00.750000,-3.595971
1787011200781250000,2026-08-17T19:00:00.781250,-5.142679
1787011200812500000,2026-08-17T19:00:00.812500,-6.466939
1787011200843750000,2026-08-17T19:00:00.843750,-7.203721
1787011200875000000,2026-08-17T19:00:00.875000,-8.287808
1787011200906250000,2026-08-17T19:00:00.906250,-9.203290
1787011200937500000,2026-08-17T19:00:00.937500,-10.021514
1787011200968750000,2026-08-17T19:00:00.968750,-11.115695
1787011201000000000,2026-08-17T19:00:01,-12.307023
1787011201031250000,2026-08-17T19:00:01.031250,-13.548046
1787011201062500000,2026-08-17T19:00:01.062500,-14.922223
1787011201093750000,2026-08-17T19:00:01.093750,-15.416702
1787011201125000000,2026-08-17T19:00:01.125000,-16.671524
1787011201156250000,2026-08-17T19:00:01.156250,-17.660371
1787011201187500000,2026-08-17T19:00:01.187500,-18.273871
1787011201218750000,2026-08-17T19:00:01.218750,-18.700708
1787011201250000000,2026-08-17T19:00:01.250000,-19.731285
1787011201281250000,2026-08-17T19:00:01.281250,-19.904151
1787011201312500000,2026-08-17T19:00:01.312500,-20.170125
1787011201343750000,2026-08-17T19:00:01.343750,-20.787775
1787011201375000000,2026-08-17T19:00:01.375000,-21.363583
1787011201406250000,2026-08-17T19:00:01.406250,-21.796366
1787011201437500000,2026-08-17T19:00:01.437500,-22.207385
1787011201468750000,2026-08-17T19:00:01.468750,-22.727777
1787011201500000000,2026-08-17T19:00:01.500000,-23.049280
1787011201531250000,2026-08-17T19:00:01.531250,-23.301344
1787011201562500000,2026-08-17T19:00:01.562500,-23.303474
1787011201593750000,2026-08-17T19:00:01.593750,-23.043446
1787011201625000000,2026-08-17T19:00:01.625000,-22.787232
1787011201656250000,2026-08-17T19:00:01.656250,-22.555023
1787011201687500000,2026-08-17T19:00:01.687500,-22.721943
1787011201718750000,2026-08-17T19:00:01.718750,-23.031443
1787011201750000000,2026-08-17T19:00:01.750000,-23.607029
1787011201781250000,2026-08-17T19:00:01.781250,-23.646740
1787011201812500000,2026-08-17T19:00:01.812500,-23.573375
1787011201843750000,2026-08-17T19:00:01.843750,-22.673710
1787011201875000000,2026-08-17T19:00:01.875000,-22.074231
1787011201906250000,2026-08-17T19:00:01.906250,-21.033894
1787011201937500000,2026-08-17T19:00:01.937500,-20.470087
1787011201968750000,2026-08-17T19:00:01.968750,-20.056937
1787011202000000000,2026-08-17T19:00:02,-19.918061
1787011202031250000,2026-08-17T19:00:02.031250,-19.362107
1787011202062500000,2026-08-17T19:00:02.062500,-19.070221
1787011202093750000,2026-08-17T19:00:02.093750,-18.658978
1787011202125000000,2026-08-17T19:00:02.125000,-17.634458
1787011202156250000,2026-08-17T19:00:02.156250,-16.631701
1787011202187500000,2026-08-17T19:00:02.187500,-15.902660
1787011202218750000,2026-08-17T19:00:02.218750,-14.868157
1787011202250000000,2026-08-17T19:00:02.250000,-13.781940
1787011202281250000,2026-08-17T19:00:02.281250,-13.096870
1787011202312500000,2026-08-17T19:00:02.312500,-12.483258
1787011202343750000,2026-08-17T19:00:02.343750,-11.214638
1787011202375000000,2026-08-17T19:00:02.375000,-10.061002
1787011202406250000,2026-08-17T19:00:02.406250,-9.396011
1787011202437500000,2026-08-17T19:00:02.437500,-8.188753
1787011202468750000,2026-08-17T19:00:02.468750,-6.844527
1787011202500000000,2026-08-17T19:00:02.500000,-6.258846
1787011202531250000,2026-08-17T19:00:02.531250,-5.353459
1787011202562500000,2026-08-17T19:00:02.562500,-3.818642
1787011202593750000,2026-08-17T19:00:02.593750,-2.659060
1787011202625000000,2026-08-17T19:00:02.625000,-1.789234
1787011202656250000,2026-08-17T19:00:02.656250,-0.298055
1787011202687500000,2026-08-17T19:00:02.687500,0.341470
1787011202718750000,2026-08-17T19:00:02.718750,1.570601
1787011202750000000,2026-08-17T19:00:02.750000,2.511773
1787011202781250000,2026-08-17T19:00:02.781250,3.911639
1787011202812500000,2026-08-17T19:00:02.812500,4.783484
1787011202843750000,2026-08-17T19:00:02.843750,6.181332
1787011202875000000,2026-08-17T19:00:02.875000,7.051046
1787011202906250000,2026-08-17T19:00:02.906250,7.990310
1787011202937500000,2026-08-17T19:00:02.937500,8.697031
1787011202968750000,2026-08-17T19:00:02.968750,9.884322
1787011203000000000,2026-08-17T19:00:03,10.936662
1787011203031250000,2026-08-17T19:00:03.031250,11.937511
1787011203062500000,2026-08-17T19:00:03.062500,12.789612
1787011203093750000,2026-08-17T19:00:03.093750,13.667290
1787011203125000000,2026-08-17T19:00:03.125000,14.366270
1787011203156250000,2026-08-17T19:00:03.156250,15.214110
1787011203187500000,2026-08-17T19:00:03.187500,15.780046
1787011203218750000,2026-08-17T19:00:03.218750,16.562151
1787011203250000000,2026-08-17T19:00:03.250000,17.179801
1787011203281250000,2026-08-17T19:00:03.281250,17.697951
1787011203312500000,2026-08-17T19:00:03.312500,17.741700
1787011203343750000,2026-08-17T19:00:03.343750,18.454478
1787011203375000000,2026-08-17T19:00:03.375000,19.093780
1787011203406250000,2026-08-17T19:00:03.406250,19.427174
1787011203437500000,2026-08-17T19:00:03.437500,19.915819
1787011203468750000,2026-08-17T19:00:03.468750,20.741896
1787011203500000000,2026-08-17T19:00:03.500000,21.029744
1787011203531250000,2026-08-17T19:00:03.531250,21.347432
1787011203562500000,2026-08-17T19:00:03.562500,21.899458
1787011203593750000,2026-08-17T19:00:03.593750,22.381935
1787011203625000000,2026-08-17T19:00:03.625000,22.322369
1787011203656250000,2026-08-17T19:00:03.656250,22.540668
1787011203687500000,2026-08-17T19:00:03.687500,22.735296
1787011203718750000,2026-08-17T19:00:03.718750,22.707587
1787011203750000000,2026-08-17T19:00:03.750000,22.939796
1787011203781250000,2026-08-17T19:00:03.781250,23.386377
1787011203812500000,2026-08-17T19:00:03.812500,23.273301
1787011203843750000,2026-08-17T19:00:03.843750,23.213846
1787011203875000000,2026-08-17T19:00:03.875000,23.309086
1787011203906250000,2026-08-17T19:00:03.906250,23.110642
1787011203937500000,2026-08-17T19:00:03.937500,22.785324
1787011203968750000,2026-08-17T19:00:03.968750,23.202289
1787011204000000000,2026-08-17T19:00:04,23.247834
1787011204031250000,2026-08-17T19:00:04.031250,23.446501
1787011204062500000,2026-08-17T19:00:04.062500,23.226071
1787011204093750000,2026-08-17T19:00:04.093750,23.226071
1787011204125000000,2026-08-17T19:00:04.125000,23.055448
1787011204156250000,2026-08-17T19:00:04.156250,23.132851
1787011204187500000,2026-08-17T19:00:04.187500,23.116922
1787011204218750000,2026-08-17T19:00:04.218750,23.265782
1787011204250000000,2026-08-17T19:00:04.250000,23.646740
1787011204281250000,2026-08-17T19:00:04.281250,23.410271
1787011204312500000,2026-08-17T19:00:04.312500,23.213735
1787011204343750000,2026-08-17T19:00:04.343750,23.330849
1787011204375000000,2026-08-17T19:00:04.375000,23.078784
1787011204406250000,2026-08-17T19:00:04.406250,22.671803
1787011204437500000,2026-08-17T19:00:04.437500,22.677971
1787011204468750000,2026-08-17T19:00:04.468750,22.661931
1787011204500000000,2026-08-17T19:00:04.500000,22.258876
1787011204531250000,2026-08-17T19:00:04.531250,22.254838
1787011204562500000,2026-08-17T19:00:04.562500,22.151634
1787011204593750000,2026-08-17T19:00:04.593750,22.036316
1787011204625000000,2026-08-17T19:00:04.625000,21.867712
1787011204656250000,2026-08-17T19:00:04.656250,21.562027
1787011204687500000,2026-08-17T19:00:04.687500,21.561915
1787011204718750000,2026-08-17T19:00:04.718750,21.331503
1787011204750000000,2026-08-17T19:00:04.750000,21.009777
1787011204781250000,2026-08-17T19:00:04.781250,20.676161
1787011204812500000,2026-08-17T19:00:04.812500,20.568919
1787011204843750000,2026-08-17T19:00:04.843750,20.120319
1787011204875000000,2026-08-17T19:00:04.875000,20.066809
1787011204906250000,2026-08-17T19:00:04.906250,19.518932
1787011204937500000,2026-08-17T19:00:04.937500,18.869758
1787011204968750000,2026-08-17T19:00:04.968750,18.178632
1787011205000000000,2026-08-17T19:00:05,17.852980
1787011205031250000,2026-08-17T19:00:05.031250,17.235441
1787011205062500000,2026-08-17T19:00:05.062500,16.941536
1787011205093750000,2026-08-17T19:00:05.093750,16.480711
1787011205125000000,2026-08-17T19:00:05.125000,15.990269
1787011205156250000,2026-08-17T19:00:05.156250,15.021278
1787011205187500000,2026-08-17T19:00:05.187500,13.831968
1787011205218750000,2026-08-17T19:00:05.218750,13.079368
1787011205250000000,2026-08-17T19:00:05.250000,12.507374
1787011205281250000,2026-08-17T19:00:05.281250,11.224844
1787011205312500000,2026-08-17T19:00:05.312500,10.559742
1787011205343750000,2026-08-17T19:00:05.343750,10.077042
1787011205375000000,2026-08-17T19:00:05.375000,9.207328
1787011205406250000,2026-08-17T19:00:05.406250,8.212647
1787011205437500000,2026-08-17T19:00:05.437500,7.845042
1787011205468750000,2026-08-17T19:00:05.468750,6.889960
1787011205500000000,2026-08-17T19:00:05.500000,5.770201
1787011205531250000,2026-08-17T19:00:05.531250,4.638328
1787011205562500000,2026-08-17T19:00:05.562500,3.685265
1787011205593750000,2026-08-17T19:00:05.593750,2.630906
1787011205625000000,2026-08-17T19:00:05.625000,1.401774
1787011205656250000,2026-08-17T19:00:05.656250,0.599591
1787011205687500000,2026-08-17T19:00:05.687500,-0.317799
1787011205718750000,2026-08-17T19:00:05.718750,-1.497348
1787011205750000000,2026-08-17T19:00:05.750000,-2.494159
1787011205781250000,2026-08-17T19:00:05.781250,-3.159485
1787011205812500000,2026-08-17T19:00:05.812500,-4.585041
1787011205843750000,2026-08-17T19:00:05.843750,-5.960902
1787011205875000000,2026-08-17T19:00:05.875000,-6.939766
1787011205906250000,2026-08-17T19:00:05.906250,-8.254154
1787011205937500000,2026-08-17T19:00:05.937500,-9.568653
1787011205968750000,2026-08-17T19:00:05.968750,-10.776133
1787011206000000000,2026-08-17T19:00:06,-11.461314
1787011206031250000,2026-08-17T19:00:06.031250,-12.507709
1787011206062500000,2026-08-17T19:00:06.062500,-13.161143
1787011206093750000,2026-08-17T19:00:06.093750,-14.179718
1787011206125000000,2026-08-17T19:00:06.125000,-14.969899
1787011206156250000,2026-08-17T19:00:06.156250,-16.189047
1787011206187500000,2026-08-17T19:00:06.187500,-17.263150
1787054400093750000,2026-08-18T07:00:00.093750,21.145904
1787054400125000000,2026-08-18T07:00:00.125000,21.445755
1787054400156250000,2026-08-18T07:00:00.156250,21.449682
1787054400187500000,2026-08-18T07:00:00.187500,21.733715
1787054400218750000,2026-08-18T07:00:00.218750,21.842865
1787054400250000000,2026-08-18T07:00:00.250000,22.055218
1787054400281250000,2026-08-18T07:00:00.281250,22.295503
1787054400312500000,2026-08-18T07:00:00.312500,22.537695
1787054400343750000,2026-08-18T07:00:00.343750,22.543418
1787054400375000000,2026-08-18T07:00:00.375000,22.539491
1787054400406250000,2026-08-18T07:00:00.406250,22.452216
1787054400437500000,2026-08-18T07:00:00.437500,22.128694
1787054400468750000,2026-08-18T07:00:00.468750,22.297522
1787054400500000000,2026-08-18T07:00:00.500000,22.389057
1787054400531250000,2026-08-18T07:00:00.531250,22.351477
1787054400562500000,2026-08-18T07:00:00.562500,22.315804
1787054400593750000,2026-08-18T07:00:00.593750,22.629565
1787054400625000000,2026-08-18T07:00:00.625000,22.708875
1787054400656250000,2026-08-18T07:00:00.656250,22.814321
1787054400687500000,2026-08-18T07:00:00.687500,22.861885
1787054400718750000,2026-08-18T07:00:00.718750,22.730750
1787054400750000000,2026-08-18T07:00:00.750000,22.627434
1787054400781250000,2026-08-18T07:00:00.781250,22.514470
1787054400812500000,2026-08-18T07:00:00.812500,22.494392
1787054400843750000,2026-08-18T07:00:00.843750,22.534103
1787054400875000000,2026-08-18T07:00:00.875000,22.702818
1787054400906250000,2026-08-18T07:00:00.906250,22.798169
1787054400937500000,2026-08-18T07:00:00.937500,22.583686
1787054400968750000,2026-08-18T07:00:00.968750,22.655143
1787054401000000000,2026-08-18T07:00:01,22.579648
1787054401031250000,2026-08-18T07:00:01.031250,22.438752
1787054401062500000,2026-08-18T07:00:01.062500,22.134974
1787054401093750000,2026-08-18T07:00:01.093750,22.273851
1787054401125000000,2026-08-18T07:00:01.125000,21.783521
1787054401156250000,2026-08-18T07:00:01.156250,21.402341
1787054401187500000,2026-08-18T07:00:01.187500,21.293191
1787054401218750000,2026-08-18T07:00:01.218750,21.388319
1787054401250000000,2026-08-18T07:00:01.250000,20.945553
1787054401281250000,2026-08-18T07:00:01.281250,20.675653
1787054401312500000,2026-08-18T07:00:01.312500,20.520624
1787054401343750000,2026-08-18T07:00:01.343750,20.415290
1787054401375000000,2026-08-18T07:00:01.375000,19.720348
1787054401406250000,2026-08-18T07:00:01.406250,19.283528
1787054401437500000,2026-08-18T07:00:01.437500,19.029222
1787054401468750000,2026-08-18T07:00:01.468750,18.598347
1787054401500000000,2026-08-18T07:00:01.500000,18.080086
1787054401531250000,2026-08-18T07:00:01.531250,17.891403
1787054401562500000,2026-08-18T07:00:01.562500,17.470400
1787054401593750000,2026-08-18T07:00:01.593750,16.920281
1787054401625000000,2026-08-18T07:00:01.625000,16.479534
1787054401656250000,2026-08-18T07:00:01.656250,15.584130
1787054401687500000,2026-08-18T07:00:01.687500,14.839717
1787054401718750000,2026-08-18T07:00:01.718750,14.313491
1787054401750000000,2026-08-18T07:00:01.750000,13.638405
1787054401781250000,2026-08-18T07:00:01.781250,12.703179
1787054401812500000,2026-08-18T07:00:01.812500,12.182787
1787054401843750000,2026-08-18T07:00:01.843750,11.156248
1787054401875000000,2026-08-18T07:00:01.875000,10.357992
1787054401906250000,2026-08-18T07:00:01.906250,9.528100
1787054401937500000,2026-08-18T07:00:01.937500,9.178443
1787054401968750000,2026-08-18T07:00:01.968750,8.453551
1787054402000000000,2026-08-18T07:00:02,7.782280
1787054402031250000,2026-08-18T07:00:02.031250,6.599139
1787054402062500000,2026-08-18T07:00:02.062500,5.203088
1787054402093750000,2026-08-18T07:00:02.093750,3.801314
1787054402125000000,2026-08-18T07:00:02.125000,2.479073
1787054402156250000,2026-08-18T07:00:02.156250,1.178595
1787054402187500000,2026-08-18T07:00:02.187500,-0.219364
1787054402218750000,2026-08-18T07:00:02.218750,-0.757369
1787054402250000000,2026-08-18T07:00:02.250000,-1.700560
1787054402281250000,2026-08-18T07:00:02.281250,-2.738990
1787054402312500000,2026-08-18T07:00:02.312500,-3.535228
1787054402343750000,2026-08-18T07:00:02.343750,-3.960269
1787054402375000000,2026-08-18T07:00:02.375000,-5.050412
1787054402406250000,2026-08-18T07:00:02.406250,-5.894103
1787054402437500000,2026-08-18T07:00:02.437500,-6.799601
1787054402468750000,2026-08-18T07:00:02.468750,-7.744922
1787054402500000000,2026-08-18T07:00:02.500000,-8.886668
1787054402531250000,2026-08-18T07:00:02.531250,-10.216984
1787054402562500000,2026-08-18T07:00:02.562500,-11.646801
1787054402593750000,2026-08-18T07:00:02.593750,-12.504513
1787054402625000000,2026-08-18T07:00:02.625000,-13.592526
1787054402656250000,2026-08-18T07:00:02.656250,-14.674705
1787054402687500000,2026-08-18T07:00:02.687500,-15.534659
1787054402718750000,2026-08-18T07:00:02.718750,-16.223655
1787054402750000000,2026-08-18T07:00:02.750000,-17.172902
1787054402781250000,2026-08-18T07:00:02.781250,-17.850119
1787054402812500000,2026-08-18T07:00:02.812500,-18.513314
1787054402843750000,2026-08-18T07:00:02.843750,-19.114923
1787054402875000000,2026-08-18T07:00:02.875000,-19.605365
1787054402906250000,2026-08-18T07:00:02.906250,-20.165244
1787054402937500000,2026-08-18T07:00:02.937500,-20.643795
1787054402968750000,2026-08-18T07:00:02.968750,-20.951722
1787054403000000000,2026-08-18T07:00:03,-21.207935
1787054403031250000,2026-08-18T07:00:03.031250,-21.462130
1787054403062500000,2026-08-18T07:00:03.062500,-21.805618
1787054403093750000,2026-08-18T07:00:03.093750,-22.129251
1787054403125000000,2026-08-18T07:00:03.125000,-22.212488
1787054403156250000,2026-08-18T07:00:03.156250,-22.359218
1787054403187500000,2026-08-18T07:00:03.187500,-22.831823
1787054403218750000,2026-08-18T07:00:03.218750,-23.139639
1787054403250000000,2026-08-18T07:00:03.250000,-23.230952
1787054403281250000,2026-08-18T07:00:03.281250,-23.197298
1787054403312500000,2026-08-18T07:00:03.312500,-23.102058
1787054403343750000,2026-08-18T07:00:03.343750,-22.962847
1787054403375000000,2026-08-18T07:00:03.375000,-22.496188
1787054403406250000,2026-08-18T07:00:03.406250,-22.555754
1787054403437500000,2026-08-18T07:00:03.437500,-22.305486
1787054403468750000,2026-08-18T07:00:03.468750,-21.989706
1787054403500000000,2026-08-18T07:00:03.500000,-21.098340
1787054403531250000,2026-08-18T07:00:03.531250,-20.609918
1787054403562500000,2026-08-18T07:00:03.562500,-19.674692
1787054403593750000,2026-08-18T07:00:03.593750,-19.180324
1787054403625000000,2026-08-18T07:00:03.625000,-18.505238
1787054403656250000,2026-08-18T07:00:03.656250,-18.284697
1787054403687500000,2026-08-18T07:00:03.687500,-17.212502
1787054403718750000,2026-08-18T07:00:03.718750,-16.642527
1787054403750000000,2026-08-18T07:00:03.750000,-15.870071
1787054403781250000,2026-08-18T07:00:03.781250,-15.077871
1787054403812500000,2026-08-18T07:00:03.812500,-14.003545
1787054403843750000,2026-08-18T07:00:03.843750,-13.497287
1787054403875000000,2026-08-18T07:00:03.875000,-12.550281
1787054403906250000,2026-08-18T07:00:03.906250,-11.515777
1787054403937500000,2026-08-18T07:00:03.937500,-10.511001
1787054403968750000,2026-08-18T07:00:03.968750,-9.198633
1787054404000000000,2026-08-18T07:00:04,-7.822437
1787054404031250000,2026-08-18T07:00:04.031250,-6.942628
1787054404062500000,2026-08-18T07:00:04.062500,-5.800659
1787054404093750000,2026-08-18T07:00:04.093750,-4.523964
1787054404125000000,2026-08-18T07:00:04.125000,-3.932003
1787054404156250000,2026-08-18T07:00:04.156250,-3.211372
1787054404187500000,2026-08-18T07:00:04.187500,-1.738252
1787054404218750000,2026-08-18T07:00:04.218750,-0.995746
1787054404250000000,2026-08-18T07:00:04.250000,-0.175615
1787054404281250000,2026-08-18T07:00:04.281250,1.233901
1787054404312500000,2026-08-18T07:00:04.312500,2.256736
1787054404343750000,2026-08-18T07:00:04.343750,3.116690
1787054404375000000,2026-08-18T07:00:04.375000,4.440949
1787054404406250000,2026-08-18T07:00:04.406250,5.513033
1787054404437500000,2026-08-18T07:00:04.437500,6.362892
1787054404468750000,2026-08-18T07:00:04.468750,7.703081
1787054404500000000,2026-08-18T07:00:04.500000,8.673980
1787054404531250000,2026-08-18T07:00:04.531250,9.633100
1787054404562500000,2026-08-18T07:00:04.562500,10.518743
1787054404593750000,2026-08-18T07:00:04.593750,11.315092
1787054404625000000,2026-08-18T07:00:04.625000,12.123110
1787054404656250000,2026-08-18T07:00:04.656250,13.022663
1787054404687500000,2026-08-18T07:00:04.687500,13.558761
1787054404718750000,2026-08-18T07:00:04.718750,14.236088
1787054404750000000,2026-08-18T07:00:04.750000,14.855423
1787054404781250000,2026-08-18T07:00:04.781250,15.185113
1787054404812500000,2026-08-18T07:00:04.812500,16.249344
1787054404843750000,2026-08-18T07:00:04.843750,17.184682
1787054404875000000,2026-08-18T07:00:04.875000,17.992699
1787054404906250000,2026-08-18T07:00:04.906250,18.824722
1787054404937500000,2026-08-18T07:00:04.937500,19.889175
1787054404968750000,2026-08-18T07:00:04.968750,20.010439
1787054405000000000,2026-08-18T07:00:05,20.300306
1787054405031250000,2026-08-18T07:00:05.031250,20.786821
1787054405062500000,2026-08-18T07:00:05.062500,21.100693
1787054405093750000,2026-08-18T07:00:05.093750,21.063001
1787054405125000000,2026-08-18T07:00:05.125000,21.146350
1787054405156250000,2026-08-18T07:00:05.156250,21.241701
1787054405187500000,2026-08-18T07:00:05.187500,21.114492
1787054405218750000,2026-08-18T07:00:05.218750,21.372390
1787054405250000000,2026-08-18T07:00:05.250000,21.487485
1787054405281250000,2026-08-18T07:00:05.281250,22.011692
1787054405312500000,2026-08-18T07:00:05.312500,22.370887
1787054405343750000,2026-08-18T07:00:05.343750,22.714487
1787054405375000000,2026-08-18T07:00:05.375000,22.639103
1787054405406250000,2026-08-18T07:00:05.406250,22.891167
1787054405437500000,2026-08-18T07:00:05.437500,22.895093
1787054405468750000,2026-08-18T07:00:05.468750,23.089722
1787054405500000000,2026-08-18T07:00:05.500000,23.175200
1787054405531250000,2026-08-18T07:00:05.531250,23.230952
1787054405562500000,2026-08-18T07:00:05.562500,23.137731
1787054405593750000,2026-08-18T07:00:05.593750,22.957013
1787054405625000000,2026-08-18T07:00:05.625000,22.649309
1787054405656250000,2026-08-18T07:00:05.656250,22.496299
1787054405687500000,2026-08-18T07:00:05.687500,22.486316
1787054405718750000,2026-08-18T07:00:05.718750,22.303579
1787054405750000000,2026-08-18T07:00:05.750000,22.333417
1787054405781250000,2026-08-18T07:00:05.781250,22.545882
1787054405812500000,2026-08-18T07:00:05.812500,22.436733
1787054405843750000,2026-08-18T07:00:05.843750,22.651105
1787054405875000000,2026-08-18T07:00:05.875000,22.780110
1787054405906250000,2026-08-18T07:00:05.906250,22.865477
1787054405937500000,2026-08-18T07:00:05.937500,22.641233
1787054405968750000,2026-08-18T07:00:05.968750,22.883314
1787054406000000000,2026-08-18T07:00:06,22.595465
1787054406031250000,2026-08-18T07:00:06.031250,22.502133
1787054406062500000,2026-08-18T07:00:06.062500,22.478240
1787054406093750000,2026-08-18T07:00:06.093750,21.993744
1787054406125000000,2026-08-18T07:00:06.125000,21.876853
1787054406156250000,2026-08-18T07:00:06.156250,21.628604
1787054406187500000,2026-08-18T07:00:06.187500,21.432180
1787097600093750000,2026-08-18T19:00:00.093750,-0.323355
1787097600125000000,2026-08-18T19:00:00.125000,-0.134783
1787097600156250000,2026-08-18T19:00:00.156250,-0.112909
1787097600187500000,2026-08-18T19:00:00.187500,0.065790
1787097600218750000,2026-08-18T19:00:00.218750,0.067921
1787097600250000000,2026-08-18T19:00:00.250000,0.244712
1787097600281250000,2026-08-18T19:00:00.281250,0.191092
1787097600312500000,2026-08-18T19:00:00.312500,0.119523
1787097600343750000,2026-08-18T19:00:00.343750,0.073866
1787097600375000000,2026-08-18T19:00:00.375000,0.089572
1787097600406250000,2026-08-18T19:00:00.406250,-0.041563
1787097600437500000,2026-08-18T19:00:00.437500,0.009928
1787097600468750000,2026-08-18T19:00:00.468750,-0.236302
1787097600500000000,2026-08-18T19:00:00.500000,-0.337487
1787097600531250000,2026-08-18T19:00:00.531250,-0.002075
1787097600562500000,2026-08-18T19:00:00.562500,0.208371
1787097600593750000,2026-08-18T19:00:00.593750,0.196591
1787097600625000000,2026-08-18T19:00:00.625000,0.542099
1787097600656250000,2026-08-18T19:00:00.656250,0.341525
1787097600687500000,2026-08-18T19:00:00.687500,-0.160584
1787097600718750000,2026-08-18T19:00:00.718750,-0.502054
1787097600750000000,2026-08-18T19:00:00.750000,-0.446414
1787097600781250000,2026-08-18T19:00:00.781250,-0.696459
1787097600812500000,2026-08-18T19:00:00.812500,-0.416686
1787097600843750000,2026-08-18T19:00:00.843750,-0.236080
1787097600875000000,2026-08-18T19:00:00.875000,-0.041674
1787097600906250000,2026-08-18T19:00:00.906250,0.029672
1787097600937500000,2026-08-18T19:00:00.937500,-0.051769
1787097600968750000,2026-08-18T19:00:00.968750,-0.127153
1787097601000000000,2026-08-18T19:00:01,-0.198499
1787097601031250000,2026-08-18T19:00:01.031250,-0.259862
1787097601062500000,2026-08-18T19:00:01.062500,-0.424539
1787097601093750000,2026-08-18T19:00:01.093750,-0.168549
1787097601125000000,2026-08-18T19:00:01.125000,-0.265807
1787097601156250000,2026-08-18T19:00:01.156250,-0.144767
1787097601187500000,2026-08-18T19:00:01.187500,-0.357343
1787097601218750000,2026-08-18T19:00:01.218750,-0.248305
1787097601250000000,2026-08-18T19:00:01.250000,-0.282070
1787097601281250000,2026-08-18T19:00:01.281250,-0.357566
1787097601312500000,2026-08-18T19:00:01.312500,-0.349601
1787097601343750000,2026-08-18T19:00:01.343750,0.077236
1787097601375000000,2026-08-18T19:00:01.375000,0.132876
1787097601406250000,2026-08-18T19:00:01.406250,-0.123115
1787097601437500000,2026-08-18T19:00:01.437500,-0.123115
1787097601468750000,2026-08-18T19:00:01.468750,-0.264122
1787097601500000000,2026-08-18T19:00:01.500000,-0.549841
1787097601531250000,2026-08-18T19:00:01.531250,-0.813684
1787097601562500000,2026-08-18T19:00:01.562500,-0.402665
1787097601593750000,2026-08-18T19:00:01.593750,-0.271530
1787097601625000000,2026-08-18T19:00:01.625000,-0.160361
1787097601656250000,2026-08-18T19:00:01.656250,0.109651
1787097601687500000,2026-08-18T19:00:01.687500,0.323800
1787097601718750000,2026-08-18T19:00:01.718750,0.141063
1787097601750000000,2026-08-18T19:00:01.750000,0.220373
1787097601781250000,2026-08-18T19:00:01.781250,0.246174
1787097601812500000,2026-08-18T19:00:01.812500,0.255935
1787097601843750000,2026-08-18T19:00:01.843750,0.234172
1787097601875000000,2026-08-18T19:00:01.875000,0.128838
1787097601906250000,2026-08-18T19:00:01.906250,0.047508
1787097601937500000,2026-08-18T19:00:01.937500,-0.029895
1787097601968750000,2026-08-18T19:00:01.968750,-0.067587
1787097602000000000,2026-08-18T19:00:02,-0.222392
1787097602031250000,2026-08-18T19:00:02.031250,-0.005778
1787097602062500000,2026-08-18T19:00:02.062500,-0.055361
1787097602093750000,2026-08-18T19:00:02.093750,0.035952
1787097602125000000,2026-08-18T19:00:02.125000,-0.232153
1787097602156250000,2026-08-18T19:00:02.156250,0.143082
1787097602187500000,2026-08-18T19:00:02.187500,0.281959
1787097602218750000,2026-08-18T19:00:02.218750,0.422855
1787097602250000000,2026-08-18T19:00:02.250000,0.585625
1787097602281250000,2026-08-18T19:00:02.281250,0.673123
1787097602312500000,2026-08-18T19:00:02.312500,0.500369
1787097602343750000,2026-08-18T19:00:02.343750,0.591571
1787097602375000000,2026-08-18T19:00:02.375000,0.615353
1787097602406250000,2026-08-18T19:00:02.406250,0.502277
1787097602437500000,2026-08-18T19:00:02.437500,0.474568
1787097602468750000,2026-08-18T19:00:02.468750,0.119189
1787097602500000000,2026-08-18T19:00:02.500000,-0.220262
1787097602531250000,2026-08-18T19:00:02.531250,-0.285774
1787097602562500000,2026-08-18T19:00:02.562500,-0.240229
1787097602593750000,2026-08-18T19:00:02.593750,-0.103371
1787097602625000000,2026-08-18T19:00:02.625000,-0.089461
1787097602656250000,2026-08-18T19:00:02.656250,-0.057603
1787097602687500000,2026-08-18T19:00:02.687500,0.154750
1787097602718750000,2026-08-18T19:00:02.718750,-0.093276
1787097602750000000,2026-08-18T19:00:02.750000,-0.317409
1787097602781250000,2026-08-18T19:00:02.781250,-0.251897
1787097602812500000,2026-08-18T19:00:02.812500,-0.319428
1787097602843750000,2026-08-18T19:00:02.843750,-0.565547
1787097602875000000,2026-08-18T19:00:02.875000,-0.484217
1787097602906250000,2026-08-18T19:00:02.906250,-0.327615
1787097602937500000,2026-08-18T19:00:02.937500,0.037636
1787097602968750000,2026-08-18T19:00:02.968750,0.285774
1787097603000000000,2026-08-18T19:00:03,0.406814
1787097603031250000,2026-08-18T19:00:03.031250,0.482310
1787097603062500000,2026-08-18T19:00:03.062500,0.792033
1787097603093750000,2026-08-18T19:00:03.093750,0.333449
1787097603125000000,2026-08-18T19:00:03.125000,-0.194572
1787097603156250000,2026-08-18T19:00:03.156250,-0.398850
1787097603187500000,2026-08-18T19:00:03.187500,-0.678845
1787097603218750000,2026-08-18T19:00:03.218750,-0.924964
1787097603250000000,2026-08-18T19:00:03.250000,-0.660898
1787097603281250000,2026-08-18T19:00:03.281250,-0.031691
1787097603312500000,2026-08-18T19:00:03.312500,-0.057492
1787097603343750000,2026-08-18T19:00:03.343750,0.427004
1787097603375000000,2026-08-18T19:00:03.375000,0.270179
1787097603406250000,2026-08-18T19:00:03.406250,0.391220
1787097603437500000,2026-08-18T19:00:03.437500,-0.063437
1787097603468750000,2026-08-18T19:00:03.468750,0.337376
1787097603500000000,2026-08-18T19:00:03.500000,0.015762
1787097603531250000,2026-08-18T19:00:03.531250,0.220262
1787097603562500000,2026-08-18T19:00:03.562500,0.285774
1787097603593750000,2026-08-18T19:00:03.593750,0.557805
1787097603625000000,2026-08-18T19:00:03.625000,0.194684
1787097603656250000,2026-08-18T19:00:03.656250,0.458528
1787097603687500000,2026-08-18T19:00:03.687500,0.436430
1787097603718750000,2026-08-18T19:00:03.718750,0.414445
1787097603750000000,2026-08-18T19:00:03.750000,0.561509
1787097603781250000,2026-08-18T19:00:03.781250,0.783734
1787097603812500000,2026-08-18T19:00:03.812500,0.916777
1787097603843750000,2026-08-18T19:00:03.843750,0.795848
1787097603875000000,2026-08-18T19:00:03.875000,0.813796
1787097603906250000,2026-08-18T19:00:03.906250,0.646876
1787097603937500000,2026-08-18T19:00:03.937500,0.408722
1787097603968750000,2026-08-18T19:00:03.968750,-0.063660
1787097604000000000,2026-08-18T19:00:04,0.049527
1787097604031250000,2026-08-18T19:00:04.031250,-0.246174
1787097604062500000,2026-08-18T19:00:04.062500,-0.174717
1787097604093750000,2026-08-18T19:00:04.093750,-0.087442
1787097604125000000,2026-08-18T19:00:04.125000,0.039544
1787097604156250000,2026-08-18T19:00:04.156250,-0.057603
1787097604187500000,2026-08-18T19:00:04.187500,0.121096
1787097604218750000,2026-08-18T19:00:04.218750,-0.077347
1787097604250000000,2026-08-18T19:00:04.250000,0.006113
1787097604281250000,2026-08-18T19:00:04.281250,0.099444
1787097604312500000,2026-08-18T19:00:04.312500,0.252231
1787097604343750000,2026-08-18T19:00:04.343750,0.097425
1787097604375000000,2026-08-18T19:00:04.375000,0.053788
1787097604406250000,2026-08-18T19:00:04.406250,-0.136691
1787097604437500000,2026-08-18T19:00:04.437500,-0.358916
1787097604468750000,2026-08-18T19:00:04.468750,-0.400646
1787097604500000000,2026-08-18T19:00:04.500000,-0.267603
1787097604531250000,2026-08-18T19:00:04.531250,-0.035395
1787097604562500000,2026-08-18T19:00:04.562500,0.188850
1787097604593750000,2026-08-18T19:00:04.593750,0.143082
1787097604625000000,2026-08-18T19:00:04.625000,0.002186
1787097604656250000,2026-08-18T19:00:04.656250,-0.214205
1787097604687500000,2026-08-18T19:00:04.687500,-0.291608
1787097604718750000,2026-08-18T19:00:04.718750,-0.494089
1787097604750000000,2026-08-18T19:00:04.750000,0.022042
1787097604781250000,2026-08-18T19:00:04.781250,0.381459
1787097604812500000,2026-08-18T19:00:04.812500,0.762640
1787097604843750000,2026-08-18T19:00:04.843750,0.915649
1787097604875000000,2026-08-18T19:00:04.875000,0.798535
1787097604906250000,2026-08-18T19:00:04.906250,0.490943
1787097604937500000,2026-08-18T19:00:04.937500,0.367660
1787097604968750000,2026-08-18T19:00:04.968750,0.480736
1787097605000000000,2026-08-18T19:00:05,0.438895
1787097605031250000,2026-08-18T19:00:05.031250,0.740542
1787097605062500000,2026-08-18T19:00:05.062500,0.841839
1787097605093750000,2026-08-18T19:00:05.093750,0.649452
1787097605125000000,2026-08-18T19:00:05.125000,0.417243
1787097605156250000,2026-08-18T19:00:05.156250,0.341748
1787097605187500000,2026-08-18T19:00:05.187500,0.365641
1787097605218750000,2026-08-18T19:00:05.218750,0.129283
1787097605250000000,2026-08-18T19:00:05.250000,0.033933
1787097605281250000,2026-08-18T19:00:05.281250,-0.027764
1787097605312500000,2026-08-18T19:00:05.312500,0.003982
1787097605343750000,2026-08-18T19:00:05.343750,-0.242137
1787097605375000000,2026-08-18T19:00:05.375000,-0.269956
1787097605406250000,2026-08-18T19:00:05.406250,-0.063660
1787097605437500000,2026-08-18T19:00:05.437500,-0.274106
1787097605468750000,2026-08-18T19:00:05.468750,-0.647099
1787097605500000000,2026-08-18T19:00:05.500000,-0.587755
1787097605531250000,2026-08-18T19:00:05.531250,-0.268160
1787097605562500000,2026-08-18T19:00:05.562500,-0.214428
1787097605593750000,2026-08-18T19:00:05.593750,-0.113132
1787097605625000000,2026-08-18T19:00:05.625000,-0.079478
1787097605656250000,2026-08-18T19:00:05.656250,-0.204445
1787097605687500000,2026-08-18T19:00:05.687500,-0.405018
1787097605718750000,2026-08-18T19:00:05.718750,-0.690848
1787097605750000000,2026-08-18T19:00:05.750000,-0.676938
1787097605781250000,2026-08-18T19:00:05.781250,-0.327615
1787097605812500000,2026-08-18T19:00:05.812500,-0.073532
1787097605843750000,2026-08-18T19:00:05.843750,0.321670
1787097605875000000,2026-08-18T19:00:05.875000,0.924964
1787097605906250000,2026-08-18T19:00:05.906250,0.750303
1787097605937500000,2026-08-18T19:00:05.937500,0.561732
1787097605968750000,2026-08-18T19:00:05.968750,0.728540
1787097606000000000,2026-08-18T19:00:06,0.049639
1787097606031250000,2026-08-18T19:00:06.031250,-0.500146
1787097606062500000,2026-08-18T19:00:06.062500,-0.067364
1787097606093750000,2026-08-18T19:00:06.093750,0.192665
1787097606125000000,2026-08-18T19:00:06.125000,-0.025745
1787097606156250000,2026-08-18T19:00:06.156250,0.218243
1787097606187500000,2026-08-18T19:00:06.187500,0.398961
1787140800093750000,2026-08-19T07:00:00.093750,-0.866742
1787140800125000000,2026-08-19T07:00:00.125000,-0.967926
1787140800156250000,2026-08-19T07:00:00.156250,-0.876391
1787140800187500000,2026-08-19T07:00:00.187500,-0.914194
1787140800218750000,2026-08-19T07:00:00.218750,-0.933938
1787140800250000000,2026-08-19T07:00:00.250000,-0.548720
1787140800281250000,2026-08-19T07:00:00.281250,-0.417807
1787140800312500000,2026-08-19T07:00:00.312500,0.038757
1787140800343750000,2026-08-19T07:00:00.343750,0.114364
1787140800375000000,2026-08-19T07:00:00.375000,0.072634
1787140800406250000,2026-08-19T07:00:00.406250,-0.147684
1787140800437500000,2026-08-19T07:00:00.437500,-0.217122
1787140800468750000,2026-08-19T07:00:00.468750,-0.437440
1787140800500000000,2026-08-19T07:00:00.500000,-0.306416
1787140800531250000,2026-08-19T07:00:00.531250,-0.286449
1787140800562500000,2026-08-19T07:00:00.562500,-0.211065
1787140800593750000,2026-08-19T07:00:00.593750,-0.056148
1787140800625000000,2026-08-19T07:00:00.625000,-0.074096
1787140800656250000,2026-08-19T07:00:00.656250,-0.085987
1787140800687500000,2026-08-19T07:00:00.687500,-0.193340
1787140800718750000,2026-08-19T07:00:00.718750,-0.004658
1787140800750000000,2026-08-19T07:00:00.750000,0.094620
1787140800781250000,2026-08-19T07:00:00.781250,0.229570
1787140800812500000,2026-08-19T07:00:00.812500,0.003196
1787140800843750000,2026-08-19T07:00:00.843750,0.158113
1787140800875000000,2026-08-19T07:00:00.875000,0.217568
1787140800906250000,2026-08-19T07:00:00.906250,-0.076226
1787140800937500000,2026-08-19T07:00:00.937500,-0.276689
1787140800968750000,2026-08-19T07:00:00.968750,-0.131866
1787140801000000000,2026-08-19T07:00:01,-0.308547
1787140801031250000,2026-08-19T07:00:01.031250,-0.558592
1787140801062500000,2026-08-19T07:00:01.062500,-0.348257
1787140801093750000,2026-08-19T07:00:01.093750,-0.236978
1787140801125000000,2026-08-19T07:00:01.125000,-0.278596
1787140801156250000,2026-08-19T07:00:01.156250,-0.141627
1787140801187500000,2026-08-19T07:00:01.187500,0.177968
1787140801218750000,2026-08-19T07:00:01.218750,0.122328
1787140801250000000,2026-08-19T07:00:01.250000,-0.131866
1787140801281250000,2026-08-19T07:00:01.281250,0.162039
1787140801312500000,2026-08-19T07:00:01.312500,-0.014641
1787140801343750000,2026-08-19T07:00:01.343750,-0.082283
1787140801375000000,2026-08-19T07:00:01.375000,-0.199397
1787140801406250000,2026-08-19T07:00:01.406250,0.028885
1787140801437500000,2026-08-19T07:00:01.437500,-0.072411
1787140801468750000,2026-08-19T07:00:01.468750,-0.052556
1787140801500000000,2026-08-19T07:00:01.500000,0.160020
1787140801531250000,2026-08-19T07:00:01.531250,0.279265
1787140801562500000,2026-08-19T07:00:01.562500,0.263447
1787140801593750000,2026-08-19T07:00:01.593750,0.019236
1787140801625000000,2026-08-19T07:00:01.625000,0.098658
1787140801656250000,2026-08-19T07:00:01.656250,-0.413547
1787140801687500000,2026-08-19T07:00:01.687500,-0.290599
1787140801718750000,2026-08-19T07:00:01.718750,-0.072411
1787140801750000000,2026-08-19T07:00:01.750000,-0.080264
1787140801781250000,2026-08-19T07:00:01.781250,-0.227217
1787140801812500000,2026-08-19T07:00:01.812500,-0.356333
1787140801843750000,2026-08-19T07:00:01.843750,-0.552869
1787140801875000000,2026-08-19T07:00:01.875000,-0.652035
1787140801906250000,2026-08-19T07:00:01.906250,-0.654054
1787140801937500000,2026-08-19T07:00:01.937500,-0.276800
1787140801968750000,2026-08-19T07:00:01.968750,-0.038423
1787140802000000000,2026-08-19T07:00:02,-0.012511
1787140802031250000,2026-08-19T07:00:02.031250,-0.457184
1787140802062500000,2026-08-19T07:00:02.062500,-0.470983
1787140802093750000,2026-08-19T07:00:02.093750,-0.659777
1787140802125000000,2026-08-19T07:00:02.125000,-0.526734
1787140802156250000,2026-08-19T07:00:02.156250,-0.661573
1787140802187500000,2026-08-19T07:00:02.187500,-0.198951
1787140802218750000,2026-08-19T07:00:02.218750,-0.175281
1787140802250000000,2026-08-19T07:00:02.250000,-0.272316
1787140802281250000,2026-08-19T07:00:02.281250,-0.357795
1787140802312500000,2026-08-19T07:00:02.312500,-0.157444
1787140802343750000,2026-08-19T07:00:02.343750,-0.306305
1787140802375000000,2026-08-19T07:00:02.375000,-0.165186
1787140802406250000,2026-08-19T07:00:02.406250,-0.282411
1787140802437500000,2026-08-19T07:00:02.437500,-0.582151
1787140802468750000,2026-08-19T07:00:02.468750,-0.401544
1787140802500000000,2026-08-19T07:00:02.500000,-0.224975
1787140802531250000,2026-08-19T07:00:02.531250,-0.334347
1787140802562500000,2026-08-19T07:00:02.562500,-0.109880
1787140802593750000,2026-08-19T07:00:02.593750,0.348703
1787140802625000000,2026-08-19T07:00:02.625000,0.175949
1787140802656250000,2026-08-19T07:00:02.656250,0.048963
1787140802687500000,2026-08-19T07:00:02.687500,0.180099
1787140802718750000,2026-08-19T07:00:02.718750,0.267262
1787140802750000000,2026-08-19T07:00:02.750000,-0.004769
1787140802781250000,2026-08-19T07:00:02.781250,0.211734
1787140802812500000,2026-08-19T07:00:02.812500,0.418142
1787140802843750000,2026-08-19T07:00:02.843750,0.398286
1787140802875000000,2026-08-19T07:00:02.875000,0.203769
1787140802906250000,2026-08-19T07:00:02.906250,0.334904
1787140802937500000,2026-08-19T07:00:02.937500,0.001288
1787140802968750000,2026-08-19T07:00:02.968750,-0.268836
1787140803000000000,2026-08-19T07:00:03,-0.364186
1787140803031250000,2026-08-19T07:00:03.031250,-0.336255
1787140803062500000,2026-08-19T07:00:03.062500,-0.592469
1787140803093750000,2026-08-19T07:00:03.093750,-0.471205
1787140803125000000,2026-08-19T07:00:03.125000,-0.260760
1787140803156250000,2026-08-19T07:00:03.156250,-0.220937
1787140803187500000,2026-08-19T07:00:03.187500,-0.254814
1787140803218750000,2026-08-19T07:00:03.218750,-0.098101
1787140803250000000,2026-08-19T07:00:03.250000,0.082506
1787140803281250000,2026-08-19T07:00:03.281250,-0.173596
1787140803312500000,2026-08-19T07:00:03.312500,-0.251110
1787140803343750000,2026-08-19T07:00:03.343750,-0.203324
1787140803375000000,2026-08-19T07:00:03.375000,0.036961
1787140803406250000,2026-08-19T07:00:03.406250,-0.052444
1787140803437500000,2026-08-19T07:00:03.437500,0.092601
1787140803468750000,2026-08-19T07:00:03.468750,0.287229
1787140803500000000,2026-08-19T07:00:03.500000,0.326717
1787140803531250000,2026-08-19T07:00:03.531250,0.497452
1787140803562500000,2026-08-19T07:00:03.562500,0.672225
1787140803593750000,2026-08-19T07:00:03.593750,0.646424
1787140803625000000,2026-08-19T07:00:03.625000,0.967926
1787140803656250000,2026-08-19T07:00:03.656250,0.759500
1787140803687500000,2026-08-19T07:00:03.687500,0.451796
1787140803718750000,2026-08-19T07:00:03.718750,0.080487
1787140803750000000,2026-08-19T07:00:03.750000,-0.034719
1787140803781250000,2026-08-19T07:00:03.781250,-0.229236
1787140803812500000,2026-08-19T07:00:03.812500,-0.260982
1787140803843750000,2026-08-19T07:00:03.843750,-0.290710
1787140803875000000,2026-08-19T07:00:03.875000,-0.197267
1787140803906250000,2026-08-19T07:00:03.906250,-0.125698
1787140803937500000,2026-08-19T07:00:03.937500,-0.516862
1787140803968750000,2026-08-19T07:00:03.968750,-0.248757
1787140804000000000,2026-08-19T07:00:04,-0.324141
1787140804031250000,2026-08-19T07:00:04.031250,-0.439348
1787140804062500000,2026-08-19T07:00:04.062500,-0.272539
1787140804093750000,2026-08-19T07:00:04.093750,0.013513
1787140804125000000,2026-08-19T07:00:04.125000,-0.071854
1787140804156250000,2026-08-19T07:00:04.156250,-0.123456
1787140804187500000,2026-08-19T07:00:04.187500,0.089009
1787140804218750000,2026-08-19T07:00:04.218750,-0.016214
1787140804250000000,2026-08-19T07:00:04.250000,-0.204897
1787140804281250000,2026-08-19T07:00:04.281250,0.132646
1787140804312500000,2026-08-19T07:00:04.312500,0.235850
1787140804343750000,2026-08-19T07:00:04.343750,0.084971
1787140804375000000,2026-08-19T07:00:04.375000,-0.187172
1787140804406250000,2026-08-19T07:00:04.406250,-0.006565
1787140804437500000,2026-08-19T07:00:04.437500,-0.518769
1787140804468750000,2026-08-19T07:00:04.468750,-0.471094
1787140804500000000,2026-08-19T07:00:04.500000,-0.352073
1787140804531250000,2026-08-19T07:00:04.531250,-0.258741
1787140804562500000,2026-08-19T07:00:04.562500,-0.449220
1787140804593750000,2026-08-19T07:00:04.593750,-0.304397
1787140804625000000,2026-08-19T07:00:04.625000,-0.163501
1787140804656250000,2026-08-19T07:00:04.656250,-0.282634
1787140804687500000,2026-08-19T07:00:04.687500,-0.276689
1787140804718750000,2026-08-19T07:00:04.718750,-0.377985
1787140804750000000,2026-08-19T07:00:04.750000,-0.096082
1787140804781250000,2026-08-19T07:00:04.781250,-0.344108
1787140804812500000,2026-08-19T07:00:04.812500,-0.590227
1787140804843750000,2026-08-19T07:00:04.843750,-0.479058
1787140804875000000,2026-08-19T07:00:04.875000,-0.262779
1787140804906250000,2026-08-19T07:00:04.906250,-0.623992
1787140804937500000,2026-08-19T07:00:04.937500,-0.711601
1787140804968750000,2026-08-19T07:00:04.968750,-0.558815
1787140805000000000,2026-08-19T07:00:05,-0.320326
1787140805031250000,2026-08-19T07:00:05.031250,-0.330198
1787140805062500000,2026-08-19T07:00:05.062500,-0.248980
1787140805093750000,2026-08-19T07:00:05.093750,-0.195248
1787140805125000000,2026-08-19T07:00:05.125000,-0.185376
1787140805156250000,2026-08-19T07:00:05.156250,-0.451573
1787140805187500000,2026-08-19T07:00:05.187500,-0.382246
1787140805218750000,2026-08-19T07:00:05.218750,-0.161817
1787140805250000000,2026-08-19T07:00:05.250000,-0.137923
1787140805281250000,2026-08-19T07:00:05.281250,0.015087
1787140805312500000,2026-08-19T07:00:05.312500,0.185821
1787140805343750000,2026-08-19T07:00:05.343750,0.295305
1787140805375000000,2026-08-19T07:00:05.375000,0.104715
1787140805406250000,2026-08-19T07:00:05.406250,0.398509
1787140805437500000,2026-08-19T07:00:05.437500,0.249648
1787140805468750000,2026-08-19T07:00:05.468750,0.102807
1787140805500000000,2026-08-19T07:00:05.500000,0.037184
1787140805531250000,2026-08-19T07:00:05.531250,0.132423
1787140805562500000,2026-08-19T07:00:05.562500,-0.123790
1787140805593750000,2026-08-19T07:00:05.593750,0.116383
1787140805625000000,2026-08-19T07:00:05.625000,-0.096082
1787140805656250000,2026-08-19T07:00:05.656250,-0.084191
1787140805687500000,2026-08-19T07:00:05.687500,-0.189414
1787140805718750000,2026-08-19T07:00:05.718750,-0.262890
1787140805750000000,2026-08-19T07:00:05.750000,-0.237200
1787140805781250000,2026-08-19T07:00:05.781250,-0.169670
1787140805812500000,2026-08-19T07:00:05.812500,-0.534921
1787140805843750000,2026-08-19T07:00:05.843750,-0.342201
1787140805875000000,2026-08-19T07:00:05.875000,-0.145665
1787140805906250000,2026-08-19T07:00:05.906250,-0.217011
1787140805937500000,2026-08-19T07:00:05.937500,-0.145442
1787140805968750000,2026-08-19T07:00:05.968750,0.209938
1787140806000000000,2026-08-19T07:00:06,0.067023
1787140806031250000,2026-08-19T07:00:06.031250,-0.327956
1787140806062500000,2026-08-19T07:00:06.062500,-0.623769
1787140806093750000,2026-08-19T07:00:06.093750,-0.256610
1787140806125000000,2026-08-19T07:00:06.125000,-0.395710
1787140806156250000,2026-08-19T07:00:06.156250,-0.284653
1787140806187500000,2026-08-19T07:00:06.187500,-0.046387
1787184000093750000,2026-08-19T19:00:00.093750,-0.035506
1787184000125000000,2026-08-19T19:00:00.125000,-0.408722
1787184000156250000,2026-08-19T19:00:00.156250,0.055473
1787184000187500000,2026-08-19T19:00:00.187500,0.029672
1787184000218750000,2026-08-19T19:00:00.218750,0.281736
1787184000250000000,2026-08-19T19:00:00.250000,0.184366
1787184000281250000,2026-08-19T19:00:00.281250,0.452248
1787184000312500000,2026-08-19T19:00:00.312500,0.263900
1787184000343750000,2026-08-19T19:00:00.343750,0.188404
1787184000375000000,2026-08-19T19:00:00.375000,-0.095407
1787184000406250000,2026-08-19T19:00:00.406250,-0.111224
1787184000437500000,2026-08-19T19:00:00.437500,-0.406926
1787184000468750000,2026-08-19T19:00:00.468750,-0.323577
1787184000500000000,2026-08-19T19:00:00.500000,-0.567789
1787184000531250000,2026-08-19T19:00:00.531250,-0.645191
1787184000562500000,2026-08-19T19:00:00.562500,-0.774308
1787184000593750000,2026-08-19T19:00:00.593750,-0.617483
1787184000625000000,2026-08-19T19:00:00.625000,-0.778346
1787184000656250000,2026-08-19T19:00:00.656250,-0.329634
1787184000687500000,2026-08-19T19:00:00.687500,-0.158677
1787184000718750000,2026-08-19T19:00:00.718750,0.161030
1787184000750000000,2026-08-19T19:00:00.750000,-0.029449
1787184000781250000,2026-08-19T19:00:00.781250,0.210724
1787184000812500000,2026-08-19T19:00:00.812500,0.083516
1787184000843750000,2026-08-19T19:00:00.843750,0.309667
1787184000875000000,2026-08-19T19:00:00.875000,0.257954
1787184000906250000,2026-08-19T19:00:00.906250,0.376975
1787184000937500000,2026-08-19T19:00:00.937500,0.412648
1787184000968750000,2026-08-19T19:00:00.968750,0.377087
1787184001000000000,2026-08-19T19:00:01,0.329411
1787184001031250000,2026-08-19T19:00:01.031250,0.087108
1787184001062500000,2026-08-19T19:00:01.062500,0.019466
1787184001093750000,2026-08-19T19:00:01.093750,0.093165
1787184001125000000,2026-08-19T19:00:01.125000,0.053342
1787184001156250000,2026-08-19T19:00:01.156250,0.007686
1787184001187500000,2026-08-19T19:00:01.187500,0.118854
1787184001218750000,2026-08-19T19:00:01.218750,0.214317
1787184001250000000,2026-08-19T19:00:01.250000,-0.147120
1787184001281250000,2026-08-19T19:00:01.281250,-0.184812
1787184001312500000,2026-08-19T19:00:01.312500,-0.081497
1787184001343750000,2026-08-19T19:00:01.343750,-0.041674
1787184001375000000,2026-08-19T19:00:01.375000,-0.623428
1787184001406250000,2026-08-19T19:00:01.406250,-0.510352
1787184001437500000,2026-08-19T19:00:01.437500,-0.343544
1787184001468750000,2026-08-19T19:00:01.468750,-0.413205
1787184001500000000,2026-08-19T19:00:01.500000,-0.323800
1787184001531250000,2026-08-19T19:00:01.531250,0.321447
1787184001562500000,2026-08-19T19:00:01.562500,0.263900
1787184001593750000,2026-08-19T19:00:01.593750,0.373049
1787184001625000000,2026-08-19T19:00:01.625000,0.476476
1787184001656250000,2026-08-19T19:00:01.656250,0.478495
1787184001687500000,2026-08-19T19:00:01.687500,0.289812
1787184001718750000,2026-08-19T19:00:01.718750,0.405130
1787184001750000000,2026-08-19T19:00:01.750000,0.266253
1787184001781250000,2026-08-19T19:00:01.781250,0.139044
1787184001812500000,2026-08-19T19:00:01.812500,-0.105167
1787184001843750000,2026-08-19T19:00:01.843750,-0.293627
1787184001875000000,2026-08-19T19:00:01.875000,-0.218354
1787184001906250000,2026-08-19T19:00:01.906250,-0.228338
1787184001937500000,2026-08-19T19:00:01.937500,-0.246063
1787184001968750000,2026-08-19T19:00:01.968750,0.021819
1787184002000000000,2026-08-19T19:00:02,0.255935
1787184002031250000,2026-08-19T19:00:02.031250,0.039544
1787184002062500000,2026-08-19T19:00:02.062500,0.015539
1787184002093750000,2026-08-19T19:00:02.093750,0.001518
1787184002125000000,2026-08-19T19:00:02.125000,0.106852
1787184002156250000,2026-08-19T19:00:02.156250,-0.071625
1787184002187500000,2026-08-19T19:00:02.187500,0.146786
1787184002218750000,2026-08-19T19:00:02.218750,0.117281
1787184002250000000,2026-08-19T19:00:02.250000,-0.051435
1787184002281250000,2026-08-19T19:00:02.281250,-0.448433
1787184002312500000,2026-08-19T19:00:02.312500,-0.420836
1787184002343750000,2026-08-19T19:00:02.343750,-0.680976
1787184002375000000,2026-08-19T19:00:02.375000,-0.641265
1787184002406250000,2026-08-19T19:00:02.406250,-0.514168
1787184002437500000,2026-08-19T19:00:02.437500,-0.361492
1787184002468750000,2026-08-19T19:00:02.468750,-0.232487
1787184002500000000,2026-08-19T19:00:02.500000,-0.154973
1787184002531250000,2026-08-19T19:00:02.531250,-0.087553
1787184002562500000,2026-08-19T19:00:02.562500,0.271753
1787184002593750000,2026-08-19T19:00:02.593750,0.408722
1787184002625000000,2026-08-19T19:00:02.625000,0.547822
1787184002656250000,2026-08-19T19:00:02.656250,0.508111
1787184002687500000,2026-08-19T19:00:02.687500,0.460324
1787184002718750000,2026-08-19T19:00:02.718750,0.279717
1787184002750000000,2026-08-19T19:00:02.750000,0.309556
1787184002781250000,2026-08-19T19:00:02.781250,0.420724
1787184002812500000,2026-08-19T19:00:02.812500,0.541988
1787184002843750000,2026-08-19T19:00:02.843750,0.702850
1787184002875000000,2026-08-19T19:00:02.875000,0.561843
1787184002906250000,2026-08-19T19:00:02.906250,0.536153
1787184002937500000,2026-08-19T19:00:02.937500,0.569919
1787184002968750000,2026-08-19T19:00:02.968750,0.778234
1787184003000000000,2026-08-19T19:00:03,0.597627
1787184003031250000,2026-08-19T19:00:03.031250,0.544007
1787184003062500000,2026-08-19T19:00:03.062500,0.307760
1787184003093750000,2026-08-19T19:00:03.093750,-0.011835
1787184003125000000,2026-08-19T19:00:03.125000,-0.180663
1787184003156250000,2026-08-19T19:00:03.156250,-0.003982
1787184003187500000,2026-08-19T19:00:03.187500,0.142859
1787184003218750000,2026-08-19T19:00:03.218750,0.351174
1787184003250000000,2026-08-19T19:00:03.250000,0.192219
1787184003281250000,2026-08-19T19:00:03.281250,-0.018115
1787184003312500000,2026-08-19T19:00:03.312500,0.085200
1787184003343750000,2026-08-19T19:00:03.343750,0.105167
1787184003375000000,2026-08-19T19:00:03.375000,0.089461
1787184003406250000,2026-08-19T19:00:03.406250,0.434969
1787184003437500000,2026-08-19T19:00:03.437500,0.581810
1787184003468750000,2026-08-19T19:00:03.468750,0.442710
1787184003500000000,2026-08-19T19:00:03.500000,0.285885
1787184003531250000,2026-08-19T19:00:03.531250,0.275791
1787184003562500000,2026-08-19T19:00:03.562500,0.307648
1787184003593750000,2026-08-19T19:00:03.593750,0.224300
1787184003625000000,2026-08-19T19:00:03.625000,0.065456
1787184003656250000,2026-08-19T19:00:03.656250,0.051546
1787184003687500000,2026-08-19T19:00:03.687500,-0.135006
1787184003718750000,2026-08-19T19:00:03.718750,-0.206575
1787184003750000000,2026-08-19T19:00:03.750000,-0.254139
1787184003781250000,2026-08-19T19:00:03.781250,-0.208482
1787184003812500000,2026-08-19T19:00:03.812500,-0.494312
1787184003843750000,2026-08-19T19:00:03.843750,-0.264011
1787184003875000000,2026-08-19T19:00:03.875000,-0.395035
1787184003906250000,2026-08-19T19:00:03.906250,-0.202537
1787184003937500000,2026-08-19T19:00:03.937500,-0.075440
1787184003968750000,2026-08-19T19:00:03.968750,0.359362
1787184004000000000,2026-08-19T19:00:04,0.115151
1787184004031250000,2026-08-19T19:00:04.031250,0.216224
1787184004062500000,2026-08-19T19:00:04.062500,0.367103
1787184004093750000,2026-08-19T19:00:04.093750,0.238099
1787184004125000000,2026-08-19T19:00:04.125000,0.007797
1787184004156250000,2026-08-19T19:00:04.156250,0.333338
1787184004187500000,2026-08-19T19:00:04.187500,0.146897
1787184004218750000,2026-08-19T19:00:04.218750,0.079478
1787184004250000000,2026-08-19T19:00:04.250000,0.087442
1787184004281250000,2026-08-19T19:00:04.281250,0.232153
1787184004312500000,2026-08-19T19:00:04.312500,0.293738
1787184004343750000,2026-08-19T19:00:04.343750,0.379106
1787184004375000000,2026-08-19T19:00:04.375000,0.275679
1787184004406250000,2026-08-19T19:00:04.406250,0.454267
1787184004437500000,2026-08-19T19:00:04.437500,0.561620
1787184004468750000,2026-08-19T19:00:04.468750,0.654952
1787184004500000000,2026-08-19T19:00:04.500000,0.742116
1787184004531250000,2026-08-19T19:00:04.531250,0.734151
1787184004562500000,2026-08-19T19:00:04.562500,0.454378
1787184004593750000,2026-08-19T19:00:04.593750,0.452471
1787184004625000000,2026-08-19T19:00:04.625000,0.269734
1787184004656250000,2026-08-19T19:00:04.656250,0.256158
1787184004687500000,2026-08-19T19:00:04.687500,0.415002
1787184004718750000,2026-08-19T19:00:04.718750,0.260084
1787184004750000000,2026-08-19T19:00:04.750000,0.103148
1787184004781250000,2026-08-19T19:00:04.781250,0.075551
1787184004812500000,2026-08-19T19:00:04.812500,-0.198722
1787184004843750000,2026-08-19T19:00:04.843750,-0.154862
1787184004875000000,2026-08-19T19:00:04.875000,0.021819
1787184004906250000,2026-08-19T19:00:04.906250,-0.101241
1787184004937500000,2026-08-19T19:00:04.937500,-0.049639
1787184004968750000,2026-08-19T19:00:04.968750,0.168772
1787184005000000000,2026-08-19T19:00:05,-0.144990
1787184005031250000,2026-08-19T19:00:05.031250,0.083404
1787184005062500000,2026-08-19T19:00:05.062500,0.238210
1787184005093750000,2026-08-19T19:00:05.093750,0.188627
1787184005125000000,2026-08-19T19:00:05.125000,0.111335
1787184005156250000,2026-08-19T19:00:05.156250,0.087553
1787184005187500000,2026-08-19T19:00:05.187500,-0.093276
1787184005218750000,2026-08-19T19:00:05.218750,-0.063437
1787184005250000000,2026-08-19T19:00:05.250000,-0.071513
1787184005281250000,2026-08-19T19:00:05.281250,-0.095184
1787184005312500000,2026-08-19T19:00:05.312500,0.188738
1787184005343750000,2026-08-19T19:00:05.343750,0.361604
1787184005375000000,2026-08-19T19:00:05.375000,0.244490
1787184005406250000,2026-08-19T19:00:05.406250,0.522466
1787184005437500000,2026-08-19T19:00:05.437500,0.778346
1787184005468750000,2026-08-19T19:00:05.468750,0.528189
1787184005500000000,2026-08-19T19:00:05.500000,0.295869
1787184005531250000,2026-08-19T19:00:05.531250,0.240340
1787184005562500000,2026-08-19T19:00:05.562500,-0.111113
1787184005593750000,2026-08-19T19:00:05.593750,-0.295646
1787184005625000000,2026-08-19T19:00:05.625000,-0.273883
1787184005656250000,2026-08-19T19:00:05.656250,-0.202537
1787184005687500000,2026-08-19T19:00:05.687500,-0.349601
1787184005718750000,2026-08-19T19:00:05.718750,-0.206686
1787184005750000000,2026-08-19T19:00:05.750000,-0.176847
1787184005781250000,2026-08-19T19:00:05.781250,-0.125134
1787184005812500000,2026-08-19T19:00:05.812500,-0.144878
1787184005843750000,2026-08-19T19:00:05.843750,-0.035506
1787184005875000000,2026-08-19T19:00:05.875000,-0.162715
1787184005906250000,2026-08-19T19:00:05.906250,0.069383
1787184005937500000,2026-08-19T19:00:05.937500,0.273883
1787184005968750000,2026-08-19T19:00:05.968750,0.482198
1787184006000000000,2026-08-19T19:00:06,0.291385
1787184006031250000,2026-08-19T19:00:06.031250,0.283644
1787184006062500000,2026-08-19T19:00:06.062500,0.089238
1787184006093750000,2026-08-19T19:00:06.093750,-0.053788
1787184006125000000,2026-08-19T19:00:06.125000,0.224189
1787184006156250000,2026-08-19T19:00:06.156250,0.474457
1787184006187500000,2026-08-19T19:00:06.187500,0.585625
1787227200093750000,2026-08-20T07:00:00.093750,5.058209
1787227200125000000,2026-08-20T07:00:00.125000,6.082730
1787227200156250000,2026-08-20T07:00:00.156250,7.198785
1787227200187500000,2026-08-20T07:00:00.187500,8.050886
1787227200218750000,2026-08-20T07:00:00.218750,8.841290
1787227200250000000,2026-08-20T07:00:00.250000,9.921450
1787227200281250000,2026-08-20T07:00:00.281250,10.920280
1787227200312500000,2026-08-20T07:00:00.312500,11.657063
1787227200343750000,2026-08-20T07:00:00.343750,12.592178
1787227200375000000,2026-08-20T07:00:00.375000,13.694101
1787227200406250000,2026-08-20T07:00:00.406250,14.311751
1787227200437500000,2026-08-20T07:00:00.437500,14.931086
1787227200468750000,2026-08-20T07:00:00.468750,15.848253
1787227200500000000,2026-08-20T07:00:00.500000,16.489573
1787227200531250000,2026-08-20T07:00:00.531250,16.972050
1787227200562500000,2026-08-20T07:00:00.562500,17.797793
1787227200593750000,2026-08-20T07:00:00.593750,18.411405
1787227200625000000,2026-08-20T07:00:00.625000,18.921701
1787227200656250000,2026-08-20T07:00:00.656250,19.306920
1787227200687500000,2026-08-20T07:00:00.687500,19.648501
1787227200718750000,2026-08-20T07:00:00.718750,19.692473
1787227200750000000,2026-08-20T07:00:00.750000,19.966523
1787227200781250000,2026-08-20T07:00:00.781250,20.018125
1787227200812500000,2026-08-20T07:00:00.812500,20.534367
1787227200843750000,2026-08-20T07:00:00.843750,21.046571
1787227200875000000,2026-08-20T07:00:00.875000,21.687780
1787227200906250000,2026-08-20T07:00:00.906250,22.063015
1787227200937500000,2026-08-20T07:00:00.937500,22.639047
1787227200968750000,2026-08-20T07:00:00.968750,22.873275
1787227201000000000,2026-08-20T07:00:01,22.948881
1787227201031250000,2026-08-20T07:00:01.031250,22.744381
1787227201062500000,2026-08-20T07:00:01.062500,22.776128
1787227201093750000,2026-08-20T07:00:01.093750,22.503874
1787227201125000000,2026-08-20T07:00:01.125000,22.364997
1787227201156250000,2026-08-20T07:00:01.156250,22.285464
1787227201187500000,2026-08-20T07:00:01.187500,22.317210
1787227201218750000,2026-08-20T07:00:01.218750,22.491983
1787227201250000000,2026-08-20T07:00:01.250000,22.323378
1787227201281250000,2026-08-20T07:00:01.281250,22.444419
1787227201312500000,2026-08-20T07:00:01.312500,22.251921
1787227201343750000,2026-08-20T07:00:01.343750,22.408857
1787227201375000000,2026-08-20T07:00:01.375000,22.023750
1787227201406250000,2026-08-20T07:00:01.406250,22.262016
1787227201437500000,2026-08-20T07:00:01.437500,21.855034
1787227201468750000,2026-08-20T07:00:01.468750,21.958238
1787227201500000000,2026-08-20T07:00:01.500000,21.799394
1787227201531250000,2026-08-20T07:00:01.531250,21.825195
1787227201562500000,2026-08-20T07:00:01.562500,21.708082
1787227201593750000,2026-08-20T07:00:01.593750,22.071426
1787227201625000000,2026-08-20T07:00:01.625000,21.960257
1787227201656250000,2026-08-20T07:00:01.656250,22.150847
1787227201687500000,2026-08-20T07:00:01.687500,22.202449
1787227201718750000,2026-08-20T07:00:01.718750,22.113044
1787227201750000000,2026-08-20T07:00:01.750000,21.719750
1787227201781250000,2026-08-20T07:00:01.781250,21.578742
1787227201812500000,2026-08-20T07:00:01.812500,21.312545
1787227201843750000,2026-08-20T07:00:01.843750,21.155832
1787227201875000000,2026-08-20T07:00:01.875000,21.169631
1787227201906250000,2026-08-20T07:00:01.906250,21.320621
1787227201937500000,2026-08-20T07:00:01.937500,21.298635
1787227201968750000,2026-08-20T07:00:01.968750,21.032550
1787227202000000000,2026-08-20T07:00:02,20.756258
1787227202031250000,2026-08-20T07:00:02.031250,20.351295
1787227202062500000,2026-08-20T07:00:02.062500,19.930293
1787227202093750000,2026-08-20T07:00:02.093750,19.436148
1787227202125000000,2026-08-20T07:00:02.125000,19.362783
1787227202156250000,2026-08-20T07:00:02.156250,19.118571
1787227202187500000,2026-08-20T07:00:02.187500,18.852263
1787227202218750000,2026-08-20T07:00:02.218750,18.669637
1787227202250000000,2026-08-20T07:00:02.250000,18.506644
1787227202281250000,2026-08-20T07:00:02.281250,17.849395
1787227202312500000,2026-08-20T07:00:02.312500,17.490200
1787227202343750000,2026-08-20T07:00:02.343750,16.950287
1787227202375000000,2026-08-20T07:00:02.375000,16.332637
1787227202406250000,2026-08-20T07:00:02.406250,15.643641
1787227202437500000,2026-08-20T07:00:02.437500,14.992225
1787227202468750000,2026-08-20T07:00:02.468750,14.243663
1787227202500000000,2026-08-20T07:00:02.500000,13.181340
1787227202531250000,2026-08-20T07:00:02.531250,12.131018
1787227202562500000,2026-08-20T07:00:02.562500,11.072733
1787227202593750000,2026-08-20T07:00:02.593750,10.433431
1787227202625000000,2026-08-20T07:00:02.625000,9.982589
1787227202656250000,2026-08-20T07:00:02.656250,9.349122
1787227202687500000,2026-08-20T07:00:02.687500,8.435882
1787227202718750000,2026-08-20T07:00:02.718750,7.705156
1787227202750000000,2026-08-20T07:00:02.750000,6.984413
1787227202781250000,2026-08-20T07:00:02.781250,5.612367
1787227202812500000,2026-08-20T07:00:02.812500,4.810072
1787227202843750000,2026-08-20T07:00:02.843750,3.882810
1787227202875000000,2026-08-20T07:00:02.875000,2.768773
1787227202906250000,2026-08-20T07:00:02.906250,1.430604
1787227202937500000,2026-08-20T07:00:02.937500,0.322624
1787227202968750000,2026-08-20T07:00:02.968750,-0.429865
1787227203000000000,2026-08-20T07:00:03,-1.649125
1787227203031250000,2026-08-20T07:00:03.031250,-2.683629
1787227203062500000,2026-08-20T07:00:03.062500,-3.585312
1787227203093750000,2026-08-20T07:00:03.093750,-4.645505
1787227203125000000,2026-08-20T07:00:03.125000,-6.146557
1787227203156250000,2026-08-20T07:00:03.156250,-7.264409
1787227203187500000,2026-08-20T07:00:03.187500,-8.364424
1787227203218750000,2026-08-20T07:00:03.218750,-9.863457
1787227203250000000,2026-08-20T07:00:03.250000,-11.064768
1787227203281250000,2026-08-20T07:00:03.281250,-11.926630
1787227203312500000,2026-08-20T07:00:03.312500,-12.576026
1787227203343750000,2026-08-20T07:00:03.343750,-13.324589
1787227203375000000,2026-08-20T07:00:03.375000,-14.013696
1787227203406250000,2026-08-20T07:00:03.406250,-14.815991
1787227203437500000,2026-08-20T07:00:03.437500,-15.526861
1787227203468750000,2026-08-20T07:00:03.468750,-16.561253
1787227203500000000,2026-08-20T07:00:03.500000,-17.148953
1787227203531250000,2026-08-20T07:00:03.531250,-17.851971
1787227203562500000,2026-08-20T07:00:03.562500,-18.737502
1787227203593750000,2026-08-20T07:00:03.593750,-19.775821
1787227203625000000,2026-08-20T07:00:03.625000,-19.984471
1787227203656250000,2026-08-20T07:00:03.656250,-20.768706
1787227203687500000,2026-08-20T07:00:03.687500,-21.056555
1787227203718750000,2026-08-20T07:00:03.718750,-21.026827
1787227203750000000,2026-08-20T07:00:03.750000,-21.283152
1787227203781250000,2026-08-20T07:00:03.781250,-21.489783
1787227203812500000,2026-08-20T07:00:03.812500,-21.740051
1787227203843750000,2026-08-20T07:00:03.843750,-22.470665
1787227203875000000,2026-08-20T07:00:03.875000,-22.732713
1787227203906250000,2026-08-20T07:00:03.906250,-22.537973
1787227203937500000,2026-08-20T07:00:03.937500,-22.948881
1787227203968750000,2026-08-20T07:00:03.968750,-22.810005
1787227204000000000,2026-08-20T07:00:04,-22.361293
1787227204031250000,2026-08-20T07:00:04.031250,-22.113267
1787227204062500000,2026-08-20T07:00:04.062500,-22.172722
1787227204093750000,2026-08-20T07:00:04.093750,-21.900691
1787227204125000000,2026-08-20T07:00:04.125000,-21.485745
1787227204156250000,2026-08-20T07:00:04.156250,-21.150332
1787227204187500000,2026-08-20T07:00:04.187500,-20.709362
1787227204218750000,2026-08-20T07:00:04.218750,-20.284656
1787227204250000000,2026-08-20T07:00:04.250000,-19.897418
1787227204281250000,2026-08-20T07:00:04.281250,-19.883286
1787227204312500000,2026-08-20T07:00:04.312500,-19.356948
1787227204343750000,2026-08-20T07:00:04.343750,-18.979695
1787227204375000000,2026-08-20T07:00:04.375000,-18.538725
1787227204406250000,2026-08-20T07:00:04.406250,-17.772214
1787227204437500000,2026-08-20T07:00:04.437500,-16.400391
1787227204468750000,2026-08-20T07:00:04.468750,-16.094483
1787227204500000000,2026-08-20T07:00:04.500000,-15.433307
1787227204531250000,2026-08-20T07:00:04.531250,-14.647164
1787227204562500000,2026-08-20T07:00:04.562500,-13.591008
1787227204593750000,2026-08-20T07:00:04.593750,-13.269171
1787227204625000000,2026-08-20T07:00:04.625000,-11.873343
1787227204656250000,2026-08-20T07:00:04.656250,-10.942043
1787227204687500000,2026-08-20T07:00:04.687500,-9.768440
1787227204718750000,2026-08-20T07:00:04.718750,-8.751773
1787227204750000000,2026-08-20T07:00:04.750000,-7.421345
1787227204781250000,2026-08-20T07:00:04.781250,-6.654946
1787227204812500000,2026-08-20T07:00:04.812500,-5.461599
1787227204843750000,2026-08-20T07:00:04.843750,-4.661434
1787227204875000000,2026-08-20T07:00:04.875000,-3.817410
1787227204906250000,2026-08-20T07:00:04.906250,-2.870292
1787227204937500000,2026-08-20T07:00:04.937500,-1.917118
1787227204968750000,2026-08-20T07:00:04.968750,-0.848849
1787227205000000000,2026-08-20T07:00:05,0.566946
1787227205031250000,2026-08-20T07:00:05.031250,1.402784
1787227205062500000,2026-08-20T07:00:05.062500,2.266552
1787227205093750000,2026-08-20T07:00:05.093750,3.668438
1787227205125000000,2026-08-20T07:00:05.125000,4.579771
1787227205156250000,2026-08-20T07:00:05.156250,5.312627
1787227205187500000,2026-08-20T07:00:05.187500,6.615235
1787227205218750000,2026-08-20T07:00:05.218750,8.024974
1787227205250000000,2026-08-20T07:00:05.250000,8.765683
1787227205281250000,2026-08-20T07:00:05.281250,9.917189
1787227205312500000,2026-08-20T07:00:05.312500,10.705351
1787227205343750000,2026-08-20T07:00:05.343750,11.654376
1787227205375000000,2026-08-20T07:00:05.375000,11.979916
1787227205406250000,2026-08-20T07:00:05.406250,13.218697
1787227205437500000,2026-08-20T07:00:05.437500,13.804712
1787227205468750000,2026-08-20T07:00:05.468750,15.003894
1787227205500000000,2026-08-20T07:00:05.500000,15.643418
1787227205531250000,2026-08-20T07:00:05.531250,16.554862
1787227205562500000,2026-08-20T07:00:05.562500,16.902500
1787227205593750000,2026-08-20T07:00:05.593750,17.436579
1787227205625000000,2026-08-20T07:00:05.625000,18.069935
1787227205656250000,2026-08-20T07:00:05.656250,18.477028
1787227205687500000,2026-08-20T07:00:05.687500,18.907903
1787227205718750000,2026-08-20T07:00:05.718750,19.287064
1787227205750000000,2026-08-20T07:00:05.750000,19.569079
1787227205781250000,2026-08-20T07:00:05.781250,19.761800
1787227205812500000,2026-08-20T07:00:05.812500,20.147018
1787227205843750000,2026-08-20T07:00:05.843750,20.468855
1787227205875000000,2026-08-20T07:00:05.875000,20.792488
1787227205906250000,2026-08-20T07:00:05.906250,21.080337
1787227205937500000,2026-08-20T07:00:05.937500,21.133958
1787227205968750000,2026-08-20T07:00:05.968750,21.389948
1787227206000000000,2026-08-20T07:00:06,21.638086
1787227206031250000,2026-08-20T07:00:06.031250,21.759238
1787227206062500000,2026-08-20T07:00:06.062500,22.061219
1787227206093750000,2026-08-20T07:00:06.093750,22.251921
1787227206125000000,2026-08-20T07:00:06.125000,22.351310
1787227206156250000,2026-08-20T07:00:06.156250,22.458440
1787227206187500000,2026-08-20T07:00:06.187500,22.736528
1787270400093750000,2026-08-20T19:00:00.093750,21.596182
1787270400125000000,2026-08-20T19:00:00.125000,21.437338
1787270400156250000,2026-08-20T19:00:00.156250,21.467066
1787270400187500000,2026-08-20T19:00:00.187500,21.597978
1787270400218750000,2026-08-20T19:00:00.218750,20.984478
1787270400250000000,2026-08-20T19:00:00.250000,20.708409
1787270400281250000,2026-08-20T19:00:00.281250,20.541489
1787270400312500000,2026-08-20T19:00:00.312500,20.303223
1787270400343750000,2026-08-20T19:00:00.343750,19.620173
1787270400375000000,2026-08-20T19:00:00.375000,19.397613
1787270400406250000,2026-08-20T19:00:00.406250,19.028324
1787270400437500000,2026-08-20T19:00:00.437500,18.214361
1787270400468750000,2026-08-20T19:00:00.468750,17.475782
1787270400500000000,2026-08-20T19:00:00.500000,17.176042
1787270400531250000,2026-08-20T19:00:00.531250,17.269485
1787270400562500000,2026-08-20T19:00:00.562500,16.991509
1787270400593750000,2026-08-20T19:00:00.593750,16.749205
1787270400625000000,2026-08-20T19:00:00.625000,16.427591
1787270400656250000,2026-08-20T19:00:00.656250,16.040354
1787270400687500000,2026-08-20T19:00:00.687500,15.311647
1787270400718750000,2026-08-20T19:00:00.718750,14.396276
1787270400750000000,2026-08-20T19:00:00.750000,13.740934
1787270400781250000,2026-08-20T19:00:00.781250,13.258234
1787270400812500000,2026-08-20T19:00:00.812500,12.555328
1787270400843750000,2026-08-20T19:00:00.843750,11.262815
1787270400875000000,2026-08-20T19:00:00.875000,10.464558
1787270400906250000,2026-08-20T19:00:00.906250,10.261965
1787270400937500000,2026-08-20T19:00:00.937500,9.279175
1787270400968750000,2026-08-20T19:00:00.968750,8.341930
1787270401000000000,2026-08-20T19:00:01,7.501832
1787270401031250000,2026-08-20T19:00:01.031250,6.669810
1787270401062500000,2026-08-20T19:00:01.062500,5.198709
1787270401093750000,2026-08-20T19:00:01.093750,4.074800
1787270401125000000,2026-08-20T19:00:01.125000,2.933054
1787270401156250000,2026-08-20T19:00:01.156250,1.771565
1787270401187500000,2026-08-20T19:00:01.187500,0.663585
1787270401218750000,2026-08-20T19:00:01.218750,-0.329411
1787270401250000000,2026-08-20T19:00:01.250000,-1.314109
1787270401281250000,2026-08-20T19:00:01.281250,-2.316755
1787270401312500000,2026-08-20T19:00:01.312500,-3.394784
1787270401343750000,2026-08-20T19:00:01.343750,-4.411340
1787270401375000000,2026-08-20T19:00:01.375000,-5.259180
1787270401406250000,2026-08-20T19:00:01.406250,-6.595442
1787270401437500000,2026-08-20T19:00:01.437500,-7.429595
1787270401468750000,2026-08-20T19:00:01.468750,-8.162562
1787270401500000000,2026-08-20T19:00:01.500000,-9.197289
1787270401531250000,2026-08-20T19:00:01.531250,-10.599174
1787270401562500000,2026-08-20T19:00:01.562500,-11.383744
1787270401593750000,2026-08-20T19:00:01.593750,-12.507319
1787270401625000000,2026-08-20T19:00:01.625000,-13.444564
1787270401656250000,2026-08-20T19:00:01.656250,-14.343894
1787270401687500000,2026-08-20T19:00:01.687500,-15.130149
1787270401718750000,2026-08-20T19:00:01.718750,-16.093195
1787270401750000000,2026-08-20T19:00:01.750000,-17.050518
1787270401781250000,2026-08-20T19:00:01.781250,-17.910249
1787270401812500000,2026-08-20T19:00:01.812500,-18.559757
1787270401843750000,2026-08-20T19:00:01.843750,-18.949125
1787270401875000000,2026-08-20T19:00:01.875000,-19.552642
1787270401906250000,2026-08-20T19:00:01.906250,-19.904095
1787270401937500000,2026-08-20T19:00:01.937500,-20.128562
1787270401968750000,2026-08-20T19:00:01.968750,-20.350899
1787270402000000000,2026-08-20T19:00:02,-20.865122
1787270402031250000,2026-08-20T19:00:02.031250,-21.169011
1787270402062500000,2026-08-20T19:00:02.062500,-21.607739
1787270402093750000,2026-08-20T19:00:02.093750,-22.195550
1787270402125000000,2026-08-20T19:00:02.125000,-22.509200
1787270402156250000,2026-08-20T19:00:02.156250,-22.791103
1787270402187500000,2026-08-20T19:00:02.187500,-22.850892
1787270402218750000,2026-08-20T19:00:02.218750,-22.827110
1787270402250000000,2026-08-20T19:00:02.250000,-22.634501
1787270402281250000,2026-08-20T19:00:02.281250,-22.640669
1787270402312500000,2026-08-20T19:00:02.312500,-22.539373
1787270402343750000,2026-08-20T19:00:02.343750,-22.219666
1787270402375000000,2026-08-20T19:00:02.375000,-22.027057
1787270402406250000,2026-08-20T19:00:02.406250,-21.816389
1787270402437500000,2026-08-20T19:00:02.437500,-21.708924
1787270402468750000,2026-08-20T19:00:02.468750,-21.351414
1787270402500000000,2026-08-20T19:00:02.500000,-21.057286
1787270402531250000,2026-08-20T19:00:02.531250,-20.904165
1787270402562500000,2026-08-20T19:00:02.562500,-20.292683
1787270402593750000,2026-08-20T19:00:02.593750,-19.828042
1787270402625000000,2026-08-20T19:00:02.625000,-19.244269
1787270402656250000,2026-08-20T19:00:02.656250,-18.505690
1787270402687500000,2026-08-20T19:00:02.687500,-17.382116
1787270402718750000,2026-08-20T19:00:02.718750,-17.040312
1787270402750000000,2026-08-20T19:00:02.750000,-16.250020
1787270402781250000,2026-08-20T19:00:02.781250,-15.273175
1787270402812500000,2026-08-20T19:00:02.812500,-14.788679
1787270402843750000,2026-08-20T19:00:02.843750,-14.252470
1787270402875000000,2026-08-20T19:00:02.875000,-13.158623
1787270402906250000,2026-08-20T19:00:02.906250,-12.280944
1787270402937500000,2026-08-20T19:00:02.937500,-11.184966
1787270402968750000,2026-08-20T19:00:02.968750,-10.146536
1787270403000000000,2026-08-20T19:00:03,-9.381934
1787270403031250000,2026-08-20T19:00:03.031250,-8.375139
1787270403062500000,2026-08-20T19:00:03.062500,-7.223521
1787270403093750000,2026-08-20T19:00:03.093750,-6.486738
1787270403125000000,2026-08-20T19:00:03.125000,-5.223730
1787270403156250000,2026-08-20T19:00:03.156250,-4.197079
1787270403187500000,2026-08-20T19:00:03.187500,-3.174467
1787270403218750000,2026-08-20T19:00:03.218750,-2.088361
1787270403250000000,2026-08-20T19:00:03.250000,-1.075621
1787270403281250000,2026-08-20T19:00:03.281250,-0.156212
1787270403312500000,2026-08-20T19:00:03.312500,1.241524
1787270403343750000,2026-08-20T19:00:03.343750,2.418942
1787270403375000000,2026-08-20T19:00:03.375000,3.451538
1787270403406250000,2026-08-20T19:00:03.406250,4.549423
1787270403437500000,2026-08-20T19:00:03.437500,5.532325
1787270403468750000,2026-08-20T19:00:03.468750,6.662068
1787270403500000000,2026-08-20T19:00:03.500000,7.464363
1787270403531250000,2026-08-20T19:00:03.531250,8.623833
1787270403562500000,2026-08-20T19:00:03.562500,9.849038
1787270403593750000,2026-08-20T19:00:03.593750,10.637200
1787270403625000000,2026-08-20T19:00:03.625000,11.619991
1787270403656250000,2026-08-20T19:00:03.656250,12.519432
1787270403687500000,2026-08-20T19:00:03.687500,13.486405
1787270403718750000,2026-08-20T19:00:03.718750,13.959010
1787270403750000000,2026-08-20T19:00:03.750000,15.070916
1787270403781250000,2026-08-20T19:00:03.781250,15.412609
1787270403812500000,2026-08-20T19:00:03.812500,16.107439
1787270403843750000,2026-08-20T19:00:03.843750,16.149169
1787270403875000000,2026-08-20T19:00:03.875000,16.590027
1787270403906250000,2026-08-20T19:00:03.906250,16.989156
1787270403937500000,2026-08-20T19:00:03.937500,17.739737
1787270403968750000,2026-08-20T19:00:03.968750,18.011879
1787270404000000000,2026-08-20T19:00:04,18.599691
1787270404031250000,2026-08-20T19:00:04.031250,19.129731
1787270404062500000,2026-08-20T19:00:04.062500,19.612208
1787270404093750000,2026-08-20T19:00:04.093750,19.713616
1787270404125000000,2026-08-20T19:00:04.125000,20.200131
1787270404156250000,2026-08-20T19:00:04.156250,20.521856
1787270404187500000,2026-08-20T19:00:04.187500,20.909317
1787270404218750000,2026-08-20T19:00:04.218750,21.310464
1787270404250000000,2026-08-20T19:00:04.250000,21.747173
1787270404281250000,2026-08-20T19:00:04.281250,22.029076
1787270404312500000,2026-08-20T19:00:04.312500,22.370434
1787270404343750000,2026-08-20T19:00:04.343750,22.592771
1787270404375000000,2026-08-20T19:00:04.375000,22.078659
1787270404406250000,2026-08-20T19:00:04.406250,21.991273
1787270404437500000,2026-08-20T19:00:04.437500,21.884142
1787270404468750000,2026-08-20T19:00:04.468750,21.826706
1787270404500000000,2026-08-20T19:00:04.500000,21.574419
1787270404531250000,2026-08-20T19:00:04.531250,21.874159
1787270404562500000,2026-08-20T19:00:04.562500,21.782734
1787270404593750000,2026-08-20T19:00:04.593750,21.870009
1787270404625000000,2026-08-20T19:00:04.625000,22.126223
1787270404656250000,2026-08-20T19:00:04.656250,22.406219
1787270404687500000,2026-08-20T19:00:04.687500,22.191735
1787270404718750000,2026-08-20T19:00:04.718750,22.787288
1787270404750000000,2026-08-20T19:00:04.750000,22.850892
1787270404781250000,2026-08-20T19:00:04.781250,22.832944
1787270404812500000,2026-08-20T19:00:04.812500,22.529167
1787270404843750000,2026-08-20T19:00:04.843750,22.622498
1787270404875000000,2026-08-20T19:00:04.875000,21.997218
1787270404906250000,2026-08-20T19:00:04.906250,22.046690
1787270404937500000,2026-08-20T19:00:04.937500,21.800460
1787270404968750000,2026-08-20T19:00:04.968750,21.742689
1787270405000000000,2026-08-20T19:00:05,21.913313
1787270405031250000,2026-08-20T19:00:05.031250,22.149337
1787270405062500000,2026-08-20T19:00:05.062500,22.131500
1787270405093750000,2026-08-20T19:00:05.093750,22.326017
1787270405125000000,2026-08-20T19:00:05.125000,22.425406
1787270405156250000,2026-08-20T19:00:05.156250,22.661652
1787270405187500000,2026-08-20T19:00:05.187500,22.540835
1787270405218750000,2026-08-20T19:00:05.218750,22.096273
1787270405250000000,2026-08-20T19:00:05.250000,21.796310
1787270405281250000,2026-08-20T19:00:05.281250,21.448895
1787270405312500000,2026-08-20T19:00:05.312500,21.037987
1787270405343750000,2026-08-20T19:00:05.343750,20.686534
1787270405375000000,2026-08-20T19:00:05.375000,20.591072
1787270405406250000,2026-08-20T19:00:05.406250,20.287517
1787270405437500000,2026-08-20T19:00:05.437500,19.880424
1787270405468750000,2026-08-20T19:00:05.468750,19.858550
1787270405500000000,2026-08-20T19:00:05.500000,19.634083
1787270405531250000,2026-08-20T19:00:05.531250,18.889558
1787270405562500000,2026-08-20T19:00:05.562500,18.587688
1787270405593750000,2026-08-20T19:00:05.593750,18.526103
1787270405625000000,2026-08-20T19:00:05.625000,17.515493
1787270405656250000,2026-08-20T19:00:05.656250,16.749205
1787270405687500000,2026-08-20T19:00:05.687500,16.411662
1787270405718750000,2026-08-20T19:00:05.718750,15.766304
1787270405750000000,2026-08-20T19:00:05.750000,14.743802
1787270405781250000,2026-08-20T19:00:05.781250,14.253361
1787270405812500000,2026-08-20T19:00:05.812500,13.749010
1787270405843750000,2026-08-20T19:00:05.843750,13.081665
1787270405875000000,2026-08-20T19:00:05.875000,11.739346
1787270405906250000,2026-08-20T19:00:05.906250,11.084004
1787270405937500000,2026-08-20T19:00:05.937500,10.297638
1787270405968750000,2026-08-20T19:00:05.968750,9.467412
1787270406000000000,2026-08-20T19:00:06,8.555968
1787270406031250000,2026-08-20T19:00:06.031250,7.849136
1787270406062500000,2026-08-20T19:00:06.062500,7.060639
1787270406093750000,2026-08-20T19:00:06.093750,5.720562
1787270406125000000,2026-08-20T19:00:06.125000,4.392264
1787270406156250000,2026-08-20T19:00:06.156250,3.183211
1787270406187500000,2026-08-20T19:00:06.187500,2.333241
1787313600093750000,2026-08-21T07:00:00.093750,-19.297048
1787313600125000000,2026-08-21T07:00:00.125000,-18.447189
1787313600156250000,2026-08-21T07:00:00.156250,-17.805757
1787313600187500000,2026-08-21T07:00:00.187500,-17.013669
1787313600218750000,2026-08-21T07:00:00.218750,-16.062625
1787313600250000000,2026-08-21T07:00:00.250000,-15.055941
1787313600281250000,2026-08-21T07:00:00.281250,-14.636957
1787313600312500000,2026-08-21T07:00:00.312500,-13.898378
1787313600343750000,2026-08-21T07:00:00.343750,-12.839981
1787313600375000000,2026-08-21T07:00:00.375000,-12.132926
1787313600406250000,2026-08-21T07:00:00.406250,-11.038856
1787313600437500000,2026-08-21T07:00:00.437500,-9.726487
1787313600468750000,2026-08-21T07:00:00.468750,-8.608524
1787313600500000000,2026-08-21T07:00:00.500000,-7.766630
1787313600531250000,2026-08-21T07:00:00.531250,-6.682654
1787313600562500000,2026-08-21T07:00:00.562500,-6.072969
1787313600593750000,2026-08-21T07:00:00.593750,-5.292437
1787313600625000000,2026-08-21T07:00:00.625000,-4.079234
1787313600656250000,2026-08-21T07:00:00.656250,-2.949380
1787313600687500000,2026-08-21T07:00:00.687500,-2.019988
1787313600718750000,2026-08-21T07:00:00.718750,-0.755183
1787313600750000000,2026-08-21T07:00:00.750000,0.454093
1787313600781250000,2026-08-21T07:00:00.781250,1.436995
1787313600812500000,2026-08-21T07:00:00.812500,2.487427
1787313600843750000,2026-08-21T07:00:00.843750,3.736303
1787313600875000000,2026-08-21T07:00:00.875000,4.991236
1787313600906250000,2026-08-21T07:00:00.906250,5.987824
1787313600937500000,2026-08-21T07:00:00.937500,6.658984
1787313600968750000,2026-08-21T07:00:00.968750,7.590172
1787313601000000000,2026-08-21T07:00:01,8.374630
1787313601031250000,2026-08-21T07:00:01.031250,9.270146
1787313601062500000,2026-08-21T07:00:01.062500,10.042713
1787313601093750000,2026-08-21T07:00:01.093750,11.134764
1787313601125000000,2026-08-21T07:00:01.125000,12.216831
1787313601156250000,2026-08-21T07:00:01.156250,13.445740
1787313601187500000,2026-08-21T07:00:01.187500,14.198341
1787313601218750000,2026-08-21T07:00:01.218750,15.117638
1787313601250000000,2026-08-21T07:00:01.250000,15.768831
1787313601281250000,2026-08-21T07:00:01.281250,16.348677
1787313601312500000,2026-08-21T07:00:01.312500,17.085460
1787313601343750000,2026-08-21T07:00:01.343750,17.411001
1787313601375000000,2026-08-21T07:00:01.375000,18.036392
1787313601406250000,2026-08-21T07:00:01.406250,18.765099
1787313601437500000,2026-08-21T07:00:01.437500,19.299290
1787313601468750000,2026-08-21T07:00:01.468750,19.473951
1787313601500000000,2026-08-21T07:00:01.500000,19.738240
1787313601531250000,2026-08-21T07:00:01.531250,20.123570
1787313601562500000,2026-08-21T07:00:01.562500,20.407604
1787313601593750000,2026-08-21T07:00:01.593750,20.550630
1787313601625000000,2026-08-21T07:00:01.625000,21.023123
1787313601656250000,2026-08-21T07:00:01.656250,21.598821
1787313601687500000,2026-08-21T07:00:01.687500,21.684300
1787313601718750000,2026-08-21T07:00:01.718750,21.857053
1787313601750000000,2026-08-21T07:00:01.750000,22.063461
1787313601781250000,2026-08-21T07:00:01.781250,21.936364
1787313601812500000,2026-08-21T07:00:01.812500,22.267961
1787313601843750000,2026-08-21T07:00:01.843750,22.537862
1787313601875000000,2026-08-21T07:00:01.875000,22.772090
1787313601906250000,2026-08-21T07:00:01.906250,22.603597
1787313601937500000,2026-08-21T07:00:01.937500,22.697040
1787313601968750000,2026-08-21T07:00:01.968750,22.401115
1787313602000000000,2026-08-21T07:00:02,22.286021
1787313602031250000,2026-08-21T07:00:02.031250,22.161054
1787313602062500000,2026-08-21T07:00:02.062500,22.369369
1787313602093750000,2026-08-21T07:00:02.093750,22.319786
1787313602125000000,2026-08-21T07:00:02.125000,22.554125
1787313602156250000,2026-08-21T07:00:02.156250,22.204691
1787313602187500000,2026-08-21T07:00:02.187500,22.442845
1787313602218750000,2026-08-21T07:00:02.218750,22.353440
1787313602250000000,2026-08-21T07:00:02.250000,22.416933
1787313602281250000,2026-08-21T07:00:02.281250,22.222305
1787313602312500000,2026-08-21T07:00:02.312500,22.589687
1787313602343750000,2026-08-21T07:00:02.343750,22.333807
1787313602375000000,2026-08-21T07:00:02.375000,22.238568
1787313602406250000,2026-08-21T07:00:02.406250,21.956665
1787313602437500000,2026-08-21T07:00:02.437500,22.004452
1787313602468750000,2026-08-21T07:00:02.468750,22.087577
1787313602500000000,2026-08-21T07:00:02.500000,21.958238
1787313602531250000,2026-08-21T07:00:02.531250,21.886669
1787313602562500000,2026-08-21T07:00:02.562500,21.950162
1787313602593750000,2026-08-21T07:00:02.593750,21.799172
1787313602625000000,2026-08-21T07:00:02.625000,21.660295
1787313602656250000,2026-08-21T07:00:02.656250,21.418102
1787313602687500000,2026-08-21T07:00:02.687500,21.497524
1787313602718750000,2026-08-21T07:00:02.718750,21.314787
1787313602750000000,2026-08-21T07:00:02.750000,21.140014
1787313602781250000,2026-08-21T07:00:02.781250,20.867983
1787313602812500000,2026-08-21T07:00:02.812500,20.613789
1787313602843750000,2026-08-21T07:00:02.843750,20.180895
1787313602875000000,2026-08-21T07:00:02.875000,20.079710
1787313602906250000,2026-08-21T07:00:02.906250,19.897196
1787313602937500000,2026-08-21T07:00:02.937500,19.432555
1787313602968750000,2026-08-21T07:00:02.968750,19.430759
1787313603000000000,2026-08-21T07:00:03,19.109034
1787313603031250000,2026-08-21T07:00:03.031250,18.616462
1787313603062500000,2026-08-21T07:00:03.062500,17.974918
1787313603093750000,2026-08-21T07:00:03.093750,17.613593
1787313603125000000,2026-08-21T07:00:03.125000,16.884664
1787313603156250000,2026-08-21T07:00:03.156250,16.300890
1787313603187500000,2026-08-21T07:00:03.187500,15.566238
1787313603218750000,2026-08-21T07:00:03.218750,14.760128
1787313603250000000,2026-08-21T07:00:03.250000,13.668077
1787313603281250000,2026-08-21T07:00:03.281250,13.003086
1787313603312500000,2026-08-21T07:00:03.312500,12.270452
1787313603343750000,2026-08-21T07:00:03.343750,11.124780
1787313603375000000,2026-08-21T07:00:03.375000,10.570735
1787313603406250000,2026-08-21T07:00:03.406250,10.330450
1787313603437500000,2026-08-21T07:00:03.437500,9.238399
1787313603468750000,2026-08-21T07:00:03.468750,8.329085
1787313603500000000,2026-08-21T07:00:03.500000,7.816881
1787313603531250000,2026-08-21T07:00:03.531250,6.917551
1787313603562500000,2026-08-21T07:00:03.562500,5.577251
1787313603593750000,2026-08-21T07:00:03.593750,4.965435
1787313603625000000,2026-08-21T07:00:03.625000,4.210704
1787313603656250000,2026-08-21T07:00:03.656250,3.249565
1787313603687500000,2026-08-21T07:00:03.687500,1.764220
1787313603718750000,2026-08-21T07:00:03.718750,0.775262
1787313603750000000,2026-08-21T07:00:03.750000,-0.201583
1787313603781250000,2026-08-21T07:00:03.781250,-1.517990
1787313603812500000,2026-08-21T07:00:03.812500,-2.576275
1787313603843750000,2026-08-21T07:00:03.843750,-3.340655
1787313603875000000,2026-08-21T07:00:03.875000,-4.513813
1787313603906250000,2026-08-21T07:00:03.906250,-5.711087
1787313603937500000,2026-08-21T07:00:03.937500,-6.862704
1787313603968750000,2026-08-21T07:00:03.968750,-7.911118
1787313604000000000,2026-08-21T07:00:04,-8.653846
1787313604031250000,2026-08-21T07:00:04.031250,-9.333416
1787313604062500000,2026-08-21T07:00:04.062500,-10.389905
1787313604093750000,2026-08-21T07:00:04.093750,-11.094830
1787313604125000000,2026-08-21T07:00:04.125000,-12.258339
1787313604156250000,2026-08-21T07:00:04.156250,-13.386285
1787313604187500000,2026-08-21T07:00:04.187500,-14.559666
1787313604218750000,2026-08-21T07:00:04.218750,-15.693335
1787313604250000000,2026-08-21T07:00:04.250000,-16.733784
1787313604281250000,2026-08-21T07:00:04.281250,-17.150861
1787313604312500000,2026-08-21T07:00:04.312500,-17.841764
1787313604343750000,2026-08-21T07:00:04.343750,-18.479047
1787313604375000000,2026-08-21T07:00:04.375000,-19.138204
1787313604406250000,2026-08-21T07:00:04.406250,-19.511532
1787313604437500000,2026-08-21T07:00:04.437500,-20.295767
1787313604468750000,2026-08-21T07:00:04.468750,-20.665056
1787313604500000000,2026-08-21T07:00:04.500000,-20.841960
1787313604531250000,2026-08-21T07:00:04.531250,-20.701175
1787313604562500000,2026-08-21T07:00:04.562500,-21.302673
1787313604593750000,2026-08-21T07:00:04.593750,-21.699783
1787313604625000000,2026-08-21T07:00:04.625000,-22.019489
1787313604656250000,2026-08-21T07:00:04.656250,-22.323267
1787313604687500000,2026-08-21T07:00:04.687500,-22.678646
1787313604718750000,2026-08-21T07:00:04.718750,-22.702651
1787313604750000000,2026-08-21T07:00:04.750000,-22.772090
1787313604781250000,2026-08-21T07:00:04.781250,-22.641066
1787313604812500000,2026-08-21T07:00:04.812500,-22.499947
1787313604843750000,2026-08-21T07:00:04.843750,-22.327193
1787313604875000000,2026-08-21T07:00:04.875000,-22.029250
1787313604906250000,2026-08-21T07:00:04.906250,-21.604432
1787313604937500000,2026-08-21T07:00:04.937500,-21.489226
1787313604968750000,2026-08-21T07:00:04.968750,-21.300543
1787313605000000000,2026-08-21T07:00:05,-21.024585
1787313605031250000,2026-08-21T07:00:05.031250,-20.496341
1787313605062500000,2026-08-21T07:00:05.062500,-20.224198
1787313605093750000,2026-08-21T07:00:05.093750,-19.551131
1787313605125000000,2026-08-21T07:00:05.125000,-19.183861
1787313605156250000,2026-08-21T07:00:05.156250,-18.645632
1787313605187500000,2026-08-21T07:00:05.187500,-17.736430
1787313605218750000,2026-08-21T07:00:05.218750,-16.928413
1787313605250000000,2026-08-21T07:00:05.250000,-16.282943
1787313605281250000,2026-08-21T07:00:05.281250,-15.049996
1787313605312500000,2026-08-21T07:00:05.312500,-14.039497
1787313605343750000,2026-08-21T07:00:05.343750,-13.670096
1787313605375000000,2026-08-21T07:00:05.375000,-12.637611
1787313605406250000,2026-08-21T07:00:05.406250,-12.028037
1787313605437500000,2026-08-21T07:00:05.437500,-11.311110
1787313605468750000,2026-08-21T07:00:05.468750,-10.564455
1787313605500000000,2026-08-21T07:00:05.500000,-9.486091
1787313605531250000,2026-08-21T07:00:05.531250,-8.594503
1787313605562500000,2026-08-21T07:00:05.562500,-7.657257
1787313605593750000,2026-08-21T07:00:05.593750,-6.664484
1787313605625000000,2026-08-21T07:00:05.625000,-5.661615
1787313605656250000,2026-08-21T07:00:05.656250,-4.454469
1787313605687500000,2026-08-21T07:00:05.687500,-3.402129
1787313605718750000,2026-08-21T07:00:05.718750,-2.079889
1787313605750000000,2026-08-21T07:00:05.750000,-1.051219
1787313605781250000,2026-08-21T07:00:05.781250,0.255204
1787313605812500000,2026-08-21T07:00:05.812500,0.975835
1787313605843750000,2026-08-21T07:00:05.843750,1.952791
1787313605875000000,2026-08-21T07:00:05.875000,3.235544
1787313605906250000,2026-08-21T07:00:05.906250,4.369325
1787313605937500000,2026-08-21T07:00:05.937500,5.352338
1787313605968750000,2026-08-21T07:00:05.968750,6.472320
1787313606000000000,2026-08-21T07:00:06,7.280672
1787313606031250000,2026-08-21T07:00:06.031250,7.947905
1787313606062500000,2026-08-21T07:00:06.062500,9.268015
1787313606093750000,2026-08-21T07:00:06.093750,9.966772
1787313606125000000,2026-08-21T07:00:06.125000,10.951804
1787313606156250000,2026-08-21T07:00:06.156250,12.137187
1787313606187500000,2026-08-21T07:00:06.187500,13.253131
1787356800093750000,2026-08-21T19:00:00.093750,22.873943
1787356800125000000,2026-08-21T19:00:00.125000,23.072386
1787356800156250000,2026-08-21T19:00:00.156250,22.808431
1787356800187500000,2026-08-21T19:00:00.187500,22.875851
1787356800218750000,2026-08-21T19:00:00.218750,22.677185
1787356800250000000,2026-08-21T19:00:00.250000,22.720711
1787356800281250000,2026-08-21T19:00:00.281250,22.363312
1787356800312500000,2026-08-21T19:00:00.312500,22.645215
1787356800343750000,2026-08-21T19:00:00.343750,22.170814
1787356800375000000,2026-08-21T19:00:00.375000,22.194596
1787356800406250000,2026-08-21T19:00:00.406250,21.843032
1787356800437500000,2026-08-21T19:00:00.437500,21.690134
1787356800468750000,2026-08-21T19:00:00.468750,21.374465
1787356800500000000,2026-08-21T19:00:00.500000,21.479576
1787356800531250000,2026-08-21T19:00:00.531250,21.199692
1787356800562500000,2026-08-21T19:00:00.562500,21.074725
1787356800593750000,2026-08-21T19:00:00.593750,20.850481
1787356800625000000,2026-08-21T19:00:00.625000,20.568355
1787356800656250000,2026-08-21T19:00:00.656250,20.485007
1787356800687500000,2026-08-21T19:00:00.687500,20.453149
1787356800718750000,2026-08-21T19:00:00.718750,20.198954
1787356800750000000,2026-08-21T19:00:00.750000,20.065800
1787356800781250000,2026-08-21T19:00:00.781250,19.730276
1787356800812500000,2026-08-21T19:00:00.812500,19.071007
1787356800843750000,2026-08-21T19:00:00.843750,18.413981
1787356800875000000,2026-08-21T19:00:00.875000,18.082495
1787356800906250000,2026-08-21T19:00:00.906250,17.582181
1787356800937500000,2026-08-21T19:00:00.937500,17.131562
1787356800968750000,2026-08-21T19:00:00.968750,16.498206
1787356801000000000,2026-08-21T19:00:01,16.146642
1787356801031250000,2026-08-21T19:00:01.031250,15.181688
1787356801062500000,2026-08-21T19:00:01.062500,14.317808
1787356801093750000,2026-08-21T19:00:01.093750,13.732016
1787356801125000000,2026-08-21T19:00:01.125000,13.044927
1787356801156250000,2026-08-21T19:00:01.156250,12.000552
1787356801187500000,2026-08-21T19:00:01.187500,11.636985
1787356801218750000,2026-08-21T19:00:01.218750,10.753472
1787356801250000000,2026-08-21T19:00:01.250000,9.694964
1787356801281250000,2026-08-21T19:00:01.281250,9.109171
1787356801312500000,2026-08-21T19:00:01.312500,8.235531
1787356801343750000,2026-08-21T19:00:01.343750,6.871560
1787356801375000000,2026-08-21T19:00:01.375000,6.029888
1787356801406250000,2026-08-21T19:00:01.406250,4.979679
1787356801437500000,2026-08-21T19:00:01.437500,3.806187
1787356801468750000,2026-08-21T19:00:01.468750,2.892724
1787356801500000000,2026-08-21T19:00:01.500000,1.846218
1787356801531250000,2026-08-21T19:00:01.531250,0.801619
1787356801562500000,2026-08-21T19:00:01.562500,0.072913
1787356801593750000,2026-08-21T19:00:01.593750,-0.824622
1787356801625000000,2026-08-21T19:00:01.625000,-2.031879
1787356801656250000,2026-08-21T19:00:01.656250,-2.986961
1787356801687500000,2026-08-21T19:00:01.687500,-4.061175
1787356801718750000,2026-08-21T19:00:01.718750,-5.496715
1787356801750000000,2026-08-21T19:00:01.750000,-6.966131
1787356801781250000,2026-08-21T19:00:01.781250,-8.024528
1787356801812500000,2026-08-21T19:00:01.812500,-9.144510
1787356801843750000,2026-08-21T19:00:01.843750,-10.099815
1787356801875000000,2026-08-21T19:00:01.875000,-11.094719
1787356801906250000,2026-08-21T19:00:01.906250,-11.769693
1787356801937500000,2026-08-21T19:00:01.937500,-12.951150
1787356801968750000,2026-08-21T19:00:01.968750,-13.888172
1787356802000000000,2026-08-21T19:00:02,-15.194484
1787356802031250000,2026-08-21T19:00:02.031250,-15.736750
1787356802062500000,2026-08-21T19:00:02.062500,-16.739507
1787356802093750000,2026-08-21T19:00:02.093750,-17.200221
1787356802125000000,2026-08-21T19:00:02.125000,-17.774345
1787356802156250000,2026-08-21T19:00:02.156250,-18.388068
1787356802187500000,2026-08-21T19:00:02.187500,-19.384768
1787356802218750000,2026-08-21T19:00:02.218750,-20.046056
1787356802250000000,2026-08-21T19:00:02.250000,-20.881893
1787356802281250000,2026-08-21T19:00:02.281250,-21.003045
1787356802312500000,2026-08-21T19:00:02.312500,-21.265093
1787356802343750000,2026-08-21T19:00:02.343750,-21.610489
1787356802375000000,2026-08-21T19:00:02.375000,-21.948032
1787356802406250000,2026-08-21T19:00:02.406250,-22.081075
1787356802437500000,2026-08-21T19:00:02.437500,-22.710504
1787356802468750000,2026-08-21T19:00:02.468750,-23.165273
1787356802500000000,2026-08-21T19:00:02.500000,-23.413633
1787356802531250000,2026-08-21T19:00:02.531250,-23.376053
1787356802562500000,2026-08-21T19:00:02.562500,-23.703835
1787356802593750000,2026-08-21T19:00:02.593750,-23.638100
1787356802625000000,2026-08-21T19:00:02.625000,-23.413522
1787356802656250000,2026-08-21T19:00:02.656250,-23.401408
1787356802687500000,2026-08-21T19:00:02.687500,-23.518410
1787356802718750000,2026-08-21T19:00:02.718750,-23.379088
1787356802750000000,2026-08-21T19:00:02.750000,-23.202519
1787356802781250000,2026-08-21T19:00:02.781250,-22.739898
1787356802812500000,2026-08-21T19:00:02.812500,-22.410319
1787356802843750000,2026-08-21T19:00:02.843750,-22.001319
1787356802875000000,2026-08-21T19:00:02.875000,-21.181410
1787356802906250000,2026-08-21T19:00:02.906250,-20.551981
1787356802937500000,2026-08-21T19:00:02.937500,-20.305862
1787356802968750000,2026-08-21T19:00:02.968750,-19.410458
1787356803000000000,2026-08-21T19:00:03,-18.355988
1787356803031250000,2026-08-21T19:00:03.031250,-17.686958
1787356803062500000,2026-08-21T19:00:03.062500,-17.085126
1787356803093750000,2026-08-21T19:00:03.093750,-16.260957
1787356803125000000,2026-08-21T19:00:03.125000,-15.309802
1787356803156250000,2026-08-21T19:00:03.156250,-14.658498
1787356803187500000,2026-08-21T19:00:03.187500,-13.812677
1787356803218750000,2026-08-21T19:00:03.218750,-12.978747
1787356803250000000,2026-08-21T19:00:03.250000,-11.805478
1787356803281250000,2026-08-21T19:00:03.281250,-11.118389
1787356803312500000,2026-08-21T19:00:03.312500,-10.107779
1787356803343750000,2026-08-21T19:00:03.343750,-9.096946
1787356803375000000,2026-08-21T19:00:03.375000,-7.949255
1787356803406250000,2026-08-21T19:00:03.406250,-6.769707
1787356803437500000,2026-08-21T19:00:03.437500,-5.617978
1787356803468750000,2026-08-21T19:00:03.468750,-4.634965
1787356803500000000,2026-08-21T19:00:03.500000,-3.564677
1787356803531250000,2026-08-21T19:00:03.531250,-2.583906
1787356803562500000,2026-08-21T19:00:03.562500,-1.753791
1787356803593750000,2026-08-21T19:00:03.593750,-0.699432
1787356803625000000,2026-08-21T19:00:03.625000,0.654667
1787356803656250000,2026-08-21T19:00:03.656250,1.647440
1787356803687500000,2026-08-21T19:00:03.687500,2.999743
1787356803718750000,2026-08-21T19:00:03.718750,4.135543
1787356803750000000,2026-08-21T19:00:03.750000,5.132354
1787356803781250000,2026-08-21T19:00:03.781250,6.204550
1787356803812500000,2026-08-21T19:00:03.812500,7.064392
1787356803843750000,2026-08-21T19:00:03.843750,8.053239
1787356803875000000,2026-08-21T19:00:03.875000,8.823676
1787356803906250000,2026-08-21T19:00:03.906250,10.022746
1787356803937500000,2026-08-21T19:00:03.937500,10.549083
1787356803968750000,2026-08-21T19:00:03.968750,11.720556
1787356804000000000,2026-08-21T19:00:04,12.256654
1787356804031250000,2026-08-21T19:00:04.031250,13.318866
1787356804062500000,2026-08-21T19:00:04.062500,14.009992
1787356804093750000,2026-08-21T19:00:04.093750,14.899339
1787356804125000000,2026-08-21T19:00:04.125000,15.923859
1787356804156250000,2026-08-21T19:00:04.156250,16.586943
1787356804187500000,2026-08-21T19:00:04.187500,17.305555
1787356804218750000,2026-08-21T19:00:04.218750,17.811814
1787356804250000000,2026-08-21T19:00:04.250000,18.492846
1787356804281250000,2026-08-21T19:00:04.281250,18.435298
1787356804312500000,2026-08-21T19:00:04.312500,19.259467
1787356804343750000,2026-08-21T19:00:04.343750,19.501882
1787356804375000000,2026-08-21T19:00:04.375000,20.169115
1787356804406250000,2026-08-21T19:00:04.406250,20.699379
1787356804437500000,2026-08-21T19:00:04.437500,21.420121
1787356804468750000,2026-08-21T19:00:04.468750,21.426178
1787356804500000000,2026-08-21T19:00:04.500000,21.924584
1787356804531250000,2026-08-21T19:00:04.531250,22.131103
1787356804562500000,2026-08-21T19:00:04.562500,22.407284
1787356804593750000,2026-08-21T19:00:04.593750,22.304191
1787356804625000000,2026-08-21T19:00:04.625000,22.826268
1787356804656250000,2026-08-21T19:00:04.656250,22.848031
1787356804687500000,2026-08-21T19:00:04.687500,22.770628
1787356804718750000,2026-08-21T19:00:04.718750,22.437011
1787356804750000000,2026-08-21T19:00:04.750000,22.554125
1787356804781250000,2026-08-21T19:00:04.781250,22.508357
1787356804812500000,2026-08-21T19:00:04.812500,22.456978
1787356804843750000,2026-08-21T19:00:04.843750,22.701189
1787356804875000000,2026-08-21T19:00:04.875000,23.171664
1787356804906250000,2026-08-21T19:00:04.906250,23.308856
1787356804937500000,2026-08-21T19:00:04.937500,23.380313
1787356804968750000,2026-08-21T19:00:04.968750,23.703835
1787356805000000000,2026-08-21T19:00:05,23.418117
1787356805031250000,2026-08-21T19:00:05.031250,22.927675
1787356805062500000,2026-08-21T19:00:05.062500,23.022692
1787356805093750000,2026-08-21T19:00:05.093750,23.032675
1787356805125000000,2026-08-21T19:00:05.125000,22.738770
1787356805156250000,2026-08-21T19:00:05.156250,22.937213
1787356805187500000,2026-08-21T19:00:05.187500,23.131841
1787356805218750000,2026-08-21T19:00:05.218750,23.038510
1787356805250000000,2026-08-21T19:00:05.250000,22.893687
1787356805281250000,2026-08-21T19:00:05.281250,22.693225
1787356805312500000,2026-08-21T19:00:05.312500,22.415248
1787356805343750000,2026-08-21T19:00:05.343750,22.419286
1787356805375000000,2026-08-21T19:00:05.375000,22.113490
1787356805406250000,2026-08-21T19:00:05.406250,21.615084
1787356805437500000,2026-08-21T19:00:05.437500,21.736124
1787356805468750000,2026-08-21T19:00:05.468750,21.710323
1787356805500000000,2026-08-21T19:00:05.500000,21.144387
1787356805531250000,2026-08-21T19:00:05.531250,21.148425
1787356805562500000,2026-08-21T19:00:05.562500,21.223809
1787356805593750000,2026-08-21T19:00:05.593750,21.110733
1787356805625000000,2026-08-21T19:00:05.625000,21.146294
1787356805656250000,2026-08-21T19:00:05.656250,21.261389
1787356805687500000,2026-08-21T19:00:05.687500,21.025031
1787356805718750000,2026-08-21T19:00:05.718750,20.769040
1787356805750000000,2026-08-21T19:00:05.750000,20.292286
1787356805781250000,2026-08-21T19:00:05.781250,19.510070
1787356805812500000,2026-08-21T19:00:05.812500,19.079306
1787356805843750000,2026-08-21T19:00:05.843750,18.690161
1787356805875000000,2026-08-21T19:00:05.875000,18.298997
1787356805906250000,2026-08-21T19:00:05.906250,17.856343
1787356805937500000,2026-08-21T19:00:05.937500,17.542470
1787356805968750000,2026-08-21T19:00:05.968750,16.926728
1787356806000000000,2026-08-21T19:00:06,16.281369
1787356806031250000,2026-08-21T19:00:06.031250,15.473240
1787356806062500000,2026-08-21T19:00:06.062500,15.052349
1787356806093750000,2026-08-21T19:00:06.093750,14.393303
1787356806125000000,2026-08-21T19:00:06.125000,13.990137
1787356806156250000,2026-08-21T19:00:06.156250,13.275340
1787356806187500000,2026-08-21T19:00:06.187500,12.874081
1787400000093750000,2026-08-22T07:00:00.093750,17.326754
1787400000125000000,2026-08-22T07:00:00.125000,16.296289
1787400000156250000,2026-08-22T07:00:00.156250,15.202219
1787400000187500000,2026-08-22T07:00:00.187500,14.376365
1787400000218750000,2026-08-22T07:00:00.218750,13.764772
1787400000250000000,2026-08-22T07:00:00.250000,13.099558
1787400000281250000,2026-08-22T07:00:00.281250,12.470128
1787400000312500000,2026-08-22T07:00:00.312500,11.814786
1787400000343750000,2026-08-22T07:00:00.343750,11.058148
1787400000375000000,2026-08-22T07:00:00.375000,10.134701
1787400000406250000,2026-08-22T07:00:00.406250,9.384008
1787400000437500000,2026-08-22T07:00:00.437500,8.534261
1787400000468750000,2026-08-22T07:00:00.468750,7.779642
1787400000500000000,2026-08-22T07:00:00.500000,6.852380
1787400000531250000,2026-08-22T07:00:00.531250,5.663182
1787400000562500000,2026-08-22T07:00:00.562500,4.308972
1787400000593750000,2026-08-22T07:00:00.593750,3.488729
1787400000625000000,2026-08-22T07:00:00.625000,2.716273
1787400000656250000,2026-08-22T07:00:00.656250,1.372047
1787400000687500000,2026-08-22T07:00:00.687500,0.145045
1787400000718750000,2026-08-22T07:00:00.718750,-0.637171
1787400000750000000,2026-08-22T07:00:00.750000,-2.052633
1787400000781250000,2026-08-22T07:00:00.781250,-3.289506
1787400000812500000,2026-08-22T07:00:00.812500,-4.234716
1787400000843750000,2026-08-22T07:00:00.843750,-4.979574
1787400000875000000,2026-08-22T07:00:00.875000,-6.085647
1787400000906250000,2026-08-22T07:00:00.906250,-6.705316
1787400000937500000,2026-08-22T07:00:00.937500,-7.459935
1787400000968750000,2026-08-22T07:00:00.968750,-8.331668
1787400001000000000,2026-08-22T07:00:01,-9.322646
1787400001031250000,2026-08-22T07:00:01.031250,-10.533829
1787400001062500000,2026-08-22T07:00:01.062500,-11.769018
1787400001093750000,2026-08-22T07:00:01.093750,-12.938472
1787400001125000000,2026-08-22T07:00:01.125000,-14.078087
1787400001156250000,2026-08-22T07:00:01.156250,-14.886105
1787400001187500000,2026-08-22T07:00:01.187500,-15.573193
1787400001218750000,2026-08-22T07:00:01.218750,-16.109179
1787400001250000000,2026-08-22T07:00:01.250000,-16.816123
1787400001281250000,2026-08-22T07:00:01.281250,-17.273022
1787400001312500000,2026-08-22T07:00:01.312500,-17.981985
1787400001343750000,2026-08-22T07:00:01.343750,-18.655163
1787400001375000000,2026-08-22T07:00:01.375000,-19.419543
1787400001406250000,2026-08-22T07:00:01.406250,-20.442044
1787400001437500000,2026-08-22T07:00:01.437500,-21.190384
1787400001468750000,2026-08-22T07:00:01.468750,-21.768100
1787400001500000000,2026-08-22T07:00:01.500000,-22.395400
1787400001531250000,2026-08-22T07:00:01.531250,-23.124329
1787400001562500000,2026-08-22T07:00:01.562500,-23.485654
1787400001593750000,2026-08-22T07:00:01.593750,-23.529515
1787400001625000000,2026-08-22T07:00:01.625000,-23.420365
1787400001656250000,2026-08-22T07:00:01.656250,-23.577413
1787400001687500000,2026-08-22T07:00:01.687500,-23.164263
1787400001718750000,2026-08-22T07:00:01.718750,-22.572637
1787400001750000000,2026-08-22T07:00:01.750000,-22.280750
1787400001781250000,2026-08-22T07:00:01.781250,-22.358042
1787400001812500000,2026-08-22T07:00:01.812500,-21.907200
1787400001843750000,2026-08-22T07:00:01.843750,-21.670953
1787400001875000000,2026-08-22T07:00:01.875000,-21.756209
1787400001906250000,2026-08-22T07:00:01.906250,-21.555636
1787400001937500000,2026-08-22T07:00:01.937500,-21.142820
1787400001968750000,2026-08-22T07:00:01.968750,-20.801128
1787400002000000000,2026-08-22T07:00:02,-20.231376
1787400002031250000,2026-08-22T07:00:02.031250,-19.613949
1787400002062500000,2026-08-22T07:00:02.062500,-19.191038
1787400002093750000,2026-08-22T07:00:02.093750,-18.575519
1787400002125000000,2026-08-22T07:00:02.125000,-17.827068
1787400002156250000,2026-08-22T07:00:02.156250,-17.662056
1787400002187500000,2026-08-22T07:00:02.187500,-17.366242
1787400002218750000,2026-08-22T07:00:02.218750,-16.572024
1787400002250000000,2026-08-22T07:00:02.250000,-15.773655
1787400002281250000,2026-08-22T07:00:02.281250,-15.070749
1787400002312500000,2026-08-22T07:00:02.312500,-13.778236
1787400002343750000,2026-08-22T07:00:02.343750,-12.308931
1787400002375000000,2026-08-22T07:00:02.375000,-11.633622
1787400002406250000,2026-08-22T07:00:02.406250,-10.974354
1787400002437500000,2026-08-22T07:00:02.437500,-9.912030
1787400002468750000,2026-08-22T07:00:02.468750,-8.774323
1787400002500000000,2026-08-22T07:00:02.500000,-8.101256
1787400002531250000,2026-08-22T07:00:02.531250,-7.019411
1787400002562500000,2026-08-22T07:00:02.562500,-5.943177
1787400002593750000,2026-08-22T07:00:02.593750,-4.791560
1787400002625000000,2026-08-22T07:00:02.625000,-4.046813
1787400002656250000,2026-08-22T07:00:02.656250,-2.672524
1787400002687500000,2026-08-22T07:00:02.687500,-1.429260
1787400002718750000,2026-08-22T07:00:02.718750,-0.100962
1787400002750000000,2026-08-22T07:00:02.750000,0.721077
1787400002781250000,2026-08-22T07:00:02.781250,1.813128
1787400002812500000,2026-08-22T07:00:02.812500,2.799844
1787400002843750000,2026-08-22T07:00:02.843750,3.911639
1787400002875000000,2026-08-22T07:00:02.875000,4.801209
1787400002906250000,2026-08-22T07:00:02.906250,6.109763
1787400002937500000,2026-08-22T07:00:02.937500,7.201814
1787400002968750000,2026-08-22T07:00:02.968750,7.996144
1787400003000000000,2026-08-22T07:00:03,8.867766
1787400003031250000,2026-08-22T07:00:03.031250,9.803104
1787400003062500000,2026-08-22T07:00:03.062500,10.214123
1787400003093750000,2026-08-22T07:00:03.093750,11.093821
1787400003125000000,2026-08-22T07:00:03.125000,12.112395
1787400003156250000,2026-08-22T07:00:03.156250,13.014079
1787400003187500000,2026-08-22T07:00:03.187500,13.875717
1787400003218750000,2026-08-22T07:00:03.218750,15.160489
1787400003250000000,2026-08-22T07:00:03.250000,15.704551
1787400003281250000,2026-08-22T07:00:03.281250,16.349798
1787400003312500000,2026-08-22T07:00:03.312500,17.102287
1787400003343750000,2026-08-22T07:00:03.343750,17.678207
1787400003375000000,2026-08-22T07:00:03.375000,17.997691
1787400003406250000,2026-08-22T07:00:03.406250,18.730436
1787400003437500000,2026-08-22T07:00:03.437500,19.274498
1787400003468750000,2026-08-22T07:00:03.468750,19.554605
1787400003500000000,2026-08-22T07:00:03.500000,20.042916
1787400003531250000,2026-08-22T07:00:03.531250,20.567346
1787400003562500000,2026-08-22T07:00:03.562500,20.956379
1787400003593750000,2026-08-22T07:00:03.593750,21.716944
1787400003625000000,2026-08-22T07:00:03.625000,22.280528
1787400003656250000,2026-08-22T07:00:03.656250,22.403698
1787400003687500000,2026-08-22T07:00:03.687500,22.937666
1787400003718750000,2026-08-22T07:00:03.718750,23.172005
1787400003750000000,2026-08-22T07:00:03.750000,23.040870
1787400003781250000,2026-08-22T07:00:03.781250,22.804846
1787400003812500000,2026-08-22T07:00:03.812500,23.231683
1787400003843750000,2026-08-22T07:00:03.843750,23.168301
1787400003875000000,2026-08-22T07:00:03.875000,23.386711
1787400003906250000,2026-08-22T07:00:03.906250,23.420700
1787400003937500000,2026-08-22T07:00:03.937500,23.577413
1787400003968750000,2026-08-22T07:00:03.968750,23.134870
1787400004000000000,2026-08-22T07:00:04,22.928239
1787400004031250000,2026-08-22T07:00:04.031250,22.775452
1787400004062500000,2026-08-22T07:00:04.062500,22.699957
1787400004093750000,2026-08-22T07:00:04.093750,22.797327
1787400004125000000,2026-08-22T07:00:04.125000,23.019552
1787400004156250000,2026-08-22T07:00:04.156250,23.109069
1787400004187500000,2026-08-22T07:00:04.187500,23.208346
1787400004218750000,2026-08-22T07:00:04.218750,23.335332
1787400004250000000,2026-08-22T07:00:04.250000,23.261967
1787400004281250000,2026-08-22T07:00:04.281250,23.176600
1787400004312500000,2026-08-22T07:00:04.312500,22.920498
1787400004343750000,2026-08-22T07:00:04.343750,22.767599
1787400004375000000,2026-08-22T07:00:04.375000,22.642521
1787400004406250000,2026-08-22T07:00:04.406250,22.445985
1787400004437500000,2026-08-22T07:00:04.437500,22.600902
1787400004468750000,2026-08-22T07:00:04.468750,22.956059
1787400004500000000,2026-08-22T07:00:04.500000,22.650263
1787400004531250000,2026-08-22T07:00:04.531250,22.497364
1787400004562500000,2026-08-22T07:00:04.562500,22.397976
1787400004593750000,2026-08-22T07:00:04.593750,22.181584
1787400004625000000,2026-08-22T07:00:04.625000,21.524558
1787400004656250000,2026-08-22T07:00:04.656250,21.387477
1787400004687500000,2026-08-22T07:00:04.687500,20.924856
1787400004718750000,2026-08-22T07:00:04.718750,20.819410
1787400004750000000,2026-08-22T07:00:04.750000,20.400315
1787400004781250000,2026-08-22T07:00:04.781250,20.309002
1787400004812500000,2026-08-22T07:00:04.812500,20.166198
1787400004843750000,2026-08-22T07:00:04.843750,20.537395
1787400004875000000,2026-08-22T07:00:04.875000,20.213874
1787400004906250000,2026-08-22T07:00:04.906250,20.074997
1787400004937500000,2026-08-22T07:00:04.937500,19.916153
1787400004968750000,2026-08-22T07:00:04.968750,19.786814
1787400005000000000,2026-08-22T07:00:05,19.240955
1787400005031250000,2026-08-22T07:00:05.031250,19.191150
1787400005062500000,2026-08-22T07:00:05.062500,18.970721
1787400005093750000,2026-08-22T07:00:05.093750,18.458293
1787400005125000000,2026-08-22T07:00:05.125000,17.997802
1787400005156250000,2026-08-22T07:00:05.156250,17.022754
1787400005187500000,2026-08-22T07:00:05.187500,16.250521
1787400005218750000,2026-08-22T07:00:05.218750,15.359044
1787400005250000000,2026-08-22T07:00:05.250000,14.904164
1787400005281250000,2026-08-22T07:00:05.281250,14.074049
1787400005312500000,2026-08-22T07:00:05.312500,13.655177
1787400005343750000,2026-08-22T07:00:05.343750,12.559199
1787400005375000000,2026-08-22T07:00:05.375000,11.838345
1787400005406250000,2026-08-22T07:00:05.406250,10.659131
1787400005437500000,2026-08-22T07:00:05.437500,9.886675
1787400005468750000,2026-08-22T07:00:05.468750,8.734946
1787400005500000000,2026-08-22T07:00:05.500000,8.133336
1787400005531250000,2026-08-22T07:00:05.531250,6.882442
1787400005562500000,2026-08-22T07:00:05.562500,5.726786
1787400005593750000,2026-08-22T07:00:05.593750,4.751849
1787400005625000000,2026-08-22T07:00:05.625000,3.901879
1787400005656250000,2026-08-22T07:00:05.656250,3.016124
1787400005687500000,2026-08-22T07:00:05.687500,1.906125
1787400005718750000,2026-08-22T07:00:05.718750,1.169454
1787400005750000000,2026-08-22T07:00:05.750000,0.101296
1787400005781250000,2026-08-22T07:00:05.781250,-0.512316
1787400005812500000,2026-08-22T07:00:05.812500,-1.949763
1787400005843750000,2026-08-22T07:00:05.843750,-2.464209
1787400005875000000,2026-08-22T07:00:05.875000,-3.294101
1787400005906250000,2026-08-22T07:00:05.906250,-4.904302
1787400005937500000,2026-08-22T07:00:05.937500,-6.566216
1787400005968750000,2026-08-22T07:00:05.968750,-7.604757
1787400006000000000,2026-08-22T07:00:06,-8.684917
1787400006031250000,2026-08-22T07:00:06.031250,-10.076931
1787400006062500000,2026-08-22T07:00:06.062500,-10.785894
1787400006093750000,2026-08-22T07:00:06.093750,-11.576075
1787400006125000000,2026-08-22T07:00:06.125000,-12.376350
1787400006156250000,2026-08-22T07:00:06.156250,-13.103150
1787400006187500000,2026-08-22T07:00:06.187500,-13.855750
