timestamp_ns,timestamp_iso,valor
1787011200093750000,2026-08-17T19:00:00.093750,9.052451
1787011200125000000,2026-08-17T19:00:00.125000,8.544498
1787011200156250000,2026-08-17T19:00:00.156250,8.272380
1787011200187500000,2026-08-17T19:00:00.187500,8.036545
1787011200218750000,2026-08-17T19:00:00.218750,7.564874
1787011200250000000,2026-08-17T19:00:00.250000,6.948073
1787011200281250000,2026-08-17T19:00:00.281250,6.403838
1787011200312500000,2026-08-17T19:00:00.312500,5.823320
1787011200343750000,2026-08-17T19:00:00.343750,5.478638
1787011200375000000,2026-08-17T19:00:00.375000,5.133955
1787011200406250000,2026-08-17T19:00:00.406250,4.644143
1787011200437500000,2026-08-17T19:00:00.437500,4.045484
1787011200468750000,2026-08-17T19:00:00.468750,3.483107
1787011200500000000,2026-08-17T19:00:00.500000,3.084001
1787011200531250000,2026-08-17T19:00:00.531250,2.340213
1787011200562500000,2026-08-17T19:00:00.562500,1.850401
1787011200593750000,2026-08-17T19:00:00.593750,1.052189
1787011200625000000,2026-08-17T19:00:00.625000,0.290259
1787011200656250000,2026-08-17T19:00:00.656250,-0.961483
1787011200687500000,2026-08-17T19:00:00.687500,-1.433154
1787011200718750000,2026-08-17T19:00:00.718750,-1.741554
1787011200750000000,2026-08-17T19:00:00.750000,-2.176942
1787011200781250000,2026-08-17T19:00:00.781250,-2.594189
1787011200812500000,2026-08-17T19:00:00.812500,-2.902589
1787011200843750000,2026-08-17T19:00:00.843750,-3.555672
1787011200875000000,2026-08-17T19:00:00.875000,-4.517155
1787011200906250000,2026-08-17T19:00:00.906250,-5.260943
1787011200937500000,2026-08-17T19:00:00.937500,-5.768897
1787011200968750000,2026-08-17T19:00:00.968750,-6.476403
1787011201000000000,2026-08-17T19:00:01,-7.093203
1787011201031250000,2026-08-17T19:00:01.031250,-7.583015
1787011201062500000,2026-08-17T19:00:01.062500,-7.855133
1787011201093750000,2026-08-17T19:00:01.093750,-8.508215
1787011201125000000,2026-08-17T19:00:01.125000,-9.179439
1787011201156250000,2026-08-17T19:00:01.156250,-9.596686
1787011201187500000,2026-08-17T19:00:01.187500,-10.231628
1787011201218750000,2026-08-17T19:00:01.218750,-10.703299
1787011201250000000,2026-08-17T19:00:01.250000,-11.102405
1787011201281250000,2026-08-17T19:00:01.281250,-11.410805
1787011201312500000,2026-08-17T19:00:01.312500,-11.864334
1787011201343750000,2026-08-17T19:00:01.343750,-11.918758
1787011201375000000,2026-08-17T19:00:01.375000,-12.190876
1787011201406250000,2026-08-17T19:00:01.406250,-12.626264
1787011201437500000,2026-08-17T19:00:01.437500,-12.716970
1787011201468750000,2026-08-17T19:00:01.468750,-12.608123
1787011201500000000,2026-08-17T19:00:01.500000,-12.970947
1787011201531250000,2026-08-17T19:00:01.531250,-13.315629
1787011201562500000,2026-08-17T19:00:01.562500,-13.460759
1787011201593750000,2026-08-17T19:00:01.593750,-13.660312
1787011201625000000,2026-08-17T19:00:01.625000,-13.751017
1787011201656250000,2026-08-17T19:00:01.656250,-13.660312
1787011201687500000,2026-08-17T19:00:01.687500,-13.605888
1787011201718750000,2026-08-17T19:00:01.718750,-13.442617
1787011201750000000,2026-08-17T19:00:01.750000,-13.460759
1787011201781250000,2026-08-17T19:00:01.781250,-13.351911
1787011201812500000,2026-08-17T19:00:01.812500,-13.079794
1787011201843750000,2026-08-17T19:00:01.843750,-13.025370
1787011201875000000,2026-08-17T19:00:01.875000,-12.735111
1787011201906250000,2026-08-17T19:00:01.906250,-12.336005
1787011201937500000,2026-08-17T19:00:01.937500,-12.190876
1787011201968750000,2026-08-17T19:00:01.968750,-11.936899
1787011202000000000,2026-08-17T19:00:02,-11.537793
1787011202031250000,2026-08-17T19:00:02.031250,-11.229393
1787011202062500000,2026-08-17T19:00:02.062500,-10.920993
1787011202093750000,2026-08-17T19:00:02.093750,-10.521887
1787011202125000000,2026-08-17T19:00:02.125000,-10.394898
1787011202156250000,2026-08-17T19:00:02.156250,-9.814381
1787011202187500000,2026-08-17T19:00:02.187500,-9.487839
1787011202218750000,2026-08-17T19:00:02.218750,-8.961745
1787011202250000000,2026-08-17T19:00:02.250000,-8.490074
1787011202281250000,2026-08-17T19:00:02.281250,-7.728144
1787011202312500000,2026-08-17T19:00:02.312500,-7.056921
1787011202343750000,2026-08-17T19:00:02.343750,-6.113579
1787011202375000000,2026-08-17T19:00:02.375000,-5.787038
1787011202406250000,2026-08-17T19:00:02.406250,-5.152096
1787011202437500000,2026-08-17T19:00:02.437500,-4.426449
1787011202468750000,2026-08-17T19:00:02.468750,-4.154331
1787011202500000000,2026-08-17T19:00:02.500000,-4.136190
1787011202531250000,2026-08-17T19:00:02.531250,-3.392401
1787011202562500000,2026-08-17T19:00:02.562500,-3.029578
1787011202593750000,2026-08-17T19:00:02.593750,-2.612330
1787011202625000000,2026-08-17T19:00:02.625000,-1.832260
1787011202656250000,2026-08-17T19:00:02.656250,-1.360589
1787011202687500000,2026-08-17T19:00:02.687500,-0.653083
1787011202718750000,2026-08-17T19:00:02.718750,0.054424
1787011202750000000,2026-08-17T19:00:02.750000,0.634941
1787011202781250000,2026-08-17T19:00:02.781250,1.396871
1787011202812500000,2026-08-17T19:00:02.812500,2.430919
1787011202843750000,2026-08-17T19:00:02.843750,3.120284
1787011202875000000,2026-08-17T19:00:02.875000,4.009202
1787011202906250000,2026-08-17T19:00:02.906250,4.789273
1787011202937500000,2026-08-17T19:00:02.937500,5.079532
1787011202968750000,2026-08-17T19:00:02.968750,5.533061
1787011203000000000,2026-08-17T19:00:03,6.077297
1787011203031250000,2026-08-17T19:00:03.031250,6.639673
1787011203062500000,2026-08-17T19:00:03.062500,6.966215
1787011203093750000,2026-08-17T19:00:03.093750,7.764427
1787011203125000000,2026-08-17T19:00:03.125000,8.580780
1787011203156250000,2026-08-17T19:00:03.156250,9.034310
1787011203187500000,2026-08-17T19:00:03.187500,9.215721
1787011203218750000,2026-08-17T19:00:03.218750,9.397133
1787011203250000000,2026-08-17T19:00:03.250000,9.451557
1787011203281250000,2026-08-17T19:00:03.281250,9.832522
1787011203312500000,2026-08-17T19:00:03.312500,10.013934
1787011203343750000,2026-08-17T19:00:03.343750,10.467463
1787011203375000000,2026-08-17T19:00:03.375000,11.156828
1787011203406250000,2026-08-17T19:00:03.406250,11.447087
1787011203437500000,2026-08-17T19:00:03.437500,11.537793
1787011203468750000,2026-08-17T19:00:03.468750,11.791770
1787011203500000000,2026-08-17T19:00:03.500000,11.592217
1787011203531250000,2026-08-17T19:00:03.531250,11.610358
1787011203562500000,2026-08-17T19:00:03.562500,11.955040
1787011203593750000,2026-08-17T19:00:03.593750,11.846193
1787011203625000000,2026-08-17T19:00:03.625000,11.973181
1787011203656250000,2026-08-17T19:00:03.656250,12.481135
1787011203687500000,2026-08-17T19:00:03.687500,12.989088
1787011203718750000,2026-08-17T19:00:03.718750,13.097935
1787011203750000000,2026-08-17T19:00:03.750000,13.406335
1787011203781250000,2026-08-17T19:00:03.781250,13.261206
1787011203812500000,2026-08-17T19:00:03.812500,13.351911
1787011203843750000,2026-08-17T19:00:03.843750,12.989088
1787011203875000000,2026-08-17T19:00:03.875000,12.753252
1787011203906250000,2026-08-17T19:00:03.906250,12.843958
1787011203937500000,2026-08-17T19:00:03.937500,13.097935
1787011203968750000,2026-08-17T19:00:03.968750,13.206782
1787011204000000000,2026-08-17T19:00:04,13.261206
1787011204031250000,2026-08-17T19:00:04.031250,13.388194
1787011204062500000,2026-08-17T19:00:04.062500,13.515182
1787011204093750000,2026-08-17T19:00:04.093750,13.751017
1787011204125000000,2026-08-17T19:00:04.125000,13.533323
1787011204156250000,2026-08-17T19:00:04.156250,13.424476
1787011204187500000,2026-08-17T19:00:04.187500,13.406335
1787011204218750000,2026-08-17T19:00:04.218750,13.170500
1787011204250000000,2026-08-17T19:00:04.250000,12.934664
1787011204281250000,2026-08-17T19:00:04.281250,13.043511
1787011204312500000,2026-08-17T19:00:04.312500,13.170500
1787011204343750000,2026-08-17T19:00:04.343750,13.497041
1787011204375000000,2026-08-17T19:00:04.375000,13.460759
1787011204406250000,2026-08-17T19:00:04.406250,13.442617
1787011204437500000,2026-08-17T19:00:04.437500,13.206782
1787011204468750000,2026-08-17T19:00:04.468750,13.097935
1787011204500000000,2026-08-17T19:00:04.500000,12.771394
1787011204531250000,2026-08-17T19:00:04.531250,12.608123
1787011204562500000,2026-08-17T19:00:04.562500,12.535558
1787011204593750000,2026-08-17T19:00:04.593750,12.372287
1787011204625000000,2026-08-17T19:00:04.625000,12.408570
1787011204656250000,2026-08-17T19:00:04.656250,12.462993
1787011204687500000,2026-08-17T19:00:04.687500,12.354146
1787011204718750000,2026-08-17T19:00:04.718750,12.263440
1787011204750000000,2026-08-17T19:00:04.750000,12.299723
1787011204781250000,2026-08-17T19:00:04.781250,12.027605
1787011204812500000,2026-08-17T19:00:04.812500,11.646640
1787011204843750000,2026-08-17T19:00:04.843750,11.719205
1787011204875000000,2026-08-17T19:00:04.875000,11.374522
1787011204906250000,2026-08-17T19:00:04.906250,11.156828
1787011204937500000,2026-08-17T19:00:04.937500,11.029840
1787011204968750000,2026-08-17T19:00:04.968750,10.521887
1787011205000000000,2026-08-17T19:00:05,10.122781
1787011205031250000,2026-08-17T19:00:05.031250,9.923228
1787011205062500000,2026-08-17T19:00:05.062500,9.705533
1787011205093750000,2026-08-17T19:00:05.093750,9.487839
1787011205125000000,2026-08-17T19:00:05.125000,9.415274
1787011205156250000,2026-08-17T19:00:05.156250,8.998027
1787011205187500000,2026-08-17T19:00:05.187500,8.381227
1787011205218750000,2026-08-17T19:00:05.218750,7.710003
1787011205250000000,2026-08-17T19:00:05.250000,7.183909
1787011205281250000,2026-08-17T19:00:05.281250,6.694097
1787011205312500000,2026-08-17T19:00:05.312500,6.258708
1787011205343750000,2026-08-17T19:00:05.343750,5.823320
1787011205375000000,2026-08-17T19:00:05.375000,5.551202
1787011205406250000,2026-08-17T19:00:05.406250,5.188379
1787011205437500000,2026-08-17T19:00:05.437500,4.662284
1787011205468750000,2026-08-17T19:00:05.468750,4.136190
1787011205500000000,2026-08-17T19:00:05.500000,3.664519
1787011205531250000,2026-08-17T19:00:05.531250,2.938872
1787011205562500000,2026-08-17T19:00:05.562500,2.104377
1787011205593750000,2026-08-17T19:00:05.593750,1.596424
1787011205625000000,2026-08-17T19:00:05.625000,1.233601
1787011205656250000,2026-08-17T19:00:05.656250,0.689365
1787011205687500000,2026-08-17T19:00:05.687500,-0.036282
1787011205718750000,2026-08-17T19:00:05.718750,-0.544236
1787011205750000000,2026-08-17T19:00:05.750000,-1.251742
1787011205781250000,2026-08-17T19:00:05.781250,-1.941107
1787011205812500000,2026-08-17T19:00:05.812500,-2.521625
1787011205843750000,2026-08-17T19:00:05.843750,-3.047719
1787011205875000000,2026-08-17T19:00:05.875000,-3.682660
1787011205906250000,2026-08-17T19:00:05.906250,-4.099908
1787011205937500000,2026-08-17T19:00:05.937500,-4.807414
1787011205968750000,2026-08-17T19:00:05.968750,-5.406073
1787011206000000000,2026-08-17T19:00:06,-6.004732
1787011206031250000,2026-08-17T19:00:06.031250,-6.730379
1787011206062500000,2026-08-17T19:00:06.062500,-7.437885
1787011206093750000,2026-08-17T19:00:06.093750,-7.710003
1787011206125000000,2026-08-17T19:00:06.125000,-8.490074
1787011206156250000,2026-08-17T19:00:06.156250,-8.998027
1787011206187500000,2026-08-17T19:00:06.187500,-9.487839
1787054400093750000,2026-08-18T07:00:00.093750,12.753252
1787054400125000000,2026-08-18T07:00:00.125000,12.843958
1787054400156250000,2026-08-18T07:00:00.156250,12.571841
1787054400187500000,2026-08-18T07:00:00.187500,12.698829
1787054400218750000,2026-08-18T07:00:00.218750,12.916523
1787054400250000000,2026-08-18T07:00:00.250000,12.771394
1787054400281250000,2026-08-18T07:00:00.281250,12.499276
1787054400312500000,2026-08-18T07:00:00.312500,12.898382
1787054400343750000,2026-08-18T07:00:00.343750,12.916523
1787054400375000000,2026-08-18T07:00:00.375000,13.043511
1787054400406250000,2026-08-18T07:00:00.406250,13.043511
1787054400437500000,2026-08-18T07:00:00.437500,13.079794
1787054400468750000,2026-08-18T07:00:00.468750,12.916523
1787054400500000000,2026-08-18T07:00:00.500000,13.007229
1787054400531250000,2026-08-18T07:00:00.531250,13.061652
1787054400562500000,2026-08-18T07:00:00.562500,13.243064
1787054400593750000,2026-08-18T07:00:00.593750,13.243064
1787054400625000000,2026-08-18T07:00:00.625000,13.642170
1787054400656250000,2026-08-18T07:00:00.656250,13.587747
1787054400687500000,2026-08-18T07:00:00.687500,13.442617
1787054400718750000,2026-08-18T07:00:00.718750,13.460759
1787054400750000000,2026-08-18T07:00:00.750000,13.587747
1787054400781250000,2026-08-18T07:00:00.781250,13.333770
1787054400812500000,2026-08-18T07:00:00.812500,13.279347
1787054400843750000,2026-08-18T07:00:00.843750,13.188641
1787054400875000000,2026-08-18T07:00:00.875000,13.007229
1787054400906250000,2026-08-18T07:00:00.906250,12.825817
1787054400937500000,2026-08-18T07:00:00.937500,12.662546
1787054400968750000,2026-08-18T07:00:00.968750,12.807676
1787054401000000000,2026-08-18T07:00:01,13.061652
1787054401031250000,2026-08-18T07:00:01.031250,13.061652
1787054401062500000,2026-08-18T07:00:01.062500,13.188641
1787054401093750000,2026-08-18T07:00:01.093750,13.351911
1787054401125000000,2026-08-18T07:00:01.125000,13.243064
1787054401156250000,2026-08-18T07:00:01.156250,12.916523
1787054401187500000,2026-08-18T07:00:01.187500,12.862099
1787054401218750000,2026-08-18T07:00:01.218750,12.698829
1787054401250000000,2026-08-18T07:00:01.250000,12.444852
1787054401281250000,2026-08-18T07:00:01.281250,12.281582
1787054401312500000,2026-08-18T07:00:01.312500,12.227158
1787054401343750000,2026-08-18T07:00:01.343750,12.317864
1787054401375000000,2026-08-18T07:00:01.375000,12.027605
1787054401406250000,2026-08-18T07:00:01.406250,11.936899
1787054401437500000,2026-08-18T07:00:01.437500,11.610358
1787054401468750000,2026-08-18T07:00:01.468750,11.229393
1787054401500000000,2026-08-18T07:00:01.500000,10.612593
1787054401531250000,2026-08-18T07:00:01.531250,10.376757
1787054401562500000,2026-08-18T07:00:01.562500,10.068357
1787054401593750000,2026-08-18T07:00:01.593750,9.832522
1787054401625000000,2026-08-18T07:00:01.625000,9.397133
1787054401656250000,2026-08-18T07:00:01.656250,9.270145
1787054401687500000,2026-08-18T07:00:01.687500,9.106874
1787054401718750000,2026-08-18T07:00:01.718750,8.671486
1787054401750000000,2026-08-18T07:00:01.750000,8.290521
1787054401781250000,2026-08-18T07:00:01.781250,7.855133
1787054401812500000,2026-08-18T07:00:01.812500,7.437885
1787054401843750000,2026-08-18T07:00:01.843750,6.893650
1787054401875000000,2026-08-18T07:00:01.875000,6.476403
1787054401906250000,2026-08-18T07:00:01.906250,6.077297
1787054401937500000,2026-08-18T07:00:01.937500,5.623767
1787054401968750000,2026-08-18T07:00:01.968750,5.097673
1787054402000000000,2026-08-18T07:00:02,4.426449
1787054402031250000,2026-08-18T07:00:02.031250,3.954778
1787054402062500000,2026-08-18T07:00:02.062500,3.229131
1787054402093750000,2026-08-18T07:00:02.093750,2.938872
1787054402125000000,2026-08-18T07:00:02.125000,2.521625
1787054402156250000,2026-08-18T07:00:02.156250,2.013671
1787054402187500000,2026-08-18T07:00:02.187500,1.233601
1787054402218750000,2026-08-18T07:00:02.218750,0.907059
1787054402250000000,2026-08-18T07:00:02.250000,0.253977
1787054402281250000,2026-08-18T07:00:02.281250,-0.435388
1787054402312500000,2026-08-18T07:00:02.312500,-1.161036
1787054402343750000,2026-08-18T07:00:02.343750,-1.850401
1787054402375000000,2026-08-18T07:00:02.375000,-2.811884
1787054402406250000,2026-08-18T07:00:02.406250,-3.555672
1787054402437500000,2026-08-18T07:00:02.437500,-4.172472
1787054402468750000,2026-08-18T07:00:02.468750,-4.680425
1787054402500000000,2026-08-18T07:00:02.500000,-5.297226
1787054402531250000,2026-08-18T07:00:02.531250,-5.877744
1787054402562500000,2026-08-18T07:00:02.562500,-6.458262
1787054402593750000,2026-08-18T07:00:02.593750,-7.165768
1787054402625000000,2026-08-18T07:00:02.625000,-7.818850
1787054402656250000,2026-08-18T07:00:02.656250,-8.127250
1787054402687500000,2026-08-18T07:00:02.687500,-8.254239
1787054402718750000,2026-08-18T07:00:02.718750,-8.544498
1787054402750000000,2026-08-18T07:00:02.750000,-9.106874
1787054402781250000,2026-08-18T07:00:02.781250,-9.397133
1787054402812500000,2026-08-18T07:00:02.812500,-9.941369
1787054402843750000,2026-08-18T07:00:02.843750,-10.612593
1787054402875000000,2026-08-18T07:00:02.875000,-11.011699
1787054402906250000,2026-08-18T07:00:02.906250,-11.229393
1787054402937500000,2026-08-18T07:00:02.937500,-11.755487
1787054402968750000,2026-08-18T07:00:02.968750,-12.009464
1787054403000000000,2026-08-18T07:00:03,-12.154593
1787054403031250000,2026-08-18T07:00:03.031250,-12.426711
1787054403062500000,2026-08-18T07:00:03.062500,-12.789535
1787054403093750000,2026-08-18T07:00:03.093750,-12.444852
1787054403125000000,2026-08-18T07:00:03.125000,-12.481135
1787054403156250000,2026-08-18T07:00:03.156250,-12.680688
1787054403187500000,2026-08-18T07:00:03.187500,-13.097935
1787054403218750000,2026-08-18T07:00:03.218750,-13.134217
1787054403250000000,2026-08-18T07:00:03.250000,-13.569606
1787054403281250000,2026-08-18T07:00:03.281250,-13.642170
1787054403312500000,2026-08-18T07:00:03.312500,-13.370053
1787054403343750000,2026-08-18T07:00:03.343750,-12.952805
1787054403375000000,2026-08-18T07:00:03.375000,-12.771394
1787054403406250000,2026-08-18T07:00:03.406250,-12.444852
1787054403437500000,2026-08-18T07:00:03.437500,-12.263440
1787054403468750000,2026-08-18T07:00:03.468750,-12.136452
1787054403500000000,2026-08-18T07:00:03.500000,-11.991323
1787054403531250000,2026-08-18T07:00:03.531250,-11.719205
1787054403562500000,2026-08-18T07:00:03.562500,-11.410805
1787054403593750000,2026-08-18T07:00:03.593750,-10.939134
1787054403625000000,2026-08-18T07:00:03.625000,-10.830287
1787054403656250000,2026-08-18T07:00:03.656250,-10.576310
1787054403687500000,2026-08-18T07:00:03.687500,-10.140922
1787054403718750000,2026-08-18T07:00:03.718750,-9.886945
1787054403750000000,2026-08-18T07:00:03.750000,-9.542263
1787054403781250000,2026-08-18T07:00:03.781250,-9.088733
1787054403812500000,2026-08-18T07:00:03.812500,-8.744051
1787054403843750000,2026-08-18T07:00:03.843750,-8.471933
1787054403875000000,2026-08-18T07:00:03.875000,-8.090968
1787054403906250000,2026-08-18T07:00:03.906250,-7.546733
1787054403937500000,2026-08-18T07:00:03.937500,-6.821085
1787054403968750000,2026-08-18T07:00:03.968750,-6.095438
1787054404000000000,2026-08-18T07:00:04,-5.623767
1787054404031250000,2026-08-18T07:00:04.031250,-4.952543
1787054404062500000,2026-08-18T07:00:04.062500,-4.607861
1787054404093750000,2026-08-18T07:00:04.093750,-3.882213
1787054404125000000,2026-08-18T07:00:04.125000,-3.392401
1787054404156250000,2026-08-18T07:00:04.156250,-2.703036
1787054404187500000,2026-08-18T07:00:04.187500,-2.267648
1787054404218750000,2026-08-18T07:00:04.218750,-1.469436
1787054404250000000,2026-08-18T07:00:04.250000,-1.015906
1787054404281250000,2026-08-18T07:00:04.281250,-0.181412
1787054404312500000,2026-08-18T07:00:04.312500,0.272118
1787054404343750000,2026-08-18T07:00:04.343750,1.161036
1787054404375000000,2026-08-18T07:00:04.375000,1.705271
1787054404406250000,2026-08-18T07:00:04.406250,2.285789
1787054404437500000,2026-08-18T07:00:04.437500,3.138425
1787054404468750000,2026-08-18T07:00:04.468750,3.991060
1787054404500000000,2026-08-18T07:00:04.500000,4.626002
1787054404531250000,2026-08-18T07:00:04.531250,4.952543
1787054404562500000,2026-08-18T07:00:04.562500,5.569343
1787054404593750000,2026-08-18T07:00:04.593750,5.768897
1787054404625000000,2026-08-18T07:00:04.625000,6.548967
1787054404656250000,2026-08-18T07:00:04.656250,7.020638
1787054404687500000,2026-08-18T07:00:04.687500,7.818850
1787054404718750000,2026-08-18T07:00:04.718750,8.236098
1787054404750000000,2026-08-18T07:00:04.750000,8.943604
1787054404781250000,2026-08-18T07:00:04.781250,9.088733
1787054404812500000,2026-08-18T07:00:04.812500,9.505980
1787054404843750000,2026-08-18T07:00:04.843750,10.068357
1787054404875000000,2026-08-18T07:00:04.875000,10.413040
1787054404906250000,2026-08-18T07:00:04.906250,10.413040
1787054404937500000,2026-08-18T07:00:04.937500,10.848428
1787054404968750000,2026-08-18T07:00:04.968750,11.084263
1787054405000000000,2026-08-18T07:00:05,11.211252
1787054405031250000,2026-08-18T07:00:05.031250,11.664781
1787054405062500000,2026-08-18T07:00:05.062500,12.100170
1787054405093750000,2026-08-18T07:00:05.093750,12.263440
1787054405125000000,2026-08-18T07:00:05.125000,12.390429
1787054405156250000,2026-08-18T07:00:05.156250,12.680688
1787054405187500000,2026-08-18T07:00:05.187500,12.898382
1787054405218750000,2026-08-18T07:00:05.218750,13.261206
1787054405250000000,2026-08-18T07:00:05.250000,13.243064
1787054405281250000,2026-08-18T07:00:05.281250,13.442617
1787054405312500000,2026-08-18T07:00:05.312500,13.134217
1787054405343750000,2026-08-18T07:00:05.343750,13.061652
1787054405375000000,2026-08-18T07:00:05.375000,12.898382
1787054405406250000,2026-08-18T07:00:05.406250,13.333770
1787054405437500000,2026-08-18T07:00:05.437500,13.315629
1787054405468750000,2026-08-18T07:00:05.468750,13.370053
1787054405500000000,2026-08-18T07:00:05.500000,13.460759
1787054405531250000,2026-08-18T07:00:05.531250,13.097935
1787054405562500000,2026-08-18T07:00:05.562500,12.952805
1787054405593750000,2026-08-18T07:00:05.593750,12.898382
1787054405625000000,2026-08-18T07:00:05.625000,13.116076
1787054405656250000,2026-08-18T07:00:05.656250,13.097935
1787054405687500000,2026-08-18T07:00:05.687500,13.388194
1787054405718750000,2026-08-18T07:00:05.718750,13.243064
1787054405750000000,2026-08-18T07:00:05.750000,13.605888
1787054405781250000,2026-08-18T07:00:05.781250,13.460759
1787054405812500000,2026-08-18T07:00:05.812500,13.406335
1787054405843750000,2026-08-18T07:00:05.843750,13.279347
1787054405875000000,2026-08-18T07:00:05.875000,13.206782
1787054405906250000,2026-08-18T07:00:05.906250,12.916523
1787054405937500000,2026-08-18T07:00:05.937500,12.862099
1787054405968750000,2026-08-18T07:00:05.968750,12.535558
1787054406000000000,2026-08-18T07:00:06,12.916523
1787054406031250000,2026-08-18T07:00:06.031250,12.862099
1787054406062500000,2026-08-18T07:00:06.062500,12.789535
1787054406093750000,2026-08-18T07:00:06.093750,12.825817
1787054406125000000,2026-08-18T07:00:06.125000,12.934664
1787054406156250000,2026-08-18T07:00:06.156250,12.698829
1787054406187500000,2026-08-18T07:00:06.187500,12.862099
1787097600093750000,2026-08-18T19:00:00.093750,0.099777
1787097600125000000,2026-08-18T19:00:00.125000,-0.027212
1787097600156250000,2026-08-18T19:00:00.156250,0.299330
1787097600187500000,2026-08-18T19:00:00.187500,0.317471
1787097600218750000,2026-08-18T19:00:00.218750,0.117918
1787097600250000000,2026-08-18T19:00:00.250000,0.335612
1787097600281250000,2026-08-18T19:00:00.281250,0.281188
1787097600312500000,2026-08-18T19:00:00.312500,0.208624
1787097600343750000,2026-08-18T19:00:00.343750,0.027212
1787097600375000000,2026-08-18T19:00:00.375000,0.172341
1787097600406250000,2026-08-18T19:00:00.406250,-0.226765
1787097600437500000,2026-08-18T19:00:00.437500,-0.117918
1787097600468750000,2026-08-18T19:00:00.468750,-0.172341
1787097600500000000,2026-08-18T19:00:00.500000,0.009071
1787097600531250000,2026-08-18T19:00:00.531250,0.045353
1787097600562500000,2026-08-18T19:00:00.562500,0.190482
1787097600593750000,2026-08-18T19:00:00.593750,-0.190482
1787097600625000000,2026-08-18T19:00:00.625000,0.027212
1787097600656250000,2026-08-18T19:00:00.656250,0.317471
1787097600687500000,2026-08-18T19:00:00.687500,0.190482
1787097600718750000,2026-08-18T19:00:00.718750,0.335612
1787097600750000000,2026-08-18T19:00:00.750000,0.517024
1787097600781250000,2026-08-18T19:00:00.781250,0.353753
1787097600812500000,2026-08-18T19:00:00.812500,0.117918
1787097600843750000,2026-08-18T19:00:00.843750,0.190482
1787097600875000000,2026-08-18T19:00:00.875000,0.226765
1787097600906250000,2026-08-18T19:00:00.906250,0.335612
1787097600937500000,2026-08-18T19:00:00.937500,0.190482
1787097600968750000,2026-08-18T19:00:00.968750,-0.172341
1787097601000000000,2026-08-18T19:00:01,-0.099777
1787097601031250000,2026-08-18T19:00:01.031250,-0.299330
1787097601062500000,2026-08-18T19:00:01.062500,-0.353753
1787097601093750000,2026-08-18T19:00:01.093750,-0.154200
1787097601125000000,2026-08-18T19:00:01.125000,0.136059
1787097601156250000,2026-08-18T19:00:01.156250,0.063494
1787097601187500000,2026-08-18T19:00:01.187500,0.244906
1787097601218750000,2026-08-18T19:00:01.218750,0.317471
1787097601250000000,2026-08-18T19:00:01.250000,0.117918
1787097601281250000,2026-08-18T19:00:01.281250,-0.263047
1787097601312500000,2026-08-18T19:00:01.312500,-0.154200
1787097601343750000,2026-08-18T19:00:01.343750,-0.408177
1787097601375000000,2026-08-18T19:00:01.375000,-0.371894
1787097601406250000,2026-08-18T19:00:01.406250,-0.353753
1787097601437500000,2026-08-18T19:00:01.437500,-0.045353
1787097601468750000,2026-08-18T19:00:01.468750,-0.371894
1787097601500000000,2026-08-18T19:00:01.500000,-0.063494
1787097601531250000,2026-08-18T19:00:01.531250,-0.099777
1787097601562500000,2026-08-18T19:00:01.562500,-0.154200
1787097601593750000,2026-08-18T19:00:01.593750,-0.081635
1787097601625000000,2026-08-18T19:00:01.625000,0.099777
1787097601656250000,2026-08-18T19:00:01.656250,-0.045353
1787097601687500000,2026-08-18T19:00:01.687500,-0.190482
1787097601718750000,2026-08-18T19:00:01.718750,0.045353
1787097601750000000,2026-08-18T19:00:01.750000,-0.027212
1787097601781250000,2026-08-18T19:00:01.781250,-0.027212
1787097601812500000,2026-08-18T19:00:01.812500,0.045353
1787097601843750000,2026-08-18T19:00:01.843750,0.136059
1787097601875000000,2026-08-18T19:00:01.875000,0.063494
1787097601906250000,2026-08-18T19:00:01.906250,0.208624
1787097601937500000,2026-08-18T19:00:01.937500,0.371894
1787097601968750000,2026-08-18T19:00:01.968750,0.099777
1787097602000000000,2026-08-18T19:00:02,0.263047
1787097602031250000,2026-08-18T19:00:02.031250,0.244906
1787097602062500000,2026-08-18T19:00:02.062500,0.172341
1787097602093750000,2026-08-18T19:00:02.093750,0.081635
1787097602125000000,2026-08-18T19:00:02.125000,0.353753
1787097602156250000,2026-08-18T19:00:02.156250,0.317471
1787097602187500000,2026-08-18T19:00:02.187500,0.335612
1787097602218750000,2026-08-18T19:00:02.218750,0.462600
1787097602250000000,2026-08-18T19:00:02.250000,0.535165
1787097602281250000,2026-08-18T19:00:02.281250,0.625871
1787097602312500000,2026-08-18T19:00:02.312500,0.408177
1787097602343750000,2026-08-18T19:00:02.343750,0.607730
1787097602375000000,2026-08-18T19:00:02.375000,0.263047
1787097602406250000,2026-08-18T19:00:02.406250,-0.027212
1787097602437500000,2026-08-18T19:00:02.437500,-0.172341
1787097602468750000,2026-08-18T19:00:02.468750,-0.063494
1787097602500000000,2026-08-18T19:00:02.500000,-0.099777
1787097602531250000,2026-08-18T19:00:02.531250,0.154200
1787097602562500000,2026-08-18T19:00:02.562500,0.625871
1787097602593750000,2026-08-18T19:00:02.593750,0.698436
1787097602625000000,2026-08-18T19:00:02.625000,0.771000
1787097602656250000,2026-08-18T19:00:02.656250,0.462600
1787097602687500000,2026-08-18T19:00:02.687500,0.535165
1787097602718750000,2026-08-18T19:00:02.718750,0.099777
1787097602750000000,2026-08-18T19:00:02.750000,-0.027212
1787097602781250000,2026-08-18T19:00:02.781250,0.117918
1787097602812500000,2026-08-18T19:00:02.812500,0.317471
1787097602843750000,2026-08-18T19:00:02.843750,0.226765
1787097602875000000,2026-08-18T19:00:02.875000,0.299330
1787097602906250000,2026-08-18T19:00:02.906250,0.226765
1787097602937500000,2026-08-18T19:00:02.937500,0.009071
1787097602968750000,2026-08-18T19:00:02.968750,-0.244906
1787097603000000000,2026-08-18T19:00:03,-0.353753
1787097603031250000,2026-08-18T19:00:03.031250,-0.371894
1787097603062500000,2026-08-18T19:00:03.062500,-0.117918
1787097603093750000,2026-08-18T19:00:03.093750,-0.335612
1787097603125000000,2026-08-18T19:00:03.125000,-0.081635
1787097603156250000,2026-08-18T19:00:03.156250,0.099777
1787097603187500000,2026-08-18T19:00:03.187500,0.299330
1787097603218750000,2026-08-18T19:00:03.218750,0.317471
1787097603250000000,2026-08-18T19:00:03.250000,0.644012
1787097603281250000,2026-08-18T19:00:03.281250,0.317471
1787097603312500000,2026-08-18T19:00:03.312500,0.226765
1787097603343750000,2026-08-18T19:00:03.343750,-0.208624
1787097603375000000,2026-08-18T19:00:03.375000,-0.317471
1787097603406250000,2026-08-18T19:00:03.406250,-0.408177
1787097603437500000,2026-08-18T19:00:03.437500,-0.081635
1787097603468750000,2026-08-18T19:00:03.468750,-0.099777
1787097603500000000,2026-08-18T19:00:03.500000,0.281188
1787097603531250000,2026-08-18T19:00:03.531250,0.226765
1787097603562500000,2026-08-18T19:00:03.562500,0.390035
1787097603593750000,2026-08-18T19:00:03.593750,0.317471
1787097603625000000,2026-08-18T19:00:03.625000,0.408177
1787097603656250000,2026-08-18T19:00:03.656250,0.571447
1787097603687500000,2026-08-18T19:00:03.687500,0.553306
1787097603718750000,2026-08-18T19:00:03.718750,0.154200
1787097603750000000,2026-08-18T19:00:03.750000,0.244906
1787097603781250000,2026-08-18T19:00:03.781250,0.317471
1787097603812500000,2026-08-18T19:00:03.812500,0.099777
1787097603843750000,2026-08-18T19:00:03.843750,0.136059
1787097603875000000,2026-08-18T19:00:03.875000,0.281188
1787097603906250000,2026-08-18T19:00:03.906250,0.281188
1787097603937500000,2026-08-18T19:00:03.937500,0.353753
1787097603968750000,2026-08-18T19:00:03.968750,0.353753
1787097604000000000,2026-08-18T19:00:04,0.462600
1787097604031250000,2026-08-18T19:00:04.031250,0.498883
1787097604062500000,2026-08-18T19:00:04.062500,0.281188
1787097604093750000,2026-08-18T19:00:04.093750,0.027212
1787097604125000000,2026-08-18T19:00:04.125000,0.081635
1787097604156250000,2026-08-18T19:00:04.156250,0.081635
1787097604187500000,2026-08-18T19:00:04.187500,0.136059
1787097604218750000,2026-08-18T19:00:04.218750,0.226765
1787097604250000000,2026-08-18T19:00:04.250000,0.299330
1787097604281250000,2026-08-18T19:00:04.281250,0.045353
1787097604312500000,2026-08-18T19:00:04.312500,0.263047
1787097604343750000,2026-08-18T19:00:04.343750,0.281188
1787097604375000000,2026-08-18T19:00:04.375000,0.535165
1787097604406250000,2026-08-18T19:00:04.406250,0.607730
1787097604437500000,2026-08-18T19:00:04.437500,0.752859
1787097604468750000,2026-08-18T19:00:04.468750,0.607730
1787097604500000000,2026-08-18T19:00:04.500000,0.517024
1787097604531250000,2026-08-18T19:00:04.531250,0.226765
1787097604562500000,2026-08-18T19:00:04.562500,-0.045353
1787097604593750000,2026-08-18T19:00:04.593750,0.117918
1787097604625000000,2026-08-18T19:00:04.625000,-0.244906
1787097604656250000,2026-08-18T19:00:04.656250,-0.027212
1787097604687500000,2026-08-18T19:00:04.687500,-0.009071
1787097604718750000,2026-08-18T19:00:04.718750,0.136059
1787097604750000000,2026-08-18T19:00:04.750000,-0.027212
1787097604781250000,2026-08-18T19:00:04.781250,0.226765
1787097604812500000,2026-08-18T19:00:04.812500,0.009071
1787097604843750000,2026-08-18T19:00:04.843750,0.063494
1787097604875000000,2026-08-18T19:00:04.875000,0.081635
1787097604906250000,2026-08-18T19:00:04.906250,0.081635
1787097604937500000,2026-08-18T19:00:04.937500,0.136059
1787097604968750000,2026-08-18T19:00:04.968750,0.299330
1787097605000000000,2026-08-18T19:00:05,-0.027212
1787097605031250000,2026-08-18T19:00:05.031250,-0.263047
1787097605062500000,2026-08-18T19:00:05.062500,-0.299330
1787097605093750000,2026-08-18T19:00:05.093750,-0.462600
1787097605125000000,2026-08-18T19:00:05.125000,-0.771000
1787097605156250000,2026-08-18T19:00:05.156250,-0.625871
1787097605187500000,2026-08-18T19:00:05.187500,-0.535165
1787097605218750000,2026-08-18T19:00:05.218750,-0.535165
1787097605250000000,2026-08-18T19:00:05.250000,-0.589588
1787097605281250000,2026-08-18T19:00:05.281250,-0.408177
1787097605312500000,2026-08-18T19:00:05.312500,-0.335612
1787097605343750000,2026-08-18T19:00:05.343750,-0.263047
1787097605375000000,2026-08-18T19:00:05.375000,-0.244906
1787097605406250000,2026-08-18T19:00:05.406250,-0.027212
1787097605437500000,2026-08-18T19:00:05.437500,-0.045353
1787097605468750000,2026-08-18T19:00:05.468750,0.081635
1787097605500000000,2026-08-18T19:00:05.500000,0.154200
1787097605531250000,2026-08-18T19:00:05.531250,0.462600
1787097605562500000,2026-08-18T19:00:05.562500,0.480741
1787097605593750000,2026-08-18T19:00:05.593750,0.462600
1787097605625000000,2026-08-18T19:00:05.625000,0.390035
1787097605656250000,2026-08-18T19:00:05.656250,0.462600
1787097605687500000,2026-08-18T19:00:05.687500,0.208624
1787097605718750000,2026-08-18T19:00:05.718750,0.317471
1787097605750000000,2026-08-18T19:00:05.750000,0.444459
1787097605781250000,2026-08-18T19:00:05.781250,0.571447
1787097605812500000,2026-08-18T19:00:05.812500,0.517024
1787097605843750000,2026-08-18T19:00:05.843750,0.408177
1787097605875000000,2026-08-18T19:00:05.875000,0.244906
1787097605906250000,2026-08-18T19:00:05.906250,0.172341
1787097605937500000,2026-08-18T19:00:05.937500,-0.045353
1787097605968750000,2026-08-18T19:00:05.968750,-0.136059
1787097606000000000,2026-08-18T19:00:06,0.009071
1787097606031250000,2026-08-18T19:00:06.031250,0.117918
1787097606062500000,2026-08-18T19:00:06.062500,0.263047
1787097606093750000,2026-08-18T19:00:06.093750,0.517024
1787097606125000000,2026-08-18T19:00:06.125000,0.462600
1787097606156250000,2026-08-18T19:00:06.156250,0.535165
1787097606187500000,2026-08-18T19:00:06.187500,0.281188
1787140800093750000,2026-08-19T07:00:00.093750,-0.090706
1787140800125000000,2026-08-19T07:00:00.125000,-0.199553
1787140800156250000,2026-08-19T07:00:00.156250,-0.108847
1787140800187500000,2026-08-19T07:00:00.187500,-0.326541
1787140800218750000,2026-08-19T07:00:00.218750,-0.453530
1787140800250000000,2026-08-19T07:00:00.250000,-0.417247
1787140800281250000,2026-08-19T07:00:00.281250,-0.380965
1787140800312500000,2026-08-19T07:00:00.312500,-0.272118
1787140800343750000,2026-08-19T07:00:00.343750,-0.145129
1787140800375000000,2026-08-19T07:00:00.375000,-0.090706
1787140800406250000,2026-08-19T07:00:00.406250,-0.326541
1787140800437500000,2026-08-19T07:00:00.437500,-0.290259
1787140800468750000,2026-08-19T07:00:00.468750,-0.199553
1787140800500000000,2026-08-19T07:00:00.500000,-0.308400
1787140800531250000,2026-08-19T07:00:00.531250,-0.453530
1787140800562500000,2026-08-19T07:00:00.562500,-0.145129
1787140800593750000,2026-08-19T07:00:00.593750,0.000000
1787140800625000000,2026-08-19T07:00:00.625000,-0.308400
1787140800656250000,2026-08-19T07:00:00.656250,-0.272118
1787140800687500000,2026-08-19T07:00:00.687500,-0.036282
1787140800718750000,2026-08-19T07:00:00.718750,-0.054424
1787140800750000000,2026-08-19T07:00:00.750000,-0.054424
1787140800781250000,2026-08-19T07:00:00.781250,0.054424
1787140800812500000,2026-08-19T07:00:00.812500,-0.000000
1787140800843750000,2026-08-19T07:00:00.843750,-0.054424
1787140800875000000,2026-08-19T07:00:00.875000,-0.018141
1787140800906250000,2026-08-19T07:00:00.906250,-0.036282
1787140800937500000,2026-08-19T07:00:00.937500,0.181412
1787140800968750000,2026-08-19T07:00:00.968750,0.507953
1787140801000000000,2026-08-19T07:00:01,0.616800
1787140801031250000,2026-08-19T07:00:01.031250,0.380965
1787140801062500000,2026-08-19T07:00:01.062500,0.489812
1787140801093750000,2026-08-19T07:00:01.093750,0.272118
1787140801125000000,2026-08-19T07:00:01.125000,0.036282
1787140801156250000,2026-08-19T07:00:01.156250,0.054424
1787140801187500000,2026-08-19T07:00:01.187500,0.235835
1787140801218750000,2026-08-19T07:00:01.218750,0.126988
1787140801250000000,2026-08-19T07:00:01.250000,0.054424
1787140801281250000,2026-08-19T07:00:01.281250,-0.054424
1787140801312500000,2026-08-19T07:00:01.312500,-0.272118
1787140801343750000,2026-08-19T07:00:01.343750,-0.417247
1787140801375000000,2026-08-19T07:00:01.375000,-0.507953
1787140801406250000,2026-08-19T07:00:01.406250,-0.526094
1787140801437500000,2026-08-19T07:00:01.437500,-0.526094
1787140801468750000,2026-08-19T07:00:01.468750,-0.725647
1787140801500000000,2026-08-19T07:00:01.500000,-0.888918
1787140801531250000,2026-08-19T07:00:01.531250,-0.725647
1787140801562500000,2026-08-19T07:00:01.562500,-0.743789
1787140801593750000,2026-08-19T07:00:01.593750,-0.689365
1787140801625000000,2026-08-19T07:00:01.625000,-0.671224
1787140801656250000,2026-08-19T07:00:01.656250,-0.362824
1787140801687500000,2026-08-19T07:00:01.687500,-0.326541
1787140801718750000,2026-08-19T07:00:01.718750,-0.253977
1787140801750000000,2026-08-19T07:00:01.750000,-0.090706
1787140801781250000,2026-08-19T07:00:01.781250,0.163271
1787140801812500000,2026-08-19T07:00:01.812500,0.018141
1787140801843750000,2026-08-19T07:00:01.843750,-0.072565
1787140801875000000,2026-08-19T07:00:01.875000,-0.417247
1787140801906250000,2026-08-19T07:00:01.906250,-0.634941
1787140801937500000,2026-08-19T07:00:01.937500,-0.888918
1787140801968750000,2026-08-19T07:00:01.968750,-1.052189
1787140802000000000,2026-08-19T07:00:02,-0.961483
1787140802031250000,2026-08-19T07:00:02.031250,-0.562377
1787140802062500000,2026-08-19T07:00:02.062500,-0.290259
1787140802093750000,2026-08-19T07:00:02.093750,0.145129
1787140802125000000,2026-08-19T07:00:02.125000,0.217694
1787140802156250000,2026-08-19T07:00:02.156250,0.072565
1787140802187500000,2026-08-19T07:00:02.187500,-0.036282
1787140802218750000,2026-08-19T07:00:02.218750,-0.181412
1787140802250000000,2026-08-19T07:00:02.250000,-0.308400
1787140802281250000,2026-08-19T07:00:02.281250,-0.145129
1787140802312500000,2026-08-19T07:00:02.312500,0.072565
1787140802343750000,2026-08-19T07:00:02.343750,0.145129
1787140802375000000,2026-08-19T07:00:02.375000,0.217694
1787140802406250000,2026-08-19T07:00:02.406250,0.000000
1787140802437500000,2026-08-19T07:00:02.437500,0.199553
1787140802468750000,2026-08-19T07:00:02.468750,-0.145129
1787140802500000000,2026-08-19T07:00:02.500000,-0.072565
1787140802531250000,2026-08-19T07:00:02.531250,-0.072565
1787140802562500000,2026-08-19T07:00:02.562500,0.054424
1787140802593750000,2026-08-19T07:00:02.593750,-0.145129
1787140802625000000,2026-08-19T07:00:02.625000,0.054424
1787140802656250000,2026-08-19T07:00:02.656250,-0.018141
1787140802687500000,2026-08-19T07:00:02.687500,-0.018141
1787140802718750000,2026-08-19T07:00:02.718750,-0.054424
1787140802750000000,2026-08-19T07:00:02.750000,0.018141
1787140802781250000,2026-08-19T07:00:02.781250,-0.145129
1787140802812500000,2026-08-19T07:00:02.812500,-0.000000
1787140802843750000,2026-08-19T07:00:02.843750,0.054424
1787140802875000000,2026-08-19T07:00:02.875000,-0.126988
1787140802906250000,2026-08-19T07:00:02.906250,-0.217694
1787140802937500000,2026-08-19T07:00:02.937500,-0.380965
1787140802968750000,2026-08-19T07:00:02.968750,-0.380965
1787140803000000000,2026-08-19T07:00:03,-0.326541
1787140803031250000,2026-08-19T07:00:03.031250,0.054424
1787140803062500000,2026-08-19T07:00:03.062500,-0.090706
1787140803093750000,2026-08-19T07:00:03.093750,0.126988
1787140803125000000,2026-08-19T07:00:03.125000,0.090706
1787140803156250000,2026-08-19T07:00:03.156250,-0.163271
1787140803187500000,2026-08-19T07:00:03.187500,-0.399106
1787140803218750000,2026-08-19T07:00:03.218750,0.163271
1787140803250000000,2026-08-19T07:00:03.250000,0.126988
1787140803281250000,2026-08-19T07:00:03.281250,0.199553
1787140803312500000,2026-08-19T07:00:03.312500,0.126988
1787140803343750000,2026-08-19T07:00:03.343750,0.362824
1787140803375000000,2026-08-19T07:00:03.375000,-0.108847
1787140803406250000,2026-08-19T07:00:03.406250,0.199553
1787140803437500000,2026-08-19T07:00:03.437500,0.199553
1787140803468750000,2026-08-19T07:00:03.468750,0.380965
1787140803500000000,2026-08-19T07:00:03.500000,0.054424
1787140803531250000,2026-08-19T07:00:03.531250,0.145129
1787140803562500000,2026-08-19T07:00:03.562500,0.000000
1787140803593750000,2026-08-19T07:00:03.593750,-0.163271
1787140803625000000,2026-08-19T07:00:03.625000,-0.090706
1787140803656250000,2026-08-19T07:00:03.656250,-0.072565
1787140803687500000,2026-08-19T07:00:03.687500,0.018141
1787140803718750000,2026-08-19T07:00:03.718750,-0.145129
1787140803750000000,2026-08-19T07:00:03.750000,-0.163271
1787140803781250000,2026-08-19T07:00:03.781250,-0.399106
1787140803812500000,2026-08-19T07:00:03.812500,-0.344682
1787140803843750000,2026-08-19T07:00:03.843750,-0.544236
1787140803875000000,2026-08-19T07:00:03.875000,-0.344682
1787140803906250000,2026-08-19T07:00:03.906250,-0.272118
1787140803937500000,2026-08-19T07:00:03.937500,-0.072565
1787140803968750000,2026-08-19T07:00:03.968750,0.018141
1787140804000000000,2026-08-19T07:00:04,0.090706
1787140804031250000,2026-08-19T07:00:04.031250,-0.054424
1787140804062500000,2026-08-19T07:00:04.062500,-0.199553
1787140804093750000,2026-08-19T07:00:04.093750,-0.489812
1787140804125000000,2026-08-19T07:00:04.125000,-0.562377
1787140804156250000,2026-08-19T07:00:04.156250,-0.308400
1787140804187500000,2026-08-19T07:00:04.187500,-0.217694
1787140804218750000,2026-08-19T07:00:04.218750,-0.090706
1787140804250000000,2026-08-19T07:00:04.250000,0.235835
1787140804281250000,2026-08-19T07:00:04.281250,0.326541
1787140804312500000,2026-08-19T07:00:04.312500,0.000000
1787140804343750000,2026-08-19T07:00:04.343750,-0.072565
1787140804375000000,2026-08-19T07:00:04.375000,-0.417247
1787140804406250000,2026-08-19T07:00:04.406250,-0.000000
1787140804437500000,2026-08-19T07:00:04.437500,-0.126988
1787140804468750000,2026-08-19T07:00:04.468750,-0.108847
1787140804500000000,2026-08-19T07:00:04.500000,-0.181412
1787140804531250000,2026-08-19T07:00:04.531250,0.054424
1787140804562500000,2026-08-19T07:00:04.562500,-0.072565
1787140804593750000,2026-08-19T07:00:04.593750,-0.072565
1787140804625000000,2026-08-19T07:00:04.625000,-0.235835
1787140804656250000,2026-08-19T07:00:04.656250,-0.090706
1787140804687500000,2026-08-19T07:00:04.687500,-0.126988
1787140804718750000,2026-08-19T07:00:04.718750,-0.544236
1787140804750000000,2026-08-19T07:00:04.750000,-0.344682
1787140804781250000,2026-08-19T07:00:04.781250,-0.145129
1787140804812500000,2026-08-19T07:00:04.812500,-0.072565
1787140804843750000,2026-08-19T07:00:04.843750,0.072565
1787140804875000000,2026-08-19T07:00:04.875000,0.126988
1787140804906250000,2026-08-19T07:00:04.906250,0.036282
1787140804937500000,2026-08-19T07:00:04.937500,0.054424
1787140804968750000,2026-08-19T07:00:04.968750,-0.036282
1787140805000000000,2026-08-19T07:00:05,0.000000
1787140805031250000,2026-08-19T07:00:05.031250,0.181412
1787140805062500000,2026-08-19T07:00:05.062500,0.145129
1787140805093750000,2026-08-19T07:00:05.093750,0.290259
1787140805125000000,2026-08-19T07:00:05.125000,0.272118
1787140805156250000,2026-08-19T07:00:05.156250,0.272118
1787140805187500000,2026-08-19T07:00:05.187500,-0.163271
1787140805218750000,2026-08-19T07:00:05.218750,-0.253977
1787140805250000000,2026-08-19T07:00:05.250000,-0.181412
1787140805281250000,2026-08-19T07:00:05.281250,-0.181412
1787140805312500000,2026-08-19T07:00:05.312500,-0.453530
1787140805343750000,2026-08-19T07:00:05.343750,-0.199553
1787140805375000000,2026-08-19T07:00:05.375000,0.090706
1787140805406250000,2026-08-19T07:00:05.406250,-0.108847
1787140805437500000,2026-08-19T07:00:05.437500,-0.090706
1787140805468750000,2026-08-19T07:00:05.468750,0.253977
1787140805500000000,2026-08-19T07:00:05.500000,0.489812
1787140805531250000,2026-08-19T07:00:05.531250,0.253977
1787140805562500000,2026-08-19T07:00:05.562500,0.272118
1787140805593750000,2026-08-19T07:00:05.593750,0.290259
1787140805625000000,2026-08-19T07:00:05.625000,0.145129
1787140805656250000,2026-08-19T07:00:05.656250,-0.145129
1787140805687500000,2026-08-19T07:00:05.687500,-0.199553
1787140805718750000,2026-08-19T07:00:05.718750,-0.145129
1787140805750000000,2026-08-19T07:00:05.750000,-0.217694
1787140805781250000,2026-08-19T07:00:05.781250,-0.344682
1787140805812500000,2026-08-19T07:00:05.812500,-0.272118
1787140805843750000,2026-08-19T07:00:05.843750,-0.235835
1787140805875000000,2026-08-19T07:00:05.875000,-0.163271
1787140805906250000,2026-08-19T07:00:05.906250,0.090706
1787140805937500000,2026-08-19T07:00:05.937500,0.399106
1787140805968750000,2026-08-19T07:00:05.968750,0.870777
1787140806000000000,2026-08-19T07:00:06,1.052189
1787140806031250000,2026-08-19T07:00:06.031250,0.816353
1787140806062500000,2026-08-19T07:00:06.062500,0.507953
1787140806093750000,2026-08-19T07:00:06.093750,0.435388
1787140806125000000,2026-08-19T07:00:06.125000,-0.090706
1787140806156250000,2026-08-19T07:00:06.156250,-0.163271
1787140806187500000,2026-08-19T07:00:06.187500,-0.108847
1787184000093750000,2026-08-19T19:00:00.093750,0.272118
1787184000125000000,2026-08-19T19:00:00.125000,0.326541
1787184000156250000,2026-08-19T19:00:00.156250,0.018141
1787184000187500000,2026-08-19T19:00:00.187500,-0.072565
1787184000218750000,2026-08-19T19:00:00.218750,-0.217694
1787184000250000000,2026-08-19T19:00:00.250000,-0.290259
1787184000281250000,2026-08-19T19:00:00.281250,-0.489812
1787184000312500000,2026-08-19T19:00:00.312500,-0.435388
1787184000343750000,2026-08-19T19:00:00.343750,-0.126988
1787184000375000000,2026-08-19T19:00:00.375000,0.090706
1787184000406250000,2026-08-19T19:00:00.406250,0.272118
1787184000437500000,2026-08-19T19:00:00.437500,0.435388
1787184000468750000,2026-08-19T19:00:00.468750,0.616800
1787184000500000000,2026-08-19T19:00:00.500000,0.544236
1787184000531250000,2026-08-19T19:00:00.531250,0.272118
1787184000562500000,2026-08-19T19:00:00.562500,0.108847
1787184000593750000,2026-08-19T19:00:00.593750,-0.163271
1787184000625000000,2026-08-19T19:00:00.625000,-0.616800
1787184000656250000,2026-08-19T19:00:00.656250,-0.852636
1787184000687500000,2026-08-19T19:00:00.687500,-0.852636
1787184000718750000,2026-08-19T19:00:00.718750,-0.816353
1787184000750000000,2026-08-19T19:00:00.750000,-0.725647
1787184000781250000,2026-08-19T19:00:00.781250,-0.507953
1787184000812500000,2026-08-19T19:00:00.812500,-0.308400
1787184000843750000,2026-08-19T19:00:00.843750,-0.290259
1787184000875000000,2026-08-19T19:00:00.875000,-0.290259
1787184000906250000,2026-08-19T19:00:00.906250,-0.181412
1787184000937500000,2026-08-19T19:00:00.937500,-0.380965
1787184000968750000,2026-08-19T19:00:00.968750,-0.344682
1787184001000000000,2026-08-19T19:00:01,-0.399106
1787184001031250000,2026-08-19T19:00:01.031250,-0.199553
1787184001062500000,2026-08-19T19:00:01.062500,-0.489812
1787184001093750000,2026-08-19T19:00:01.093750,0.036282
1787184001125000000,2026-08-19T19:00:01.125000,0.181412
1787184001156250000,2026-08-19T19:00:01.156250,0.380965
1787184001187500000,2026-08-19T19:00:01.187500,0.272118
1787184001218750000,2026-08-19T19:00:01.218750,0.417247
1787184001250000000,2026-08-19T19:00:01.250000,0.217694
1787184001281250000,2026-08-19T19:00:01.281250,0.199553
1787184001312500000,2026-08-19T19:00:01.312500,-0.217694
1787184001343750000,2026-08-19T19:00:01.343750,-0.145129
1787184001375000000,2026-08-19T19:00:01.375000,-0.163271
1787184001406250000,2026-08-19T19:00:01.406250,0.163271
1787184001437500000,2026-08-19T19:00:01.437500,-0.054424
1787184001468750000,2026-08-19T19:00:01.468750,0.126988
1787184001500000000,2026-08-19T19:00:01.500000,0.054424
1787184001531250000,2026-08-19T19:00:01.531250,0.145129
1787184001562500000,2026-08-19T19:00:01.562500,-0.272118
1787184001593750000,2026-08-19T19:00:01.593750,-0.181412
1787184001625000000,2026-08-19T19:00:01.625000,-0.018141
1787184001656250000,2026-08-19T19:00:01.656250,-0.090706
1787184001687500000,2026-08-19T19:00:01.687500,-0.054424
1787184001718750000,2026-08-19T19:00:01.718750,-0.018141
1787184001750000000,2026-08-19T19:00:01.750000,-0.072565
1787184001781250000,2026-08-19T19:00:01.781250,-0.054424
1787184001812500000,2026-08-19T19:00:01.812500,-0.018141
1787184001843750000,2026-08-19T19:00:01.843750,-0.253977
1787184001875000000,2026-08-19T19:00:01.875000,-0.090706
1787184001906250000,2026-08-19T19:00:01.906250,-0.181412
1787184001937500000,2026-08-19T19:00:01.937500,0.018141
1787184001968750000,2026-08-19T19:00:01.968750,0.090706
1787184002000000000,2026-08-19T19:00:02,0.308400
1787184002031250000,2026-08-19T19:00:02.031250,0.235835
1787184002062500000,2026-08-19T19:00:02.062500,0.417247
1787184002093750000,2026-08-19T19:00:02.093750,0.326541
1787184002125000000,2026-08-19T19:00:02.125000,0.290259
1787184002156250000,2026-08-19T19:00:02.156250,0.253977
1787184002187500000,2026-08-19T19:00:02.187500,-0.036282
1787184002218750000,2026-08-19T19:00:02.218750,0.181412
1787184002250000000,2026-08-19T19:00:02.250000,0.036282
1787184002281250000,2026-08-19T19:00:02.281250,-0.145129
1787184002312500000,2026-08-19T19:00:02.312500,0.054424
1787184002343750000,2026-08-19T19:00:02.343750,0.507953
1787184002375000000,2026-08-19T19:00:02.375000,-0.036282
1787184002406250000,2026-08-19T19:00:02.406250,0.072565
1787184002437500000,2026-08-19T19:00:02.437500,0.217694
1787184002468750000,2026-08-19T19:00:02.468750,0.090706
1787184002500000000,2026-08-19T19:00:02.500000,-0.018141
1787184002531250000,2026-08-19T19:00:02.531250,0.145129
1787184002562500000,2026-08-19T19:00:02.562500,0.054424
1787184002593750000,2026-08-19T19:00:02.593750,0.235835
1787184002625000000,2026-08-19T19:00:02.625000,0.272118
1787184002656250000,2026-08-19T19:00:02.656250,0.163271
1787184002687500000,2026-08-19T19:00:02.687500,0.217694
1787184002718750000,2026-08-19T19:00:02.718750,0.326541
1787184002750000000,2026-08-19T19:00:02.750000,0.181412
1787184002781250000,2026-08-19T19:00:02.781250,-0.018141
1787184002812500000,2026-08-19T19:00:02.812500,-0.181412
1787184002843750000,2026-08-19T19:00:02.843750,-0.471671
1787184002875000000,2026-08-19T19:00:02.875000,-0.453530
1787184002906250000,2026-08-19T19:00:02.906250,-0.526094
1787184002937500000,2026-08-19T19:00:02.937500,-0.544236
1787184002968750000,2026-08-19T19:00:02.968750,-0.417247
1787184003000000000,2026-08-19T19:00:03,-0.362824
1787184003031250000,2026-08-19T19:00:03.031250,-0.580518
1787184003062500000,2026-08-19T19:00:03.062500,-0.562377
1787184003093750000,2026-08-19T19:00:03.093750,-0.362824
1787184003125000000,2026-08-19T19:00:03.125000,-0.199553
1787184003156250000,2026-08-19T19:00:03.156250,0.181412
1787184003187500000,2026-08-19T19:00:03.187500,0.181412
1787184003218750000,2026-08-19T19:00:03.218750,0.126988
1787184003250000000,2026-08-19T19:00:03.250000,0.308400
1787184003281250000,2026-08-19T19:00:03.281250,0.018141
1787184003312500000,2026-08-19T19:00:03.312500,-0.126988
1787184003343750000,2026-08-19T19:00:03.343750,0.145129
1787184003375000000,2026-08-19T19:00:03.375000,0.308400
1787184003406250000,2026-08-19T19:00:03.406250,0.163271
1787184003437500000,2026-08-19T19:00:03.437500,0.308400
1787184003468750000,2026-08-19T19:00:03.468750,0.562377
1787184003500000000,2026-08-19T19:00:03.500000,0.562377
1787184003531250000,2026-08-19T19:00:03.531250,0.489812
1787184003562500000,2026-08-19T19:00:03.562500,0.453530
1787184003593750000,2026-08-19T19:00:03.593750,0.489812
1787184003625000000,2026-08-19T19:00:03.625000,0.344682
1787184003656250000,2026-08-19T19:00:03.656250,0.126988
1787184003687500000,2026-08-19T19:00:03.687500,-0.090706
1787184003718750000,2026-08-19T19:00:03.718750,0.000000
1787184003750000000,2026-08-19T19:00:03.750000,0.145129
1787184003781250000,2026-08-19T19:00:03.781250,-0.145129
1787184003812500000,2026-08-19T19:00:03.812500,0.072565
1787184003843750000,2026-08-19T19:00:03.843750,0.435388
1787184003875000000,2026-08-19T19:00:03.875000,0.272118
1787184003906250000,2026-08-19T19:00:03.906250,0.108847
1787184003937500000,2026-08-19T19:00:03.937500,0.308400
1787184003968750000,2026-08-19T19:00:03.968750,0.145129
1787184004000000000,2026-08-19T19:00:04,-0.145129
1787184004031250000,2026-08-19T19:00:04.031250,-0.417247
1787184004062500000,2026-08-19T19:00:04.062500,-0.507953
1787184004093750000,2026-08-19T19:00:04.093750,-0.653083
1787184004125000000,2026-08-19T19:00:04.125000,-0.544236
1787184004156250000,2026-08-19T19:00:04.156250,-0.308400
1787184004187500000,2026-08-19T19:00:04.187500,-0.018141
1787184004218750000,2026-08-19T19:00:04.218750,-0.036282
1787184004250000000,2026-08-19T19:00:04.250000,0.054424
1787184004281250000,2026-08-19T19:00:04.281250,-0.145129
1787184004312500000,2026-08-19T19:00:04.312500,-0.181412
1787184004343750000,2026-08-19T19:00:04.343750,-0.272118
1787184004375000000,2026-08-19T19:00:04.375000,0.054424
1787184004406250000,2026-08-19T19:00:04.406250,0.072565
1787184004437500000,2026-08-19T19:00:04.437500,0.181412
1787184004468750000,2026-08-19T19:00:04.468750,0.072565
1787184004500000000,2026-08-19T19:00:04.500000,0.126988
1787184004531250000,2026-08-19T19:00:04.531250,-0.217694
1787184004562500000,2026-08-19T19:00:04.562500,-0.054424
1787184004593750000,2026-08-19T19:00:04.593750,-0.090706
1787184004625000000,2026-08-19T19:00:04.625000,-0.072565
1787184004656250000,2026-08-19T19:00:04.656250,0.000000
1787184004687500000,2026-08-19T19:00:04.687500,0.453530
1787184004718750000,2026-08-19T19:00:04.718750,0.380965
1787184004750000000,2026-08-19T19:00:04.750000,0.471671
1787184004781250000,2026-08-19T19:00:04.781250,0.544236
1787184004812500000,2026-08-19T19:00:04.812500,0.380965
1787184004843750000,2026-08-19T19:00:04.843750,0.145129
1787184004875000000,2026-08-19T19:00:04.875000,0.145129
1787184004906250000,2026-08-19T19:00:04.906250,-0.072565
1787184004937500000,2026-08-19T19:00:04.937500,-0.000000
1787184004968750000,2026-08-19T19:00:04.968750,0.072565
1787184005000000000,2026-08-19T19:00:05,0.054424
1787184005031250000,2026-08-19T19:00:05.031250,-0.199553
1787184005062500000,2026-08-19T19:00:05.062500,0.000000
1787184005093750000,2026-08-19T19:00:05.093750,-0.018141
1787184005125000000,2026-08-19T19:00:05.125000,0.090706
1787184005156250000,2026-08-19T19:00:05.156250,0.326541
1787184005187500000,2026-08-19T19:00:05.187500,0.453530
1787184005218750000,2026-08-19T19:00:05.218750,0.399106
1787184005250000000,2026-08-19T19:00:05.250000,0.272118
1787184005281250000,2026-08-19T19:00:05.281250,0.036282
1787184005312500000,2026-08-19T19:00:05.312500,-0.290259
1787184005343750000,2026-08-19T19:00:05.343750,-0.380965
1787184005375000000,2026-08-19T19:00:05.375000,-0.471671
1787184005406250000,2026-08-19T19:00:05.406250,-0.199553
1787184005437500000,2026-08-19T19:00:05.437500,0.126988
1787184005468750000,2026-08-19T19:00:05.468750,0.417247
1787184005500000000,2026-08-19T19:00:05.500000,0.834494
1787184005531250000,2026-08-19T19:00:05.531250,0.852636
1787184005562500000,2026-08-19T19:00:05.562500,0.707506
1787184005593750000,2026-08-19T19:00:05.593750,0.471671
1787184005625000000,2026-08-19T19:00:05.625000,0.399106
1787184005656250000,2026-08-19T19:00:05.656250,0.326541
1787184005687500000,2026-08-19T19:00:05.687500,0.290259
1787184005718750000,2026-08-19T19:00:05.718750,0.417247
1787184005750000000,2026-08-19T19:00:05.750000,0.580518
1787184005781250000,2026-08-19T19:00:05.781250,0.199553
1787184005812500000,2026-08-19T19:00:05.812500,0.072565
1787184005843750000,2026-08-19T19:00:05.843750,0.290259
1787184005875000000,2026-08-19T19:00:05.875000,0.181412
1787184005906250000,2026-08-19T19:00:05.906250,-0.036282
1787184005937500000,2026-08-19T19:00:05.937500,0.108847
1787184005968750000,2026-08-19T19:00:05.968750,-0.054424
1787184006000000000,2026-08-19T19:00:06,-0.217694
1787184006031250000,2026-08-19T19:00:06.031250,-0.290259
1787184006062500000,2026-08-19T19:00:06.062500,-0.145129
1787184006093750000,2026-08-19T19:00:06.093750,-0.000000
1787184006125000000,2026-08-19T19:00:06.125000,0.380965
1787184006156250000,2026-08-19T19:00:06.156250,0.453530
1787184006187500000,2026-08-19T19:00:06.187500,0.544236
1787227200093750000,2026-08-20T07:00:00.093750,2.430919
1787227200125000000,2026-08-20T07:00:00.125000,3.174707
1787227200156250000,2026-08-20T07:00:00.156250,3.555672
1787227200187500000,2026-08-20T07:00:00.187500,4.099908
1787227200218750000,2026-08-20T07:00:00.218750,4.480872
1787227200250000000,2026-08-20T07:00:00.250000,5.206520
1787227200281250000,2026-08-20T07:00:00.281250,5.569343
1787227200312500000,2026-08-20T07:00:00.312500,6.041014
1787227200343750000,2026-08-20T07:00:00.343750,6.821085
1787227200375000000,2026-08-20T07:00:00.375000,7.401603
1787227200406250000,2026-08-20T07:00:00.406250,8.000262
1787227200437500000,2026-08-20T07:00:00.437500,8.580780
1787227200468750000,2026-08-20T07:00:00.468750,8.943604
1787227200500000000,2026-08-20T07:00:00.500000,9.197580
1787227200531250000,2026-08-20T07:00:00.531250,9.796239
1787227200562500000,2026-08-20T07:00:00.562500,9.868804
1787227200593750000,2026-08-20T07:00:00.593750,10.104639
1787227200625000000,2026-08-20T07:00:00.625000,10.648875
1787227200656250000,2026-08-20T07:00:00.656250,10.902852
1787227200687500000,2026-08-20T07:00:00.687500,11.011699
1787227200718750000,2026-08-20T07:00:00.718750,11.356381
1787227200750000000,2026-08-20T07:00:00.750000,11.555934
1787227200781250000,2026-08-20T07:00:00.781250,11.719205
1787227200812500000,2026-08-20T07:00:00.812500,12.245299
1787227200843750000,2026-08-20T07:00:00.843750,12.535558
1787227200875000000,2026-08-20T07:00:00.875000,12.662546
1787227200906250000,2026-08-20T07:00:00.906250,12.934664
1787227200937500000,2026-08-20T07:00:00.937500,13.134217
1787227200968750000,2026-08-20T07:00:00.968750,12.989088
1787227201000000000,2026-08-20T07:00:01,12.970947
1787227201031250000,2026-08-20T07:00:01.031250,13.079794
1787227201062500000,2026-08-20T07:00:01.062500,13.134217
1787227201093750000,2026-08-20T07:00:01.093750,13.261206
1787227201125000000,2026-08-20T07:00:01.125000,13.170500
1787227201156250000,2026-08-20T07:00:01.156250,13.297488
1787227201187500000,2026-08-20T07:00:01.187500,13.297488
1787227201218750000,2026-08-20T07:00:01.218750,13.061652
1787227201250000000,2026-08-20T07:00:01.250000,12.771394
1787227201281250000,2026-08-20T07:00:01.281250,12.898382
1787227201312500000,2026-08-20T07:00:01.312500,12.535558
1787227201343750000,2026-08-20T07:00:01.343750,12.481135
1787227201375000000,2026-08-20T07:00:01.375000,12.680688
1787227201406250000,2026-08-20T07:00:01.406250,12.934664
1787227201437500000,2026-08-20T07:00:01.437500,12.916523
1787227201468750000,2026-08-20T07:00:01.468750,13.170500
1787227201500000000,2026-08-20T07:00:01.500000,13.460759
1787227201531250000,2026-08-20T07:00:01.531250,13.569606
1787227201562500000,2026-08-20T07:00:01.562500,13.279347
1787227201593750000,2026-08-20T07:00:01.593750,12.989088
1787227201625000000,2026-08-20T07:00:01.625000,13.043511
1787227201656250000,2026-08-20T07:00:01.656250,12.753252
1787227201687500000,2026-08-20T07:00:01.687500,12.535558
1787227201718750000,2026-08-20T07:00:01.718750,12.571841
1787227201750000000,2026-08-20T07:00:01.750000,12.698829
1787227201781250000,2026-08-20T07:00:01.781250,12.608123
1787227201812500000,2026-08-20T07:00:01.812500,12.462993
1787227201843750000,2026-08-20T07:00:01.843750,12.589982
1787227201875000000,2026-08-20T07:00:01.875000,12.354146
1787227201906250000,2026-08-20T07:00:01.906250,12.299723
1787227201937500000,2026-08-20T07:00:01.937500,12.118311
1787227201968750000,2026-08-20T07:00:01.968750,12.009464
1787227202000000000,2026-08-20T07:00:02,11.592217
1787227202031250000,2026-08-20T07:00:02.031250,11.773628
1787227202062500000,2026-08-20T07:00:02.062500,11.773628
1787227202093750000,2026-08-20T07:00:02.093750,11.592217
1787227202125000000,2026-08-20T07:00:02.125000,11.465228
1787227202156250000,2026-08-20T07:00:02.156250,11.428946
1787227202187500000,2026-08-20T07:00:02.187500,11.283816
1787227202218750000,2026-08-20T07:00:02.218750,10.703299
1787227202250000000,2026-08-20T07:00:02.250000,10.648875
1787227202281250000,2026-08-20T07:00:02.281250,10.540028
1787227202312500000,2026-08-20T07:00:02.312500,9.977651
1787227202343750000,2026-08-20T07:00:02.343750,9.596686
1787227202375000000,2026-08-20T07:00:02.375000,9.651110
1787227202406250000,2026-08-20T07:00:02.406250,9.088733
1787227202437500000,2026-08-20T07:00:02.437500,8.671486
1787227202468750000,2026-08-20T07:00:02.468750,8.562639
1787227202500000000,2026-08-20T07:00:02.500000,8.127250
1787227202531250000,2026-08-20T07:00:02.531250,7.419744
1787227202562500000,2026-08-20T07:00:02.562500,7.274615
1787227202593750000,2026-08-20T07:00:02.593750,6.802944
1787227202625000000,2026-08-20T07:00:02.625000,6.639673
1787227202656250000,2026-08-20T07:00:02.656250,6.059155
1787227202687500000,2026-08-20T07:00:02.687500,5.696332
1787227202718750000,2026-08-20T07:00:02.718750,4.807414
1787227202750000000,2026-08-20T07:00:02.750000,4.118049
1787227202781250000,2026-08-20T07:00:02.781250,3.120284
1787227202812500000,2026-08-20T07:00:02.812500,2.775601
1787227202843750000,2026-08-20T07:00:02.843750,2.176942
1787227202875000000,2026-08-20T07:00:02.875000,1.850401
1787227202906250000,2026-08-20T07:00:02.906250,1.306165
1787227202937500000,2026-08-20T07:00:02.937500,1.015906
1787227202968750000,2026-08-20T07:00:02.968750,0.399106
1787227203000000000,2026-08-20T07:00:03,-0.235835
1787227203031250000,2026-08-20T07:00:03.031250,-0.852636
1787227203062500000,2026-08-20T07:00:03.062500,-1.396871
1787227203093750000,2026-08-20T07:00:03.093750,-2.231366
1787227203125000000,2026-08-20T07:00:03.125000,-2.920731
1787227203156250000,2026-08-20T07:00:03.156250,-3.573813
1787227203187500000,2026-08-20T07:00:03.187500,-4.245037
1787227203218750000,2026-08-20T07:00:03.218750,-4.988826
1787227203250000000,2026-08-20T07:00:03.250000,-5.660049
1787227203281250000,2026-08-20T07:00:03.281250,-6.331273
1787227203312500000,2026-08-20T07:00:03.312500,-7.038779
1787227203343750000,2026-08-20T07:00:03.343750,-7.655580
1787227203375000000,2026-08-20T07:00:03.375000,-8.054686
1787227203406250000,2026-08-20T07:00:03.406250,-8.199815
1787227203437500000,2026-08-20T07:00:03.437500,-8.526356
1787227203468750000,2026-08-20T07:00:03.468750,-8.671486
1787227203500000000,2026-08-20T07:00:03.500000,-9.161298
1787227203531250000,2026-08-20T07:00:03.531250,-9.560404
1787227203562500000,2026-08-20T07:00:03.562500,-10.177204
1787227203593750000,2026-08-20T07:00:03.593750,-10.775863
1787227203625000000,2026-08-20T07:00:03.625000,-11.138687
1787227203656250000,2026-08-20T07:00:03.656250,-11.483369
1787227203687500000,2026-08-20T07:00:03.687500,-11.791770
1787227203718750000,2026-08-20T07:00:03.718750,-12.027605
1787227203750000000,2026-08-20T07:00:03.750000,-12.136452
1787227203781250000,2026-08-20T07:00:03.781250,-12.444852
1787227203812500000,2026-08-20T07:00:03.812500,-12.680688
1787227203843750000,2026-08-20T07:00:03.843750,-12.898382
1787227203875000000,2026-08-20T07:00:03.875000,-13.061652
1787227203906250000,2026-08-20T07:00:03.906250,-13.243064
1787227203937500000,2026-08-20T07:00:03.937500,-13.569606
1787227203968750000,2026-08-20T07:00:03.968750,-13.442617
1787227204000000000,2026-08-20T07:00:04,-13.243064
1787227204031250000,2026-08-20T07:00:04.031250,-13.224923
1787227204062500000,2026-08-20T07:00:04.062500,-13.007229
1787227204093750000,2026-08-20T07:00:04.093750,-12.589982
1787227204125000000,2026-08-20T07:00:04.125000,-12.299723
1787227204156250000,2026-08-20T07:00:04.156250,-12.317864
1787227204187500000,2026-08-20T07:00:04.187500,-11.973181
1787227204218750000,2026-08-20T07:00:04.218750,-12.009464
1787227204250000000,2026-08-20T07:00:04.250000,-11.791770
1787227204281250000,2026-08-20T07:00:04.281250,-11.483369
1787227204312500000,2026-08-20T07:00:04.312500,-11.120546
1787227204343750000,2026-08-20T07:00:04.343750,-10.685157
1787227204375000000,2026-08-20T07:00:04.375000,-10.177204
1787227204406250000,2026-08-20T07:00:04.406250,-9.614828
1787227204437500000,2026-08-20T07:00:04.437500,-9.542263
1787227204468750000,2026-08-20T07:00:04.468750,-9.397133
1787227204500000000,2026-08-20T07:00:04.500000,-9.143157
1787227204531250000,2026-08-20T07:00:04.531250,-8.635204
1787227204562500000,2026-08-20T07:00:04.562500,-8.272380
1787227204593750000,2026-08-20T07:00:04.593750,-7.655580
1787227204625000000,2026-08-20T07:00:04.625000,-7.147626
1787227204656250000,2026-08-20T07:00:04.656250,-6.585250
1787227204687500000,2026-08-20T07:00:04.687500,-6.041014
1787227204718750000,2026-08-20T07:00:04.718750,-5.406073
1787227204750000000,2026-08-20T07:00:04.750000,-4.553437
1787227204781250000,2026-08-20T07:00:04.781250,-3.573813
1787227204812500000,2026-08-20T07:00:04.812500,-2.884448
1787227204843750000,2026-08-20T07:00:04.843750,-2.322072
1787227204875000000,2026-08-20T07:00:04.875000,-2.267648
1787227204906250000,2026-08-20T07:00:04.906250,-1.723412
1787227204937500000,2026-08-20T07:00:04.937500,-1.197318
1787227204968750000,2026-08-20T07:00:04.968750,-0.780071
1787227205000000000,2026-08-20T07:00:05,-0.090706
1787227205031250000,2026-08-20T07:00:05.031250,0.925200
1787227205062500000,2026-08-20T07:00:05.062500,1.378730
1787227205093750000,2026-08-20T07:00:05.093750,2.231366
1787227205125000000,2026-08-20T07:00:05.125000,2.848166
1787227205156250000,2026-08-20T07:00:05.156250,3.356119
1787227205187500000,2026-08-20T07:00:05.187500,3.682660
1787227205218750000,2026-08-20T07:00:05.218750,4.281319
1787227205250000000,2026-08-20T07:00:05.250000,4.517155
1787227205281250000,2026-08-20T07:00:05.281250,5.097673
1787227205312500000,2026-08-20T07:00:05.312500,5.514920
1787227205343750000,2026-08-20T07:00:05.343750,6.222426
1787227205375000000,2026-08-20T07:00:05.375000,6.603391
1787227205406250000,2026-08-20T07:00:05.406250,7.129485
1787227205437500000,2026-08-20T07:00:05.437500,7.492309
1787227205468750000,2026-08-20T07:00:05.468750,8.272380
1787227205500000000,2026-08-20T07:00:05.500000,8.889180
1787227205531250000,2026-08-20T07:00:05.531250,9.088733
1787227205562500000,2026-08-20T07:00:05.562500,9.451557
1787227205593750000,2026-08-20T07:00:05.593750,9.778098
1787227205625000000,2026-08-20T07:00:05.625000,9.850663
1787227205656250000,2026-08-20T07:00:05.656250,10.013934
1787227205687500000,2026-08-20T07:00:05.687500,10.739581
1787227205718750000,2026-08-20T07:00:05.718750,11.229393
1787227205750000000,2026-08-20T07:00:05.750000,11.555934
1787227205781250000,2026-08-20T07:00:05.781250,11.809911
1787227205812500000,2026-08-20T07:00:05.812500,11.664781
1787227205843750000,2026-08-20T07:00:05.843750,11.555934
1787227205875000000,2026-08-20T07:00:05.875000,11.701064
1787227205906250000,2026-08-20T07:00:05.906250,12.045746
1787227205937500000,2026-08-20T07:00:05.937500,12.136452
1787227205968750000,2026-08-20T07:00:05.968750,12.644405
1787227206000000000,2026-08-20T07:00:06,12.644405
1787227206031250000,2026-08-20T07:00:06.031250,12.716970
1787227206062500000,2026-08-20T07:00:06.062500,12.517417
1787227206093750000,2026-08-20T07:00:06.093750,12.426711
1787227206125000000,2026-08-20T07:00:06.125000,12.626264
1787227206156250000,2026-08-20T07:00:06.156250,12.771394
1787227206187500000,2026-08-20T07:00:06.187500,12.589982
1787270400093750000,2026-08-20T19:00:00.093750,12.571841
1787270400125000000,2026-08-20T19:00:00.125000,12.571841
1787270400156250000,2026-08-20T19:00:00.156250,12.263440
1787270400187500000,2026-08-20T19:00:00.187500,12.118311
1787270400218750000,2026-08-20T19:00:00.218750,12.009464
1787270400250000000,2026-08-20T19:00:00.250000,11.936899
1787270400281250000,2026-08-20T19:00:00.281250,11.610358
1787270400312500000,2026-08-20T19:00:00.312500,11.574075
1787270400343750000,2026-08-20T19:00:00.343750,11.664781
1787270400375000000,2026-08-20T19:00:00.375000,11.265675
1787270400406250000,2026-08-20T19:00:00.406250,10.975416
1787270400437500000,2026-08-20T19:00:00.437500,10.739581
1787270400468750000,2026-08-20T19:00:00.468750,10.521887
1787270400500000000,2026-08-20T19:00:00.500000,9.814381
1787270400531250000,2026-08-20T19:00:00.531250,9.723675
1787270400562500000,2026-08-20T19:00:00.562500,9.578545
1787270400593750000,2026-08-20T19:00:00.593750,9.469698
1787270400625000000,2026-08-20T19:00:00.625000,9.270145
1787270400656250000,2026-08-20T19:00:00.656250,9.016168
1787270400687500000,2026-08-20T19:00:00.687500,8.762192
1787270400718750000,2026-08-20T19:00:00.718750,8.236098
1787270400750000000,2026-08-20T19:00:00.750000,7.891415
1787270400781250000,2026-08-20T19:00:00.781250,7.365321
1787270400812500000,2026-08-20T19:00:00.812500,7.256474
1787270400843750000,2026-08-20T19:00:00.843750,6.675956
1787270400875000000,2026-08-20T19:00:00.875000,6.458262
1787270400906250000,2026-08-20T19:00:00.906250,6.204285
1787270400937500000,2026-08-20T19:00:00.937500,6.041014
1787270400968750000,2026-08-20T19:00:00.968750,5.641908
1787270401000000000,2026-08-20T19:00:01,5.260943
1787270401031250000,2026-08-20T19:00:01.031250,4.426449
1787270401062500000,2026-08-20T19:00:01.062500,3.646378
1787270401093750000,2026-08-20T19:00:01.093750,2.703036
1787270401125000000,2026-08-20T19:00:01.125000,2.213224
1787270401156250000,2026-08-20T19:00:01.156250,1.505718
1787270401187500000,2026-08-20T19:00:01.187500,0.997765
1787270401218750000,2026-08-20T19:00:01.218750,0.471671
1787270401250000000,2026-08-20T19:00:01.250000,-0.108847
1787270401281250000,2026-08-20T19:00:01.281250,-1.052189
1787270401312500000,2026-08-20T19:00:01.312500,-1.632707
1787270401343750000,2026-08-20T19:00:01.343750,-2.285789
1787270401375000000,2026-08-20T19:00:01.375000,-2.830025
1787270401406250000,2026-08-20T19:00:01.406250,-3.374260
1787270401437500000,2026-08-20T19:00:01.437500,-3.845931
1787270401468750000,2026-08-20T19:00:01.468750,-4.245037
1787270401500000000,2026-08-20T19:00:01.500000,-4.716708
1787270401531250000,2026-08-20T19:00:01.531250,-5.279085
1787270401562500000,2026-08-20T19:00:01.562500,-5.805179
1787270401593750000,2026-08-20T19:00:01.593750,-6.530826
1787270401625000000,2026-08-20T19:00:01.625000,-7.238332
1787270401656250000,2026-08-20T19:00:01.656250,-8.036545
1787270401687500000,2026-08-20T19:00:01.687500,-8.744051
1787270401718750000,2026-08-20T19:00:01.718750,-9.342710
1787270401750000000,2026-08-20T19:00:01.750000,-9.596686
1787270401781250000,2026-08-20T19:00:01.781250,-9.995792
1787270401812500000,2026-08-20T19:00:01.812500,-10.104639
1787270401843750000,2026-08-20T19:00:01.843750,-10.394898
1787270401875000000,2026-08-20T19:00:01.875000,-10.721440
1787270401906250000,2026-08-20T19:00:01.906250,-11.247534
1787270401937500000,2026-08-20T19:00:01.937500,-11.356381
1787270401968750000,2026-08-20T19:00:01.968750,-11.755487
1787270402000000000,2026-08-20T19:00:02,-12.063887
1787270402031250000,2026-08-20T19:00:02.031250,-12.172734
1787270402062500000,2026-08-20T19:00:02.062500,-12.336005
1787270402093750000,2026-08-20T19:00:02.093750,-12.662546
1787270402125000000,2026-08-20T19:00:02.125000,-12.880241
1787270402156250000,2026-08-20T19:00:02.156250,-13.134217
1787270402187500000,2026-08-20T19:00:02.187500,-13.297488
1787270402218750000,2026-08-20T19:00:02.218750,-13.224923
1787270402250000000,2026-08-20T19:00:02.250000,-13.315629
1787270402281250000,2026-08-20T19:00:02.281250,-13.188641
1787270402312500000,2026-08-20T19:00:02.312500,-13.043511
1787270402343750000,2026-08-20T19:00:02.343750,-12.862099
1787270402375000000,2026-08-20T19:00:02.375000,-12.716970
1787270402406250000,2026-08-20T19:00:02.406250,-12.408570
1787270402437500000,2026-08-20T19:00:02.437500,-12.299723
1787270402468750000,2026-08-20T19:00:02.468750,-12.136452
1787270402500000000,2026-08-20T19:00:02.500000,-12.100170
1787270402531250000,2026-08-20T19:00:02.531250,-11.973181
1787270402562500000,2026-08-20T19:00:02.562500,-11.882476
1787270402593750000,2026-08-20T19:00:02.593750,-11.537793
1787270402625000000,2026-08-20T19:00:02.625000,-11.229393
1787270402656250000,2026-08-20T19:00:02.656250,-11.138687
1787270402687500000,2026-08-20T19:00:02.687500,-10.775863
1787270402718750000,2026-08-20T19:00:02.718750,-10.503746
1787270402750000000,2026-08-20T19:00:02.750000,-9.995792
1787270402781250000,2026-08-20T19:00:02.781250,-9.397133
1787270402812500000,2026-08-20T19:00:02.812500,-8.707768
1787270402843750000,2026-08-20T19:00:02.843750,-8.163533
1787270402875000000,2026-08-20T19:00:02.875000,-7.510450
1787270402906250000,2026-08-20T19:00:02.906250,-6.893650
1787270402937500000,2026-08-20T19:00:02.937500,-6.585250
1787270402968750000,2026-08-20T19:00:02.968750,-5.986591
1787270403000000000,2026-08-20T19:00:03,-5.206520
1787270403031250000,2026-08-20T19:00:03.031250,-4.607861
1787270403062500000,2026-08-20T19:00:03.062500,-4.172472
1787270403093750000,2026-08-20T19:00:03.093750,-3.301695
1787270403125000000,2026-08-20T19:00:03.125000,-2.721178
1787270403156250000,2026-08-20T19:00:03.156250,-2.521625
1787270403187500000,2026-08-20T19:00:03.187500,-2.086236
1787270403218750000,2026-08-20T19:00:03.218750,-1.705271
1787270403250000000,2026-08-20T19:00:03.250000,-1.269883
1787270403281250000,2026-08-20T19:00:03.281250,-0.507953
1787270403312500000,2026-08-20T19:00:03.312500,0.054424
1787270403343750000,2026-08-20T19:00:03.343750,0.743789
1787270403375000000,2026-08-20T19:00:03.375000,1.523859
1787270403406250000,2026-08-20T19:00:03.406250,2.013671
1787270403437500000,2026-08-20T19:00:03.437500,2.557907
1787270403468750000,2026-08-20T19:00:03.468750,3.337978
1787270403500000000,2026-08-20T19:00:03.500000,3.972919
1787270403531250000,2026-08-20T19:00:03.531250,4.644143
1787270403562500000,2026-08-20T19:00:03.562500,5.260943
1787270403593750000,2026-08-20T19:00:03.593750,5.950308
1787270403625000000,2026-08-20T19:00:03.625000,6.639673
1787270403656250000,2026-08-20T19:00:03.656250,7.202050
1787270403687500000,2026-08-20T19:00:03.687500,7.583015
1787270403718750000,2026-08-20T19:00:03.718750,8.090968
1787270403750000000,2026-08-20T19:00:03.750000,8.272380
1787270403781250000,2026-08-20T19:00:03.781250,8.580780
1787270403812500000,2026-08-20T19:00:03.812500,9.052451
1787270403843750000,2026-08-20T19:00:03.843750,9.252004
1787270403875000000,2026-08-20T19:00:03.875000,9.578545
1787270403906250000,2026-08-20T19:00:03.906250,10.032075
1787270403937500000,2026-08-20T19:00:03.937500,10.249769
1787270403968750000,2026-08-20T19:00:03.968750,10.503746
1787270404000000000,2026-08-20T19:00:04,10.957275
1787270404031250000,2026-08-20T19:00:04.031250,11.211252
1787270404062500000,2026-08-20T19:00:04.062500,11.211252
1787270404093750000,2026-08-20T19:00:04.093750,11.465228
1787270404125000000,2026-08-20T19:00:04.125000,11.410805
1787270404156250000,2026-08-20T19:00:04.156250,11.682922
1787270404187500000,2026-08-20T19:00:04.187500,12.063887
1787270404218750000,2026-08-20T19:00:04.218750,12.082029
1787270404250000000,2026-08-20T19:00:04.250000,12.227158
1787270404281250000,2026-08-20T19:00:04.281250,12.499276
1787270404312500000,2026-08-20T19:00:04.312500,12.662546
1787270404343750000,2026-08-20T19:00:04.343750,12.662546
1787270404375000000,2026-08-20T19:00:04.375000,12.825817
1787270404406250000,2026-08-20T19:00:04.406250,13.170500
1787270404437500000,2026-08-20T19:00:04.437500,13.243064
1787270404468750000,2026-08-20T19:00:04.468750,13.297488
1787270404500000000,2026-08-20T19:00:04.500000,13.188641
1787270404531250000,2026-08-20T19:00:04.531250,13.134217
1787270404562500000,2026-08-20T19:00:04.562500,12.644405
1787270404593750000,2026-08-20T19:00:04.593750,12.789535
1787270404625000000,2026-08-20T19:00:04.625000,12.862099
1787270404656250000,2026-08-20T19:00:04.656250,13.043511
1787270404687500000,2026-08-20T19:00:04.687500,12.952805
1787270404718750000,2026-08-20T19:00:04.718750,13.315629
1787270404750000000,2026-08-20T19:00:04.750000,13.152358
1787270404781250000,2026-08-20T19:00:04.781250,12.970947
1787270404812500000,2026-08-20T19:00:04.812500,12.807676
1787270404843750000,2026-08-20T19:00:04.843750,13.079794
1787270404875000000,2026-08-20T19:00:04.875000,12.735111
1787270404906250000,2026-08-20T19:00:04.906250,12.589982
1787270404937500000,2026-08-20T19:00:04.937500,12.462993
1787270404968750000,2026-08-20T19:00:04.968750,12.462993
1787270405000000000,2026-08-20T19:00:05,12.680688
1787270405031250000,2026-08-20T19:00:05.031250,12.626264
1787270405062500000,2026-08-20T19:00:05.062500,12.898382
1787270405093750000,2026-08-20T19:00:05.093750,13.079794
1787270405125000000,2026-08-20T19:00:05.125000,12.843958
1787270405156250000,2026-08-20T19:00:05.156250,12.571841
1787270405187500000,2026-08-20T19:00:05.187500,12.716970
1787270405218750000,2026-08-20T19:00:05.218750,12.462993
1787270405250000000,2026-08-20T19:00:05.250000,12.100170
1787270405281250000,2026-08-20T19:00:05.281250,12.027605
1787270405312500000,2026-08-20T19:00:05.312500,11.991323
1787270405343750000,2026-08-20T19:00:05.343750,11.882476
1787270405375000000,2026-08-20T19:00:05.375000,11.555934
1787270405406250000,2026-08-20T19:00:05.406250,11.628499
1787270405437500000,2026-08-20T19:00:05.437500,11.483369
1787270405468750000,2026-08-20T19:00:05.468750,10.975416
1787270405500000000,2026-08-20T19:00:05.500000,10.848428
1787270405531250000,2026-08-20T19:00:05.531250,10.866569
1787270405562500000,2026-08-20T19:00:05.562500,10.558169
1787270405593750000,2026-08-20T19:00:05.593750,10.667016
1787270405625000000,2026-08-20T19:00:05.625000,10.503746
1787270405656250000,2026-08-20T19:00:05.656250,10.159063
1787270405687500000,2026-08-20T19:00:05.687500,10.013934
1787270405718750000,2026-08-20T19:00:05.718750,9.578545
1787270405750000000,2026-08-20T19:00:05.750000,8.979886
1787270405781250000,2026-08-20T19:00:05.781250,8.671486
1787270405812500000,2026-08-20T19:00:05.812500,8.308662
1787270405843750000,2026-08-20T19:00:05.843750,7.637438
1787270405875000000,2026-08-20T19:00:05.875000,7.220191
1787270405906250000,2026-08-20T19:00:05.906250,6.857368
1787270405937500000,2026-08-20T19:00:05.937500,6.385697
1787270405968750000,2026-08-20T19:00:05.968750,5.768897
1787270406000000000,2026-08-20T19:00:06,5.279085
1787270406031250000,2026-08-20T19:00:06.031250,4.698567
1787270406062500000,2026-08-20T19:00:06.062500,3.936637
1787270406093750000,2026-08-20T19:00:06.093750,3.483107
1787270406125000000,2026-08-20T19:00:06.125000,3.029578
1787270406156250000,2026-08-20T19:00:06.156250,2.430919
1787270406187500000,2026-08-20T19:00:06.187500,1.832260
1787313600093750000,2026-08-21T07:00:00.093750,-11.138687
1787313600125000000,2026-08-21T07:00:00.125000,-10.975416
1787313600156250000,2026-08-21T07:00:00.156250,-10.304193
1787313600187500000,2026-08-21T07:00:00.187500,-9.832522
1787313600218750000,2026-08-21T07:00:00.218750,-9.542263
1787313600250000000,2026-08-21T07:00:00.250000,-8.979886
1787313600281250000,2026-08-21T07:00:00.281250,-8.598921
1787313600312500000,2026-08-21T07:00:00.312500,-8.526356
1787313600343750000,2026-08-21T07:00:00.343750,-8.217956
1787313600375000000,2026-08-21T07:00:00.375000,-7.492309
1787313600406250000,2026-08-21T07:00:00.406250,-6.821085
1787313600437500000,2026-08-21T07:00:00.437500,-6.168003
1787313600468750000,2026-08-21T07:00:00.468750,-5.533061
1787313600500000000,2026-08-21T07:00:00.500000,-5.025108
1787313600531250000,2026-08-21T07:00:00.531250,-4.644143
1787313600562500000,2026-08-21T07:00:00.562500,-4.281319
1787313600593750000,2026-08-21T07:00:00.593750,-3.646378
1787313600625000000,2026-08-21T07:00:00.625000,-2.703036
1787313600656250000,2026-08-21T07:00:00.656250,-1.959248
1787313600687500000,2026-08-21T07:00:00.687500,-1.505718
1787313600718750000,2026-08-21T07:00:00.718750,-0.925200
1787313600750000000,2026-08-21T07:00:00.750000,-0.489812
1787313600781250000,2026-08-21T07:00:00.781250,0.253977
1787313600812500000,2026-08-21T07:00:00.812500,0.816353
1787313600843750000,2026-08-21T07:00:00.843750,1.578283
1787313600875000000,2026-08-21T07:00:00.875000,2.231366
1787313600906250000,2026-08-21T07:00:00.906250,2.775601
1787313600937500000,2026-08-21T07:00:00.937500,3.011437
1787313600968750000,2026-08-21T07:00:00.968750,3.809649
1787313601000000000,2026-08-21T07:00:01,4.299461
1787313601031250000,2026-08-21T07:00:01.031250,4.898120
1787313601062500000,2026-08-21T07:00:01.062500,5.514920
1787313601093750000,2026-08-21T07:00:01.093750,5.895885
1787313601125000000,2026-08-21T07:00:01.125000,6.204285
1787313601156250000,2026-08-21T07:00:01.156250,6.839226
1787313601187500000,2026-08-21T07:00:01.187500,7.528591
1787313601218750000,2026-08-21T07:00:01.218750,7.836991
1787313601250000000,2026-08-21T07:00:01.250000,8.526356
1787313601281250000,2026-08-21T07:00:01.281250,8.907321
1787313601312500000,2026-08-21T07:00:01.312500,9.578545
1787313601343750000,2026-08-21T07:00:01.343750,9.868804
1787313601375000000,2026-08-21T07:00:01.375000,10.576310
1787313601406250000,2026-08-21T07:00:01.406250,11.047981
1787313601437500000,2026-08-21T07:00:01.437500,11.483369
1787313601468750000,2026-08-21T07:00:01.468750,11.447087
1787313601500000000,2026-08-21T07:00:01.500000,11.428946
1787313601531250000,2026-08-21T07:00:01.531250,11.265675
1787313601562500000,2026-08-21T07:00:01.562500,11.156828
1787313601593750000,2026-08-21T07:00:01.593750,11.029840
1787313601625000000,2026-08-21T07:00:01.625000,11.356381
1787313601656250000,2026-08-21T07:00:01.656250,11.864334
1787313601687500000,2026-08-21T07:00:01.687500,12.245299
1787313601718750000,2026-08-21T07:00:01.718750,12.680688
1787313601750000000,2026-08-21T07:00:01.750000,12.952805
1787313601781250000,2026-08-21T07:00:01.781250,12.862099
1787313601812500000,2026-08-21T07:00:01.812500,12.825817
1787313601843750000,2026-08-21T07:00:01.843750,12.898382
1787313601875000000,2026-08-21T07:00:01.875000,12.789535
1787313601906250000,2026-08-21T07:00:01.906250,12.608123
1787313601937500000,2026-08-21T07:00:01.937500,12.843958
1787313601968750000,2026-08-21T07:00:01.968750,12.716970
1787313602000000000,2026-08-21T07:00:02,12.553699
1787313602031250000,2026-08-21T07:00:02.031250,12.481135
1787313602062500000,2026-08-21T07:00:02.062500,12.735111
1787313602093750000,2026-08-21T07:00:02.093750,12.354146
1787313602125000000,2026-08-21T07:00:02.125000,12.444852
1787313602156250000,2026-08-21T07:00:02.156250,12.517417
1787313602187500000,2026-08-21T07:00:02.187500,12.589982
1787313602218750000,2026-08-21T07:00:02.218750,12.880241
1787313602250000000,2026-08-21T07:00:02.250000,13.134217
1787313602281250000,2026-08-21T07:00:02.281250,13.079794
1787313602312500000,2026-08-21T07:00:02.312500,13.116076
1787313602343750000,2026-08-21T07:00:02.343750,13.261206
1787313602375000000,2026-08-21T07:00:02.375000,12.843958
1787313602406250000,2026-08-21T07:00:02.406250,12.680688
1787313602437500000,2026-08-21T07:00:02.437500,12.771394
1787313602468750000,2026-08-21T07:00:02.468750,12.753252
1787313602500000000,2026-08-21T07:00:02.500000,12.735111
1787313602531250000,2026-08-21T07:00:02.531250,12.735111
1787313602562500000,2026-08-21T07:00:02.562500,12.589982
1787313602593750000,2026-08-21T07:00:02.593750,12.571841
1787313602625000000,2026-08-21T07:00:02.625000,12.499276
1787313602656250000,2026-08-21T07:00:02.656250,12.372287
1787313602687500000,2026-08-21T07:00:02.687500,12.209017
1787313602718750000,2026-08-21T07:00:02.718750,12.027605
1787313602750000000,2026-08-21T07:00:02.750000,11.773628
1787313602781250000,2026-08-21T07:00:02.781250,11.465228
1787313602812500000,2026-08-21T07:00:02.812500,11.102405
1787313602843750000,2026-08-21T07:00:02.843750,11.265675
1787313602875000000,2026-08-21T07:00:02.875000,11.374522
1787313602906250000,2026-08-21T07:00:02.906250,11.483369
1787313602937500000,2026-08-21T07:00:02.937500,11.592217
1787313602968750000,2026-08-21T07:00:02.968750,11.664781
1787313603000000000,2026-08-21T07:00:03,11.247534
1787313603031250000,2026-08-21T07:00:03.031250,11.066122
1787313603062500000,2026-08-21T07:00:03.062500,10.521887
1787313603093750000,2026-08-21T07:00:03.093750,10.159063
1787313603125000000,2026-08-21T07:00:03.125000,9.651110
1787313603156250000,2026-08-21T07:00:03.156250,9.433416
1787313603187500000,2026-08-21T07:00:03.187500,9.088733
1787313603218750000,2026-08-21T07:00:03.218750,8.744051
1787313603250000000,2026-08-21T07:00:03.250000,8.326803
1787313603281250000,2026-08-21T07:00:03.281250,8.000262
1787313603312500000,2026-08-21T07:00:03.312500,7.474168
1787313603343750000,2026-08-21T07:00:03.343750,6.821085
1787313603375000000,2026-08-21T07:00:03.375000,6.367556
1787313603406250000,2026-08-21T07:00:03.406250,5.950308
1787313603437500000,2026-08-21T07:00:03.437500,5.315367
1787313603468750000,2026-08-21T07:00:03.468750,4.553437
1787313603500000000,2026-08-21T07:00:03.500000,4.353884
1787313603531250000,2026-08-21T07:00:03.531250,4.009202
1787313603562500000,2026-08-21T07:00:03.562500,3.410543
1787313603593750000,2026-08-21T07:00:03.593750,2.866307
1787313603625000000,2026-08-21T07:00:03.625000,2.684895
1787313603656250000,2026-08-21T07:00:03.656250,2.031813
1787313603687500000,2026-08-21T07:00:03.687500,1.523859
1787313603718750000,2026-08-21T07:00:03.718750,1.070330
1787313603750000000,2026-08-21T07:00:03.750000,0.399106
1787313603781250000,2026-08-21T07:00:03.781250,-0.145129
1787313603812500000,2026-08-21T07:00:03.812500,-0.997765
1787313603843750000,2026-08-21T07:00:03.843750,-1.850401
1787313603875000000,2026-08-21T07:00:03.875000,-2.485342
1787313603906250000,2026-08-21T07:00:03.906250,-3.138425
1787313603937500000,2026-08-21T07:00:03.937500,-3.791507
1787313603968750000,2026-08-21T07:00:03.968750,-4.317602
1787313604000000000,2026-08-21T07:00:04,-4.916261
1787313604031250000,2026-08-21T07:00:04.031250,-5.442355
1787313604062500000,2026-08-21T07:00:04.062500,-5.750755
1787313604093750000,2026-08-21T07:00:04.093750,-6.240567
1787313604125000000,2026-08-21T07:00:04.125000,-6.893650
1787313604156250000,2026-08-21T07:00:04.156250,-7.365321
1787313604187500000,2026-08-21T07:00:04.187500,-8.109109
1787313604218750000,2026-08-21T07:00:04.218750,-8.834757
1787313604250000000,2026-08-21T07:00:04.250000,-9.524122
1787313604281250000,2026-08-21T07:00:04.281250,-9.905086
1787313604312500000,2026-08-21T07:00:04.312500,-10.540028
1787313604343750000,2026-08-21T07:00:04.343750,-11.029840
1787313604375000000,2026-08-21T07:00:04.375000,-11.066122
1787313604406250000,2026-08-21T07:00:04.406250,-11.374522
1787313604437500000,2026-08-21T07:00:04.437500,-11.320099
1787313604468750000,2026-08-21T07:00:04.468750,-11.301958
1787313604500000000,2026-08-21T07:00:04.500000,-11.465228
1787313604531250000,2026-08-21T07:00:04.531250,-11.918758
1787313604562500000,2026-08-21T07:00:04.562500,-12.245299
1787313604593750000,2026-08-21T07:00:04.593750,-13.025370
1787313604625000000,2026-08-21T07:00:04.625000,-13.188641
1787313604656250000,2026-08-21T07:00:04.656250,-13.261206
1787313604687500000,2026-08-21T07:00:04.687500,-12.970947
1787313604718750000,2026-08-21T07:00:04.718750,-12.825817
1787313604750000000,2026-08-21T07:00:04.750000,-12.644405
1787313604781250000,2026-08-21T07:00:04.781250,-12.589982
1787313604812500000,2026-08-21T07:00:04.812500,-12.444852
1787313604843750000,2026-08-21T07:00:04.843750,-12.535558
1787313604875000000,2026-08-21T07:00:04.875000,-12.698829
1787313604906250000,2026-08-21T07:00:04.906250,-12.535558
1787313604937500000,2026-08-21T07:00:04.937500,-12.825817
1787313604968750000,2026-08-21T07:00:04.968750,-12.735111
1787313605000000000,2026-08-21T07:00:05,-12.807676
1787313605031250000,2026-08-21T07:00:05.031250,-12.336005
1787313605062500000,2026-08-21T07:00:05.062500,-11.936899
1787313605093750000,2026-08-21T07:00:05.093750,-11.483369
1787313605125000000,2026-08-21T07:00:05.125000,-11.283816
1787313605156250000,2026-08-21T07:00:05.156250,-10.902852
1787313605187500000,2026-08-21T07:00:05.187500,-10.794004
1787313605218750000,2026-08-21T07:00:05.218750,-10.340475
1787313605250000000,2026-08-21T07:00:05.250000,-9.669251
1787313605281250000,2026-08-21T07:00:05.281250,-9.215721
1787313605312500000,2026-08-21T07:00:05.312500,-8.653345
1787313605343750000,2026-08-21T07:00:05.343750,-8.181674
1787313605375000000,2026-08-21T07:00:05.375000,-7.982121
1787313605406250000,2026-08-21T07:00:05.406250,-7.746286
1787313605437500000,2026-08-21T07:00:05.437500,-7.202050
1787313605468750000,2026-08-21T07:00:05.468750,-6.639673
1787313605500000000,2026-08-21T07:00:05.500000,-6.059155
1787313605531250000,2026-08-21T07:00:05.531250,-5.478638
1787313605562500000,2026-08-21T07:00:05.562500,-4.879978
1787313605593750000,2026-08-21T07:00:05.593750,-4.245037
1787313605625000000,2026-08-21T07:00:05.625000,-3.918496
1787313605656250000,2026-08-21T07:00:05.656250,-3.156566
1787313605687500000,2026-08-21T07:00:05.687500,-2.666754
1787313605718750000,2026-08-21T07:00:05.718750,-1.959248
1787313605750000000,2026-08-21T07:00:05.750000,-1.233601
1787313605781250000,2026-08-21T07:00:05.781250,-0.417247
1787313605812500000,2026-08-21T07:00:05.812500,0.253977
1787313605843750000,2026-08-21T07:00:05.843750,1.269883
1787313605875000000,2026-08-21T07:00:05.875000,1.814118
1787313605906250000,2026-08-21T07:00:05.906250,2.303930
1787313605937500000,2026-08-21T07:00:05.937500,2.902589
1787313605968750000,2026-08-21T07:00:05.968750,3.501249
1787313606000000000,2026-08-21T07:00:06,4.136190
1787313606031250000,2026-08-21T07:00:06.031250,4.607861
1787313606062500000,2026-08-21T07:00:06.062500,4.861837
1787313606093750000,2026-08-21T07:00:06.093750,5.551202
1787313606125000000,2026-08-21T07:00:06.125000,6.059155
1787313606156250000,2026-08-21T07:00:06.156250,6.240567
1787313606187500000,2026-08-21T07:00:06.187500,6.857368
1787356800093750000,2026-08-21T19:00:00.093750,13.097935
1787356800125000000,2026-08-21T19:00:00.125000,13.152358
1787356800156250000,2026-08-21T19:00:00.156250,13.279347
1787356800187500000,2026-08-21T19:00:00.187500,13.134217
1787356800218750000,2026-08-21T19:00:00.218750,13.478900
1787356800250000000,2026-08-21T19:00:00.250000,13.478900
1787356800281250000,2026-08-21T19:00:00.281250,13.660312
1787356800312500000,2026-08-21T19:00:00.312500,13.261206
1787356800343750000,2026-08-21T19:00:00.343750,13.279347
1787356800375000000,2026-08-21T19:00:00.375000,13.152358
1787356800406250000,2026-08-21T19:00:00.406250,12.862099
1787356800437500000,2026-08-21T19:00:00.437500,12.263440
1787356800468750000,2026-08-21T19:00:00.468750,12.336005
1787356800500000000,2026-08-21T19:00:00.500000,12.045746
1787356800531250000,2026-08-21T19:00:00.531250,11.828052
1787356800562500000,2026-08-21T19:00:00.562500,11.918758
1787356800593750000,2026-08-21T19:00:00.593750,12.227158
1787356800625000000,2026-08-21T19:00:00.625000,12.190876
1787356800656250000,2026-08-21T19:00:00.656250,12.390429
1787356800687500000,2026-08-21T19:00:00.687500,12.154593
1787356800718750000,2026-08-21T19:00:00.718750,12.009464
1787356800750000000,2026-08-21T19:00:00.750000,11.646640
1787356800781250000,2026-08-21T19:00:00.781250,11.138687
1787356800812500000,2026-08-21T19:00:00.812500,10.794004
1787356800843750000,2026-08-21T19:00:00.843750,10.939134
1787356800875000000,2026-08-21T19:00:00.875000,10.812146
1787356800906250000,2026-08-21T19:00:00.906250,10.721440
1787356800937500000,2026-08-21T19:00:00.937500,10.739581
1787356800968750000,2026-08-21T19:00:00.968750,10.540028
1787356801000000000,2026-08-21T19:00:01,10.013934
1787356801031250000,2026-08-21T19:00:01.031250,9.632969
1787356801062500000,2026-08-21T19:00:01.062500,8.889180
1787356801093750000,2026-08-21T19:00:01.093750,8.363086
1787356801125000000,2026-08-21T19:00:01.125000,7.982121
1787356801156250000,2026-08-21T19:00:01.156250,7.546733
1787356801187500000,2026-08-21T19:00:01.187500,6.929932
1787356801218750000,2026-08-21T19:00:01.218750,6.367556
1787356801250000000,2026-08-21T19:00:01.250000,5.950308
1787356801281250000,2026-08-21T19:00:01.281250,5.188379
1787356801312500000,2026-08-21T19:00:01.312500,5.061390
1787356801343750000,2026-08-21T19:00:01.343750,4.499014
1787356801375000000,2026-08-21T19:00:01.375000,4.299461
1787356801406250000,2026-08-21T19:00:01.406250,3.755225
1787356801437500000,2026-08-21T19:00:01.437500,3.446825
1787356801468750000,2026-08-21T19:00:01.468750,2.521625
1787356801500000000,2026-08-21T19:00:01.500000,2.013671
1787356801531250000,2026-08-21T19:00:01.531250,1.523859
1787356801562500000,2026-08-21T19:00:01.562500,0.671224
1787356801593750000,2026-08-21T19:00:01.593750,-0.362824
1787356801625000000,2026-08-21T19:00:01.625000,-1.142895
1787356801656250000,2026-08-21T19:00:01.656250,-1.941107
1787356801687500000,2026-08-21T19:00:01.687500,-2.902589
1787356801718750000,2026-08-21T19:00:01.718750,-3.392401
1787356801750000000,2026-08-21T19:00:01.750000,-3.791507
1787356801781250000,2026-08-21T19:00:01.781250,-4.589720
1787356801812500000,2026-08-21T19:00:01.812500,-5.152096
1787356801843750000,2026-08-21T19:00:01.843750,-5.478638
1787356801875000000,2026-08-21T19:00:01.875000,-6.186144
1787356801906250000,2026-08-21T19:00:01.906250,-6.929932
1787356801937500000,2026-08-21T19:00:01.937500,-7.202050
1787356801968750000,2026-08-21T19:00:01.968750,-7.782568
1787356802000000000,2026-08-21T19:00:02,-8.580780
1787356802031250000,2026-08-21T19:00:02.031250,-8.979886
1787356802062500000,2026-08-21T19:00:02.062500,-9.433416
1787356802093750000,2026-08-21T19:00:02.093750,-10.050216
1787356802125000000,2026-08-21T19:00:02.125000,-10.322334
1787356802156250000,2026-08-21T19:00:02.156250,-10.594451
1787356802187500000,2026-08-21T19:00:02.187500,-10.939134
1787356802218750000,2026-08-21T19:00:02.218750,-11.247534
1787356802250000000,2026-08-21T19:00:02.250000,-11.138687
1787356802281250000,2026-08-21T19:00:02.281250,-11.428946
1787356802312500000,2026-08-21T19:00:02.312500,-11.682922
1787356802343750000,2026-08-21T19:00:02.343750,-12.063887
1787356802375000000,2026-08-21T19:00:02.375000,-12.209017
1787356802406250000,2026-08-21T19:00:02.406250,-12.716970
1787356802437500000,2026-08-21T19:00:02.437500,-12.789535
1787356802468750000,2026-08-21T19:00:02.468750,-12.989088
1787356802500000000,2026-08-21T19:00:02.500000,-13.025370
1787356802531250000,2026-08-21T19:00:02.531250,-13.043511
1787356802562500000,2026-08-21T19:00:02.562500,-13.061652
1787356802593750000,2026-08-21T19:00:02.593750,-13.533323
1787356802625000000,2026-08-21T19:00:02.625000,-13.624029
1787356802656250000,2026-08-21T19:00:02.656250,-13.660312
1787356802687500000,2026-08-21T19:00:02.687500,-13.515182
1787356802718750000,2026-08-21T19:00:02.718750,-13.388194
1787356802750000000,2026-08-21T19:00:02.750000,-13.188641
1787356802781250000,2026-08-21T19:00:02.781250,-12.843958
1787356802812500000,2026-08-21T19:00:02.812500,-12.680688
1787356802843750000,2026-08-21T19:00:02.843750,-12.626264
1787356802875000000,2026-08-21T19:00:02.875000,-12.336005
1787356802906250000,2026-08-21T19:00:02.906250,-11.973181
1787356802937500000,2026-08-21T19:00:02.937500,-11.592217
1787356802968750000,2026-08-21T19:00:02.968750,-11.029840
1787356803000000000,2026-08-21T19:00:03,-10.721440
1787356803031250000,2026-08-21T19:00:03.031250,-10.431181
1787356803062500000,2026-08-21T19:00:03.062500,-9.905086
1787356803093750000,2026-08-21T19:00:03.093750,-9.886945
1787356803125000000,2026-08-21T19:00:03.125000,-9.778098
1787356803156250000,2026-08-21T19:00:03.156250,-9.270145
1787356803187500000,2026-08-21T19:00:03.187500,-8.907321
1787356803218750000,2026-08-21T19:00:03.218750,-8.344945
1787356803250000000,2026-08-21T19:00:03.250000,-7.546733
1787356803281250000,2026-08-21T19:00:03.281250,-6.784803
1787356803312500000,2026-08-21T19:00:03.312500,-6.313132
1787356803343750000,2026-08-21T19:00:03.343750,-5.551202
1787356803375000000,2026-08-21T19:00:03.375000,-5.206520
1787356803406250000,2026-08-21T19:00:03.406250,-4.680425
1787356803437500000,2026-08-21T19:00:03.437500,-3.882213
1787356803468750000,2026-08-21T19:00:03.468750,-3.047719
1787356803500000000,2026-08-21T19:00:03.500000,-2.739319
1787356803531250000,2026-08-21T19:00:03.531250,-1.795977
1787356803562500000,2026-08-21T19:00:03.562500,-1.288024
1787356803593750000,2026-08-21T19:00:03.593750,-0.997765
1787356803625000000,2026-08-21T19:00:03.625000,-0.399106
1787356803656250000,2026-08-21T19:00:03.656250,0.671224
1787356803687500000,2026-08-21T19:00:03.687500,1.088471
1787356803718750000,2026-08-21T19:00:03.718750,1.904824
1787356803750000000,2026-08-21T19:00:03.750000,2.739319
1787356803781250000,2026-08-21T19:00:03.781250,3.283554
1787356803812500000,2026-08-21T19:00:03.812500,3.845931
1787356803843750000,2026-08-21T19:00:03.843750,4.517155
1787356803875000000,2026-08-21T19:00:03.875000,5.006967
1787356803906250000,2026-08-21T19:00:03.906250,5.478638
1787356803937500000,2026-08-21T19:00:03.937500,5.841461
1787356803968750000,2026-08-21T19:00:03.968750,6.222426
1787356804000000000,2026-08-21T19:00:04,6.694097
1787356804031250000,2026-08-21T19:00:04.031250,7.111344
1787356804062500000,2026-08-21T19:00:04.062500,7.836991
1787356804093750000,2026-08-21T19:00:04.093750,8.490074
1787356804125000000,2026-08-21T19:00:04.125000,8.925463
1787356804156250000,2026-08-21T19:00:04.156250,9.397133
1787356804187500000,2026-08-21T19:00:04.187500,10.013934
1787356804218750000,2026-08-21T19:00:04.218750,9.923228
1787356804250000000,2026-08-21T19:00:04.250000,10.286051
1787356804281250000,2026-08-21T19:00:04.281250,10.648875
1787356804312500000,2026-08-21T19:00:04.312500,10.920993
1787356804343750000,2026-08-21T19:00:04.343750,11.138687
1787356804375000000,2026-08-21T19:00:04.375000,11.737346
1787356804406250000,2026-08-21T19:00:04.406250,11.646640
1787356804437500000,2026-08-21T19:00:04.437500,11.664781
1787356804468750000,2026-08-21T19:00:04.468750,11.828052
1787356804500000000,2026-08-21T19:00:04.500000,11.900617
1787356804531250000,2026-08-21T19:00:04.531250,11.991323
1787356804562500000,2026-08-21T19:00:04.562500,12.608123
1787356804593750000,2026-08-21T19:00:04.593750,12.662546
1787356804625000000,2026-08-21T19:00:04.625000,12.644405
1787356804656250000,2026-08-21T19:00:04.656250,12.862099
1787356804687500000,2026-08-21T19:00:04.687500,13.025370
1787356804718750000,2026-08-21T19:00:04.718750,13.007229
1787356804750000000,2026-08-21T19:00:04.750000,13.297488
1787356804781250000,2026-08-21T19:00:04.781250,13.388194
1787356804812500000,2026-08-21T19:00:04.812500,13.460759
1787356804843750000,2026-08-21T19:00:04.843750,13.315629
1787356804875000000,2026-08-21T19:00:04.875000,13.315629
1787356804906250000,2026-08-21T19:00:04.906250,13.224923
1787356804937500000,2026-08-21T19:00:04.937500,13.424476
1787356804968750000,2026-08-21T19:00:04.968750,13.424476
1787356805000000000,2026-08-21T19:00:05,13.460759
1787356805031250000,2026-08-21T19:00:05.031250,13.442617
1787356805062500000,2026-08-21T19:00:05.062500,13.442617
1787356805093750000,2026-08-21T19:00:05.093750,13.261206
1787356805125000000,2026-08-21T19:00:05.125000,12.916523
1787356805156250000,2026-08-21T19:00:05.156250,12.898382
1787356805187500000,2026-08-21T19:00:05.187500,12.916523
1787356805218750000,2026-08-21T19:00:05.218750,12.898382
1787356805250000000,2026-08-21T19:00:05.250000,12.898382
1787356805281250000,2026-08-21T19:00:05.281250,13.152358
1787356805312500000,2026-08-21T19:00:05.312500,13.079794
1787356805343750000,2026-08-21T19:00:05.343750,13.007229
1787356805375000000,2026-08-21T19:00:05.375000,12.916523
1787356805406250000,2026-08-21T19:00:05.406250,12.553699
1787356805437500000,2026-08-21T19:00:05.437500,12.662546
1787356805468750000,2026-08-21T19:00:05.468750,12.680688
1787356805500000000,2026-08-21T19:00:05.500000,12.462993
1787356805531250000,2026-08-21T19:00:05.531250,12.680688
1787356805562500000,2026-08-21T19:00:05.562500,12.952805
1787356805593750000,2026-08-21T19:00:05.593750,12.608123
1787356805625000000,2026-08-21T19:00:05.625000,12.517417
1787356805656250000,2026-08-21T19:00:05.656250,12.390429
1787356805687500000,2026-08-21T19:00:05.687500,12.082029
1787356805718750000,2026-08-21T19:00:05.718750,11.846193
1787356805750000000,2026-08-21T19:00:05.750000,11.900617
1787356805781250000,2026-08-21T19:00:05.781250,11.537793
1787356805812500000,2026-08-21T19:00:05.812500,11.555934
1787356805843750000,2026-08-21T19:00:05.843750,11.301958
1787356805875000000,2026-08-21T19:00:05.875000,11.247534
1787356805906250000,2026-08-21T19:00:05.906250,10.830287
1787356805937500000,2026-08-21T19:00:05.937500,10.757722
1787356805968750000,2026-08-21T19:00:05.968750,10.630734
1787356806000000000,2026-08-21T19:00:06,10.594451
1787356806031250000,2026-08-21T19:00:06.031250,10.177204
1787356806062500000,2026-08-21T19:00:06.062500,9.905086
1787356806093750000,2026-08-21T19:00:06.093750,9.524122
1787356806125000000,2026-08-21T19:00:06.125000,8.580780
1787356806156250000,2026-08-21T19:00:06.156250,7.800709
1787356806187500000,2026-08-21T19:00:06.187500,7.238332
1787400000093750000,2026-08-22T07:00:00.093750,10.195345
1787400000125000000,2026-08-22T07:00:00.125000,9.959510
1787400000156250000,2026-08-22T07:00:00.156250,9.850663
1787400000187500000,2026-08-22T07:00:00.187500,9.378992
1787400000218750000,2026-08-22T07:00:00.218750,9.016168
1787400000250000000,2026-08-22T07:00:00.250000,8.725910
1787400000281250000,2026-08-22T07:00:00.281250,8.109109
1787400000312500000,2026-08-22T07:00:00.312500,7.256474
1787400000343750000,2026-08-22T07:00:00.343750,7.129485
1787400000375000000,2026-08-22T07:00:00.375000,6.548967
1787400000406250000,2026-08-22T07:00:00.406250,5.696332
1787400000437500000,2026-08-22T07:00:00.437500,5.315367
1787400000468750000,2026-08-22T07:00:00.468750,4.916261
1787400000500000000,2026-08-22T07:00:00.500000,4.045484
1787400000531250000,2026-08-22T07:00:00.531250,3.464966
1787400000562500000,2026-08-22T07:00:00.562500,3.337978
1787400000593750000,2026-08-22T07:00:00.593750,2.793742
1787400000625000000,2026-08-22T07:00:00.625000,2.249507
1787400000656250000,2026-08-22T07:00:00.656250,1.632707
1787400000687500000,2026-08-22T07:00:00.687500,0.707506
1787400000718750000,2026-08-22T07:00:00.718750,0.018141
1787400000750000000,2026-08-22T07:00:00.750000,-0.362824
1787400000781250000,2026-08-22T07:00:00.781250,-1.015906
1787400000812500000,2026-08-22T07:00:00.812500,-1.451295
1787400000843750000,2026-08-22T07:00:00.843750,-1.922966
1787400000875000000,2026-08-22T07:00:00.875000,-2.666754
1787400000906250000,2026-08-22T07:00:00.906250,-3.610096
1787400000937500000,2026-08-22T07:00:00.937500,-4.154331
1787400000968750000,2026-08-22T07:00:00.968750,-5.097673
1787400001000000000,2026-08-22T07:00:01,-5.587485
1787400001031250000,2026-08-22T07:00:01.031250,-6.059155
1787400001062500000,2026-08-22T07:00:01.062500,-6.730379
1787400001093750000,2026-08-22T07:00:01.093750,-7.111344
1787400001125000000,2026-08-22T07:00:01.125000,-7.510450
1787400001156250000,2026-08-22T07:00:01.156250,-8.036545
1787400001187500000,2026-08-22T07:00:01.187500,-8.689627
1787400001218750000,2026-08-22T07:00:01.218750,-8.925463
1787400001250000000,2026-08-22T07:00:01.250000,-9.705533
1787400001281250000,2026-08-22T07:00:01.281250,-9.995792
1787400001312500000,2026-08-22T07:00:01.312500,-10.322334
1787400001343750000,2026-08-22T07:00:01.343750,-10.757722
1787400001375000000,2026-08-22T07:00:01.375000,-11.120546
1787400001406250000,2026-08-22T07:00:01.406250,-11.410805
1787400001437500000,2026-08-22T07:00:01.437500,-11.465228
1787400001468750000,2026-08-22T07:00:01.468750,-11.973181
1787400001500000000,2026-08-22T07:00:01.500000,-12.245299
1787400001531250000,2026-08-22T07:00:01.531250,-12.608123
1787400001562500000,2026-08-22T07:00:01.562500,-12.698829
1787400001593750000,2026-08-22T07:00:01.593750,-13.079794
1787400001625000000,2026-08-22T07:00:01.625000,-12.880241
1787400001656250000,2026-08-22T07:00:01.656250,-13.007229
1787400001687500000,2026-08-22T07:00:01.687500,-12.880241
1787400001718750000,2026-08-22T07:00:01.718750,-13.243064
1787400001750000000,2026-08-22T07:00:01.750000,-13.351911
1787400001781250000,2026-08-22T07:00:01.781250,-13.569606
1787400001812500000,2026-08-22T07:00:01.812500,-13.406335
1787400001843750000,2026-08-22T07:00:01.843750,-13.388194
1787400001875000000,2026-08-22T07:00:01.875000,-13.097935
1787400001906250000,2026-08-22T07:00:01.906250,-12.916523
1787400001937500000,2026-08-22T07:00:01.937500,-12.571841
1787400001968750000,2026-08-22T07:00:01.968750,-12.227158
1787400002000000000,2026-08-22T07:00:02,-11.918758
1787400002031250000,2026-08-22T07:00:02.031250,-11.483369
1787400002062500000,2026-08-22T07:00:02.062500,-11.084263
1787400002093750000,2026-08-22T07:00:02.093750,-11.138687
1787400002125000000,2026-08-22T07:00:02.125000,-10.794004
1787400002156250000,2026-08-22T07:00:02.156250,-10.775863
1787400002187500000,2026-08-22T07:00:02.187500,-10.449322
1787400002218750000,2026-08-22T07:00:02.218750,-10.231628
1787400002250000000,2026-08-22T07:00:02.250000,-9.651110
1787400002281250000,2026-08-22T07:00:02.281250,-9.288286
1787400002312500000,2026-08-22T07:00:02.312500,-8.308662
1787400002343750000,2026-08-22T07:00:02.343750,-7.601156
1787400002375000000,2026-08-22T07:00:02.375000,-6.802944
1787400002406250000,2026-08-22T07:00:02.406250,-6.113579
1787400002437500000,2026-08-22T07:00:02.437500,-5.768897
1787400002468750000,2026-08-22T07:00:02.468750,-5.351649
1787400002500000000,2026-08-22T07:00:02.500000,-4.716708
1787400002531250000,2026-08-22T07:00:02.531250,-4.372025
1787400002562500000,2026-08-22T07:00:02.562500,-3.918496
1787400002593750000,2026-08-22T07:00:02.593750,-2.975154
1787400002625000000,2026-08-22T07:00:02.625000,-2.376495
1787400002656250000,2026-08-22T07:00:02.656250,-2.140660
1787400002687500000,2026-08-22T07:00:02.687500,-1.288024
1787400002718750000,2026-08-22T07:00:02.718750,-0.471671
1787400002750000000,2026-08-22T07:00:02.750000,-0.145129
1787400002781250000,2026-08-22T07:00:02.781250,0.562377
1787400002812500000,2026-08-22T07:00:02.812500,1.306165
1787400002843750000,2026-08-22T07:00:02.843750,1.795977
1787400002875000000,2026-08-22T07:00:02.875000,2.267648
1787400002906250000,2026-08-22T07:00:02.906250,3.084001
1787400002937500000,2026-08-22T07:00:02.937500,3.337978
1787400002968750000,2026-08-22T07:00:02.968750,3.972919
1787400003000000000,2026-08-22T07:00:03,4.299461
1787400003031250000,2026-08-22T07:00:03.031250,5.079532
1787400003062500000,2026-08-22T07:00:03.062500,5.551202
1787400003093750000,2026-08-22T07:00:03.093750,6.349414
1787400003125000000,2026-08-22T07:00:03.125000,7.002497
1787400003156250000,2026-08-22T07:00:03.156250,7.492309
1787400003187500000,2026-08-22T07:00:03.187500,7.855133
1787400003218750000,2026-08-22T07:00:03.218750,8.598921
1787400003250000000,2026-08-22T07:00:03.250000,8.943604
1787400003281250000,2026-08-22T07:00:03.281250,8.907321
1787400003312500000,2026-08-22T07:00:03.312500,9.524122
1787400003343750000,2026-08-22T07:00:03.343750,10.013934
1787400003375000000,2026-08-22T07:00:03.375000,10.304193
1787400003406250000,2026-08-22T07:00:03.406250,10.884710
1787400003437500000,2026-08-22T07:00:03.437500,11.374522
1787400003468750000,2026-08-22T07:00:03.468750,11.682922
1787400003500000000,2026-08-22T07:00:03.500000,11.719205
1787400003531250000,2026-08-22T07:00:03.531250,11.864334
1787400003562500000,2026-08-22T07:00:03.562500,12.009464
1787400003593750000,2026-08-22T07:00:03.593750,12.626264
1787400003625000000,2026-08-22T07:00:03.625000,12.644405
1787400003656250000,2026-08-22T07:00:03.656250,12.753252
1787400003687500000,2026-08-22T07:00:03.687500,12.916523
1787400003718750000,2026-08-22T07:00:03.718750,12.789535
1787400003750000000,2026-08-22T07:00:03.750000,12.317864
1787400003781250000,2026-08-22T07:00:03.781250,12.372287
1787400003812500000,2026-08-22T07:00:03.812500,12.735111
1787400003843750000,2026-08-22T07:00:03.843750,12.807676
1787400003875000000,2026-08-22T07:00:03.875000,13.043511
1787400003906250000,2026-08-22T07:00:03.906250,13.333770
1787400003937500000,2026-08-22T07:00:03.937500,13.533323
1787400003968750000,2026-08-22T07:00:03.968750,13.442617
1787400004000000000,2026-08-22T07:00:04,13.351911
1787400004031250000,2026-08-22T07:00:04.031250,13.478900
1787400004062500000,2026-08-22T07:00:04.062500,13.460759
1787400004093750000,2026-08-22T07:00:04.093750,13.533323
1787400004125000000,2026-08-22T07:00:04.125000,13.297488
1787400004156250000,2026-08-22T07:00:04.156250,13.315629
1787400004187500000,2026-08-22T07:00:04.187500,13.370053
1787400004218750000,2026-08-22T07:00:04.218750,13.297488
1787400004250000000,2026-08-22T07:00:04.250000,13.097935
1787400004281250000,2026-08-22T07:00:04.281250,13.224923
1787400004312500000,2026-08-22T07:00:04.312500,13.551464
1787400004343750000,2026-08-22T07:00:04.343750,13.206782
1787400004375000000,2026-08-22T07:00:04.375000,13.424476
1787400004406250000,2026-08-22T07:00:04.406250,13.569606
1787400004437500000,2026-08-22T07:00:04.437500,13.460759
1787400004468750000,2026-08-22T07:00:04.468750,13.188641
1787400004500000000,2026-08-22T07:00:04.500000,13.025370
1787400004531250000,2026-08-22T07:00:04.531250,12.789535
1787400004562500000,2026-08-22T07:00:04.562500,12.916523
1787400004593750000,2026-08-22T07:00:04.593750,13.007229
1787400004625000000,2026-08-22T07:00:04.625000,12.735111
1787400004656250000,2026-08-22T07:00:04.656250,12.662546
1787400004687500000,2026-08-22T07:00:04.687500,12.771394
1787400004718750000,2026-08-22T07:00:04.718750,12.644405
1787400004750000000,2026-08-22T07:00:04.750000,12.608123
1787400004781250000,2026-08-22T07:00:04.781250,12.589982
1787400004812500000,2026-08-22T07:00:04.812500,12.626264
1787400004843750000,2026-08-22T07:00:04.843750,12.517417
1787400004875000000,2026-08-22T07:00:04.875000,12.444852
1787400004906250000,2026-08-22T07:00:04.906250,12.227158
1787400004937500000,2026-08-22T07:00:04.937500,12.027605
1787400004968750000,2026-08-22T07:00:04.968750,11.955040
1787400005000000000,2026-08-22T07:00:05,11.610358
1787400005031250000,2026-08-22T07:00:05.031250,11.320099
1787400005062500000,2026-08-22T07:00:05.062500,10.957275
1787400005093750000,2026-08-22T07:00:05.093750,10.920993
1787400005125000000,2026-08-22T07:00:05.125000,10.358616
1787400005156250000,2026-08-22T07:00:05.156250,9.868804
1787400005187500000,2026-08-22T07:00:05.187500,9.397133
1787400005218750000,2026-08-22T07:00:05.218750,9.034310
1787400005250000000,2026-08-22T07:00:05.250000,8.326803
1787400005281250000,2026-08-22T07:00:05.281250,8.054686
1787400005312500000,2026-08-22T07:00:05.312500,7.818850
1787400005343750000,2026-08-22T07:00:05.343750,7.220191
1787400005375000000,2026-08-22T07:00:05.375000,6.857368
1787400005406250000,2026-08-22T07:00:05.406250,6.875509
1787400005437500000,2026-08-22T07:00:05.437500,6.313132
1787400005468750000,2026-08-22T07:00:05.468750,5.696332
1787400005500000000,2026-08-22T07:00:05.500000,5.188379
1787400005531250000,2026-08-22T07:00:05.531250,4.771131
1787400005562500000,2026-08-22T07:00:05.562500,4.081766
1787400005593750000,2026-08-22T07:00:05.593750,3.791507
1787400005625000000,2026-08-22T07:00:05.625000,3.265413
1787400005656250000,2026-08-22T07:00:05.656250,2.793742
1787400005687500000,2026-08-22T07:00:05.687500,2.231366
1787400005718750000,2026-08-22T07:00:05.718750,1.632707
1787400005750000000,2026-08-22T07:00:05.750000,0.888918
1787400005781250000,2026-08-22T07:00:05.781250,0.362824
1787400005812500000,2026-08-22T07:00:05.812500,-0.253977
1787400005843750000,2026-08-22T07:00:05.843750,-1.070330
1787400005875000000,2026-08-22T07:00:05.875000,-1.904824
1787400005906250000,2026-08-22T07:00:05.906250,-2.503483
1787400005937500000,2026-08-22T07:00:05.937500,-3.192848
1787400005968750000,2026-08-22T07:00:05.968750,-3.972919
1787400006000000000,2026-08-22T07:00:06,-4.571578
1787400006031250000,2026-08-22T07:00:06.031250,-5.315367
1787400006062500000,2026-08-22T07:00:06.062500,-5.914026
1787400006093750000,2026-08-22T07:00:06.093750,-6.530826
1787400006125000000,2026-08-22T07:00:06.125000,-6.929932
1787400006156250000,2026-08-22T07:00:06.156250,-7.637438
1787400006187500000,2026-08-22T07:00:06.187500,-8.018403
1787443200093750000,2026-08-22T19:00:00.093750,-4.471802
1787443200125000000,2026-08-22T19:00:00.125000,-3.691731
1787443200156250000,2026-08-22T19:00:00.156250,-3.183778
1787443200187500000,2026-08-22T19:00:00.187500,-2.748389
1787443200218750000,2026-08-22T19:00:00.218750,-1.913895
1787443200250000000,2026-08-22T19:00:00.250000,-1.659918
1787443200281250000,2026-08-22T19:00:00.281250,-1.079400
1787443200312500000,2026-08-22T19:00:00.312500,-0.535165
1787443200343750000,2026-08-22T19:00:00.343750,0.263047
1787443200375000000,2026-08-22T19:00:00.375000,0.480741
1787443200406250000,2026-08-22T19:00:00.406250,1.206389
1787443200437500000,2026-08-22T19:00:00.437500,1.369659
1787443200468750000,2026-08-22T19:00:00.468750,1.877613
1787443200500000000,2026-08-22T19:00:00.500000,2.077166
1787443200531250000,2026-08-22T19:00:00.531250,3.074931
1787443200562500000,2026-08-22T19:00:00.562500,4.000131
1787443200593750000,2026-08-22T19:00:00.593750,4.979755
1787443200625000000,2026-08-22T19:00:00.625000,5.523991
1787443200656250000,2026-08-22T19:00:00.656250,6.431050
1787443200687500000,2026-08-22T19:00:00.687500,6.576179
1787443200718750000,2026-08-22T19:00:00.718750,6.866438
1787443200750000000,2026-08-22T19:00:00.750000,7.319968
1787443200781250000,2026-08-22T19:00:00.781250,7.827921
1787443200812500000,2026-08-22T19:00:00.812500,8.081897
1787443200843750000,2026-08-22T19:00:00.843750,8.807545
1787443200875000000,2026-08-22T19:00:00.875000,9.188510
1787443200906250000,2026-08-22T19:00:00.906250,9.369922
1787443200937500000,2026-08-22T19:00:00.937500,9.696463
1787443200968750000,2026-08-22T19:00:00.968750,10.258840
1787443201000000000,2026-08-22T19:00:01,10.476534
1787443201031250000,2026-08-22T19:00:01.031250,10.966346
1787443201062500000,2026-08-22T19:00:01.062500,11.383593
1787443201093750000,2026-08-22T19:00:01.093750,11.691993
1787443201125000000,2026-08-22T19:00:01.125000,11.456158
1787443201156250000,2026-08-22T19:00:01.156250,11.492440
1787443201187500000,2026-08-22T19:00:01.187500,11.619428
1787443201218750000,2026-08-22T19:00:01.218750,11.746417
1787443201250000000,2026-08-22T19:00:01.250000,11.673852
1787443201281250000,2026-08-22T19:00:01.281250,12.036676
1787443201312500000,2026-08-22T19:00:01.312500,12.272511
1787443201343750000,2026-08-22T19:00:01.343750,12.526488
1787443201375000000,2026-08-22T19:00:01.375000,12.762323
1787443201406250000,2026-08-22T19:00:01.406250,12.998158
1787443201437500000,2026-08-22T19:00:01.437500,13.088864
1787443201468750000,2026-08-22T19:00:01.468750,13.233994
1787443201500000000,2026-08-22T19:00:01.500000,12.834888
1787443201531250000,2026-08-22T19:00:01.531250,12.798605
1787443201562500000,2026-08-22T19:00:01.562500,12.780464
1787443201593750000,2026-08-22T19:00:01.593750,12.762323
1787443201625000000,2026-08-22T19:00:01.625000,12.907452
1787443201656250000,2026-08-22T19:00:01.656250,13.052582
1787443201687500000,2026-08-22T19:00:01.687500,12.907452
1787443201718750000,2026-08-22T19:00:01.718750,12.998158
1787443201750000000,2026-08-22T19:00:01.750000,13.197711
1787443201781250000,2026-08-22T19:00:01.781250,12.907452
1787443201812500000,2026-08-22T19:00:01.812500,13.016300
1787443201843750000,2026-08-22T19:00:01.843750,13.143288
1787443201875000000,2026-08-22T19:00:01.875000,13.197711
1787443201906250000,2026-08-22T19:00:01.906250,13.125147
1787443201937500000,2026-08-22T19:00:01.937500,12.998158
1787443201968750000,2026-08-22T19:00:01.968750,12.925594
1787443202000000000,2026-08-22T19:00:02,12.816746
1787443202031250000,2026-08-22T19:00:02.031250,12.653476
1787443202062500000,2026-08-22T19:00:02.062500,12.490205
1787443202093750000,2026-08-22T19:00:02.093750,12.417640
1787443202125000000,2026-08-22T19:00:02.125000,12.490205
1787443202156250000,2026-08-22T19:00:02.156250,12.472064
1787443202187500000,2026-08-22T19:00:02.187500,12.508346
1787443202218750000,2026-08-22T19:00:02.218750,12.254370
1787443202250000000,2026-08-22T19:00:02.250000,12.199946
1787443202281250000,2026-08-22T19:00:02.281250,11.891546
1787443202312500000,2026-08-22T19:00:02.312500,11.855264
1787443202343750000,2026-08-22T19:00:02.343750,11.546864
1787443202375000000,2026-08-22T19:00:02.375000,11.528722
1787443202406250000,2026-08-22T19:00:02.406250,11.528722
1787443202437500000,2026-08-22T19:00:02.437500,11.365452
1787443202468750000,2026-08-22T19:00:02.468750,11.075193
1787443202500000000,2026-08-22T19:00:02.500000,11.093334
1787443202531250000,2026-08-22T19:00:02.531250,10.930063
1787443202562500000,2026-08-22T19:00:02.562500,10.621663
1787443202593750000,2026-08-22T19:00:02.593750,10.476534
1787443202625000000,2026-08-22T19:00:02.625000,10.422110
1787443202656250000,2026-08-22T19:00:02.656250,10.131851
1787443202687500000,2026-08-22T19:00:02.687500,9.623898
1787443202718750000,2026-08-22T19:00:02.718750,9.315498
1787443202750000000,2026-08-22T19:00:02.750000,8.934533
1787443202781250000,2026-08-22T19:00:02.781250,8.444721
1787443202812500000,2026-08-22T19:00:02.812500,7.700933
1787443202843750000,2026-08-22T19:00:02.843750,7.719074
1787443202875000000,2026-08-22T19:00:02.875000,7.356250
1787443202906250000,2026-08-22T19:00:02.906250,7.102274
1787443202937500000,2026-08-22T19:00:02.937500,6.630603
1787443202968750000,2026-08-22T19:00:02.968750,6.558038
1787443203000000000,2026-08-22T19:00:03,5.850532
1787443203031250000,2026-08-22T19:00:03.031250,5.378861
1787443203062500000,2026-08-22T19:00:03.062500,4.653214
1787443203093750000,2026-08-22T19:00:03.093750,4.217825
1787443203125000000,2026-08-22T19:00:03.125000,3.782437
1787443203156250000,2026-08-22T19:00:03.156250,3.437754
1787443203187500000,2026-08-22T19:00:03.187500,2.893519
1787443203218750000,2026-08-22T19:00:03.218750,2.603260
1787443203250000000,2026-08-22T19:00:03.250000,2.113448
1787443203281250000,2026-08-22T19:00:03.281250,1.405942
1787443203312500000,2026-08-22T19:00:03.312500,0.698436
1787443203343750000,2026-08-22T19:00:03.343750,0.027212
1787443203375000000,2026-08-22T19:00:03.375000,-0.553306
1787443203406250000,2026-08-22T19:00:03.406250,-1.442224
1787443203437500000,2026-08-22T19:00:03.437500,-2.004601
1787443203468750000,2026-08-22T19:00:03.468750,-2.530695
1787443203500000000,2026-08-22T19:00:03.500000,-3.165637
1787443203531250000,2026-08-22T19:00:03.531250,-3.782437
1787443203562500000,2026-08-22T19:00:03.562500,-4.417378
1787443203593750000,2026-08-22T19:00:03.593750,-5.052320
1787443203625000000,2026-08-22T19:00:03.625000,-5.923097
1787443203656250000,2026-08-22T19:00:03.656250,-6.485473
1787443203687500000,2026-08-22T19:00:03.687500,-6.920862
1787443203718750000,2026-08-22T19:00:03.718750,-7.120415
1787443203750000000,2026-08-22T19:00:03.750000,-7.555803
1787443203781250000,2026-08-22T19:00:03.781250,-8.009333
1787443203812500000,2026-08-22T19:00:03.812500,-8.662415
1787443203843750000,2026-08-22T19:00:03.843750,-9.442486
1787443203875000000,2026-08-22T19:00:03.875000,-9.896016
1787443203906250000,2026-08-22T19:00:03.906250,-10.331404
1787443203937500000,2026-08-22T19:00:03.937500,-10.385828
1787443203968750000,2026-08-22T19:00:03.968750,-10.331404
1787443204000000000,2026-08-22T19:00:04,-10.603522
1787443204031250000,2026-08-22T19:00:04.031250,-11.220322
1787443204062500000,2026-08-22T19:00:04.062500,-11.492440
1787443204093750000,2026-08-22T19:00:04.093750,-11.891546
1787443204125000000,2026-08-22T19:00:04.125000,-12.326935
1787443204156250000,2026-08-22T19:00:04.156250,-12.635335
1787443204187500000,2026-08-22T19:00:04.187500,-12.816746
1787443204218750000,2026-08-22T19:00:04.218750,-12.980017
1787443204250000000,2026-08-22T19:00:04.250000,-13.088864
1787443204281250000,2026-08-22T19:00:04.281250,-13.233994
1787443204312500000,2026-08-22T19:00:04.312500,-12.780464
1787443204343750000,2026-08-22T19:00:04.343750,-12.635335
1787443204375000000,2026-08-22T19:00:04.375000,-12.635335
1787443204406250000,2026-08-22T19:00:04.406250,-12.617193
1787443204437500000,2026-08-22T19:00:04.437500,-12.254370
1787443204468750000,2026-08-22T19:00:04.468750,-12.599052
1787443204500000000,2026-08-22T19:00:04.500000,-12.290652
1787443204531250000,2026-08-22T19:00:04.531250,-12.127382
1787443204562500000,2026-08-22T19:00:04.562500,-12.109240
1787443204593750000,2026-08-22T19:00:04.593750,-12.000393
1787443204625000000,2026-08-22T19:00:04.625000,-11.764558
1787443204656250000,2026-08-22T19:00:04.656250,-11.456158
1787443204687500000,2026-08-22T19:00:04.687500,-11.202181
1787443204718750000,2026-08-22T19:00:04.718750,-10.748652
1787443204750000000,2026-08-22T19:00:04.750000,-10.694228
1787443204781250000,2026-08-22T19:00:04.781250,-10.512816
1787443204812500000,2026-08-22T19:00:04.812500,-10.240698
1787443204843750000,2026-08-22T19:00:04.843750,-9.968581
1787443204875000000,2026-08-22T19:00:04.875000,-9.605757
1787443204906250000,2026-08-22T19:00:04.906250,-9.025239
1787443204937500000,2026-08-22T19:00:04.937500,-8.372156
1787443204968750000,2026-08-22T19:00:04.968750,-7.936768
1787443205000000000,2026-08-22T19:00:05,-7.356250
1787443205031250000,2026-08-22T19:00:05.031250,-6.630603
1787443205062500000,2026-08-22T19:00:05.062500,-5.941238
1787443205093750000,2026-08-22T19:00:05.093750,-5.324438
1787443205125000000,2026-08-22T19:00:05.125000,-4.653214
1787443205156250000,2026-08-22T19:00:05.156250,-3.891284
1787443205187500000,2026-08-22T19:00:05.187500,-3.655449
1787443205218750000,2026-08-22T19:00:05.218750,-3.274484
1787443205250000000,2026-08-22T19:00:05.250000,-2.839095
1787443205281250000,2026-08-22T19:00:05.281250,-2.349283
1787443205312500000,2026-08-22T19:00:05.312500,-2.004601
1787443205343750000,2026-08-22T19:00:05.343750,-1.369659
1787443205375000000,2026-08-22T19:00:05.375000,-0.789142
1787443205406250000,2026-08-22T19:00:05.406250,0.099777
1787443205437500000,2026-08-22T19:00:05.437500,0.680294
1787443205468750000,2026-08-22T19:00:05.468750,1.351518
1787443205500000000,2026-08-22T19:00:05.500000,1.986460
1787443205531250000,2026-08-22T19:00:05.531250,2.893519
1787443205562500000,2026-08-22T19:00:05.562500,3.383331
1787443205593750000,2026-08-22T19:00:05.593750,3.891284
1787443205625000000,2026-08-22T19:00:05.625000,4.471802
1787443205656250000,2026-08-22T19:00:05.656250,5.161167
1787443205687500000,2026-08-22T19:00:05.687500,5.705402
1787443205718750000,2026-08-22T19:00:05.718750,6.394767
1787443205750000000,2026-08-22T19:00:05.750000,6.920862
1787443205781250000,2026-08-22T19:00:05.781250,7.247403
1787443205812500000,2026-08-22T19:00:05.812500,7.918627
1787443205843750000,2026-08-22T19:00:05.843750,8.081897
1787443205875000000,2026-08-22T19:00:05.875000,8.499145
1787443205906250000,2026-08-22T19:00:05.906250,9.170369
1787443205937500000,2026-08-22T19:00:05.937500,9.750886
1787443205968750000,2026-08-22T19:00:05.968750,9.859734
1787443206000000000,2026-08-22T19:00:06,10.113710
1787443206031250000,2026-08-22T19:00:06.031250,10.458393
1787443206062500000,2026-08-22T19:00:06.062500,10.730510
1787443206093750000,2026-08-22T19:00:06.093750,10.966346
1787443206125000000,2026-08-22T19:00:06.125000,11.129616
1787443206156250000,2026-08-22T19:00:06.156250,11.619428
1787443206187500000,2026-08-22T19:00:06.187500,11.691993
1787486400093750000,2026-08-23T07:00:00.093750,10.803075
1787486400125000000,2026-08-23T07:00:00.125000,10.639804
1787486400156250000,2026-08-23T07:00:00.156250,10.331404
1787486400187500000,2026-08-23T07:00:00.187500,10.385828
1787486400218750000,2026-08-23T07:00:00.218750,9.932298
1787486400250000000,2026-08-23T07:00:00.250000,9.714604
1787486400281250000,2026-08-23T07:00:00.281250,9.424345
1787486400312500000,2026-08-23T07:00:00.312500,9.242933
1787486400343750000,2026-08-23T07:00:00.343750,8.952674
1787486400375000000,2026-08-23T07:00:00.375000,8.789404
1787486400406250000,2026-08-23T07:00:00.406250,8.517286
1787486400437500000,2026-08-23T07:00:00.437500,8.208886
1787486400468750000,2026-08-23T07:00:00.468750,7.827921
1787486400500000000,2026-08-23T07:00:00.500000,7.428815
1787486400531250000,2026-08-23T07:00:00.531250,6.594320
1787486400562500000,2026-08-23T07:00:00.562500,6.104508
1787486400593750000,2026-08-23T07:00:00.593750,5.596555
1787486400625000000,2026-08-23T07:00:00.625000,5.233732
1787486400656250000,2026-08-23T07:00:00.656250,4.707637
1787486400687500000,2026-08-23T07:00:00.687500,4.344814
1787486400718750000,2026-08-23T07:00:00.718750,3.891284
1787486400750000000,2026-08-23T07:00:00.750000,3.347048
1787486400781250000,2026-08-23T07:00:00.781250,2.421848
1787486400812500000,2026-08-23T07:00:00.812500,2.004601
1787486400843750000,2026-08-23T07:00:00.843750,1.605495
1787486400875000000,2026-08-23T07:00:00.875000,1.061259
1787486400906250000,2026-08-23T07:00:00.906250,0.281188
1787486400937500000,2026-08-23T07:00:00.937500,0.063494
1787486400968750000,2026-08-23T07:00:00.968750,-0.825424
1787486401000000000,2026-08-23T07:00:01,-1.587354
1787486401031250000,2026-08-23T07:00:01.031250,-2.349283
1787486401062500000,2026-08-23T07:00:01.062500,-3.165637
1787486401093750000,2026-08-23T07:00:01.093750,-3.691731
1787486401125000000,2026-08-23T07:00:01.125000,-4.344814
1787486401156250000,2026-08-23T07:00:01.156250,-5.143026
1787486401187500000,2026-08-23T07:00:01.187500,-5.868673
1787486401218750000,2026-08-23T07:00:01.218750,-6.013802
1787486401250000000,2026-08-23T07:00:01.250000,-6.993426
1787486401281250000,2026-08-23T07:00:01.281250,-7.410674
1787486401312500000,2026-08-23T07:00:01.312500,-7.791639
1787486401343750000,2026-08-23T07:00:01.343750,-8.335874
1787486401375000000,2026-08-23T07:00:01.375000,-8.789404
1787486401406250000,2026-08-23T07:00:01.406250,-8.880110
1787486401437500000,2026-08-23T07:00:01.437500,-9.460627
1787486401468750000,2026-08-23T07:00:01.468750,-10.077428
1787486401500000000,2026-08-23T07:00:01.500000,-10.222557
1787486401531250000,2026-08-23T07:00:01.531250,-10.676087
1787486401562500000,2026-08-23T07:00:01.562500,-11.274746
1787486401593750000,2026-08-23T07:00:01.593750,-11.691993
1787486401625000000,2026-08-23T07:00:01.625000,-11.818981
1787486401656250000,2026-08-23T07:00:01.656250,-12.363217
1787486401687500000,2026-08-23T07:00:01.687500,-12.943735
1787486401718750000,2026-08-23T07:00:01.718750,-12.853029
1787486401750000000,2026-08-23T07:00:01.750000,-12.544629
1787486401781250000,2026-08-23T07:00:01.781250,-12.780464
1787486401812500000,2026-08-23T07:00:01.812500,-12.871170
1787486401843750000,2026-08-23T07:00:01.843750,-12.635335
1787486401875000000,2026-08-23T07:00:01.875000,-12.889311
1787486401906250000,2026-08-23T07:00:01.906250,-13.034441
1787486401937500000,2026-08-23T07:00:01.937500,-12.816746
1787486401968750000,2026-08-23T07:00:01.968750,-12.617193
1787486402000000000,2026-08-23T07:00:02,-12.490205
1787486402031250000,2026-08-23T07:00:02.031250,-12.998158
1787486402062500000,2026-08-23T07:00:02.062500,-13.215853
1787486402093750000,2026-08-23T07:00:02.093750,-13.125147
1787486402125000000,2026-08-23T07:00:02.125000,-12.980017
1787486402156250000,2026-08-23T07:00:02.156250,-13.088864
1787486402187500000,2026-08-23T07:00:02.187500,-12.381358
1787486402218750000,2026-08-23T07:00:02.218750,-11.909687
1787486402250000000,2026-08-23T07:00:02.250000,-11.619428
1787486402281250000,2026-08-23T07:00:02.281250,-11.238463
1787486402312500000,2026-08-23T07:00:02.312500,-10.784934
1787486402343750000,2026-08-23T07:00:02.343750,-10.313263
1787486402375000000,2026-08-23T07:00:02.375000,-10.004863
1787486402406250000,2026-08-23T07:00:02.406250,-9.823451
1787486402437500000,2026-08-23T07:00:02.437500,-9.297357
1787486402468750000,2026-08-23T07:00:02.468750,-8.716839
1787486402500000000,2026-08-23T07:00:02.500000,-8.607992
1787486402531250000,2026-08-23T07:00:02.531250,-8.063756
1787486402562500000,2026-08-23T07:00:02.562500,-7.827921
1787486402593750000,2026-08-23T07:00:02.593750,-7.410674
1787486402625000000,2026-08-23T07:00:02.625000,-7.192979
1787486402656250000,2026-08-23T07:00:02.656250,-6.630603
1787486402687500000,2026-08-23T07:00:02.687500,-5.923097
1787486402718750000,2026-08-23T07:00:02.718750,-4.979755
1787486402750000000,2026-08-23T07:00:02.750000,-4.743920
1787486402781250000,2026-08-23T07:00:02.781250,-4.000131
1787486402812500000,2026-08-23T07:00:02.812500,-3.328907
1787486402843750000,2026-08-23T07:00:02.843750,-2.875378
1787486402875000000,2026-08-23T07:00:02.875000,-2.585119
1787486402906250000,2026-08-23T07:00:02.906250,-1.732483
1787486402937500000,2026-08-23T07:00:02.937500,-1.351518
1787486402968750000,2026-08-23T07:00:02.968750,-0.771000
1787486403000000000,2026-08-23T07:00:03,-0.390035
1787486403031250000,2026-08-23T07:00:03.031250,0.843565
1787486403062500000,2026-08-23T07:00:03.062500,1.442224
1787486403093750000,2026-08-23T07:00:03.093750,2.548836
1787486403125000000,2026-08-23T07:00:03.125000,3.165637
1787486403156250000,2026-08-23T07:00:03.156250,3.945708
1787486403187500000,2026-08-23T07:00:03.187500,4.362955
1787486403218750000,2026-08-23T07:00:03.218750,4.816484
1787486403250000000,2026-08-23T07:00:03.250000,5.124884
1787486403281250000,2026-08-23T07:00:03.281250,5.705402
1787486403312500000,2026-08-23T07:00:03.312500,6.195214
1787486403343750000,2026-08-23T07:00:03.343750,6.467332
1787486403375000000,2026-08-23T07:00:03.375000,7.084132
1787486403406250000,2026-08-23T07:00:03.406250,7.592086
1787486403437500000,2026-08-23T07:00:03.437500,8.100039
1787486403468750000,2026-08-23T07:00:03.468750,8.535427
1787486403500000000,2026-08-23T07:00:03.500000,9.097804
1787486403531250000,2026-08-23T07:00:03.531250,9.369922
1787486403562500000,2026-08-23T07:00:03.562500,9.805310
1787486403593750000,2026-08-23T07:00:03.593750,10.204416
1787486403625000000,2026-08-23T07:00:03.625000,10.549098
1787486403656250000,2026-08-23T07:00:03.656250,10.494675
1787486403687500000,2026-08-23T07:00:03.687500,10.803075
1787486403718750000,2026-08-23T07:00:03.718750,10.984487
1787486403750000000,2026-08-23T07:00:03.750000,10.893781
1787486403781250000,2026-08-23T07:00:03.781250,10.857499
1787486403812500000,2026-08-23T07:00:03.812500,11.292887
1787486403843750000,2026-08-23T07:00:03.843750,11.256605
1787486403875000000,2026-08-23T07:00:03.875000,11.329169
1787486403906250000,2026-08-23T07:00:03.906250,11.565005
1787486403937500000,2026-08-23T07:00:03.937500,11.818981
1787486403968750000,2026-08-23T07:00:03.968750,11.945970
1787486404000000000,2026-08-23T07:00:04,12.236229
1787486404031250000,2026-08-23T07:00:04.031250,12.453923
1787486404062500000,2026-08-23T07:00:04.062500,12.780464
1787486404093750000,2026-08-23T07:00:04.093750,12.834888
1787486404125000000,2026-08-23T07:00:04.125000,13.016300
1787486404156250000,2026-08-23T07:00:04.156250,13.215853
1787486404187500000,2026-08-23T07:00:04.187500,12.925594
1787486404218750000,2026-08-23T07:00:04.218750,12.490205
1787486404250000000,2026-08-23T07:00:04.250000,12.526488
1787486404281250000,2026-08-23T07:00:04.281250,12.218087
1787486404312500000,2026-08-23T07:00:04.312500,12.036676
1787486404343750000,2026-08-23T07:00:04.343750,12.072958
1787486404375000000,2026-08-23T07:00:04.375000,12.326935
1787486404406250000,2026-08-23T07:00:04.406250,12.562770
1787486404437500000,2026-08-23T07:00:04.437500,12.925594
1787486404468750000,2026-08-23T07:00:04.468750,12.726041
1787486404500000000,2026-08-23T07:00:04.500000,12.889311
1787486404531250000,2026-08-23T07:00:04.531250,12.871170
1787486404562500000,2026-08-23T07:00:04.562500,12.580911
1787486404593750000,2026-08-23T07:00:04.593750,12.326935
1787486404625000000,2026-08-23T07:00:04.625000,12.617193
1787486404656250000,2026-08-23T07:00:04.656250,12.580911
1787486404687500000,2026-08-23T07:00:04.687500,12.363217
1787486404718750000,2026-08-23T07:00:04.718750,12.508346
1787486404750000000,2026-08-23T07:00:04.750000,12.399499
1787486404781250000,2026-08-23T07:00:04.781250,11.855264
1787486404812500000,2026-08-23T07:00:04.812500,11.873405
1787486404843750000,2026-08-23T07:00:04.843750,12.018534
1787486404875000000,2026-08-23T07:00:04.875000,11.655711
1787486404906250000,2026-08-23T07:00:04.906250,11.746417
1787486404937500000,2026-08-23T07:00:04.937500,12.145523
1787486404968750000,2026-08-23T07:00:04.968750,11.800840
1787486405000000000,2026-08-23T07:00:05,11.601287
1787486405031250000,2026-08-23T07:00:05.031250,11.637570
1787486405062500000,2026-08-23T07:00:05.062500,11.601287
1787486405093750000,2026-08-23T07:00:05.093750,11.419875
1787486405125000000,2026-08-23T07:00:05.125000,11.274746
1787486405156250000,2026-08-23T07:00:05.156250,11.456158
1787486405187500000,2026-08-23T07:00:05.187500,11.093334
1787486405218750000,2026-08-23T07:00:05.218750,10.712369
1787486405250000000,2026-08-23T07:00:05.250000,9.986722
1787486405281250000,2026-08-23T07:00:05.281250,9.932298
1787486405312500000,2026-08-23T07:00:05.312500,9.206651
1787486405343750000,2026-08-23T07:00:05.343750,8.861968
1787486405375000000,2026-08-23T07:00:05.375000,8.245168
1787486405406250000,2026-08-23T07:00:05.406250,8.100039
1787486405437500000,2026-08-23T07:00:05.437500,7.446956
1787486405468750000,2026-08-23T07:00:05.468750,7.428815
1787486405500000000,2026-08-23T07:00:05.500000,7.047850
1787486405531250000,2026-08-23T07:00:05.531250,6.902721
1787486405562500000,2026-08-23T07:00:05.562500,6.449191
1787486405593750000,2026-08-23T07:00:05.593750,6.104508
1787486405625000000,2026-08-23T07:00:05.625000,5.342579
1787486405656250000,2026-08-23T07:00:05.656250,4.889049
1787486405687500000,2026-08-23T07:00:05.687500,4.381096
1787486405718750000,2026-08-23T07:00:05.718750,3.927566
1787486405750000000,2026-08-23T07:00:05.750000,3.292625
1787486405781250000,2026-08-23T07:00:05.781250,2.911660
1787486405812500000,2026-08-23T07:00:05.812500,2.186013
1787486405843750000,2026-08-23T07:00:05.843750,1.551071
1787486405875000000,2026-08-23T07:00:05.875000,1.224530
1787486405906250000,2026-08-23T07:00:05.906250,0.988695
1787486405937500000,2026-08-23T07:00:05.937500,0.353753
1787486405968750000,2026-08-23T07:00:05.968750,-0.099777
1787486406000000000,2026-08-23T07:00:06,-0.680294
1787486406031250000,2026-08-23T07:00:06.031250,-1.478506
1787486406062500000,2026-08-23T07:00:06.062500,-2.167871
1787486406093750000,2026-08-23T07:00:06.093750,-2.875378
1787486406125000000,2026-08-23T07:00:06.125000,-3.492178
1787486406156250000,2026-08-23T07:00:06.156250,-4.362955
1787486406187500000,2026-08-23T07:00:06.187500,-4.834626
1787529600093750000,2026-08-23T19:00:00.093750,-8.617062
1787529600125000000,2026-08-23T19:00:00.125000,-8.580780
1787529600156250000,2026-08-23T19:00:00.156250,-7.945839
1787529600187500000,2026-08-23T19:00:00.187500,-7.220191
1787529600218750000,2026-08-23T19:00:00.218750,-6.893650
1787529600250000000,2026-08-23T19:00:00.250000,-6.476403
1787529600281250000,2026-08-23T19:00:00.281250,-5.932167
1787529600312500000,2026-08-23T19:00:00.312500,-5.768897
1787529600343750000,2026-08-23T19:00:00.343750,-5.297226
1787529600375000000,2026-08-23T19:00:00.375000,-4.626002
1787529600406250000,2026-08-23T19:00:00.406250,-3.827790
1787529600437500000,2026-08-23T19:00:00.437500,-2.938872
1787529600468750000,2026-08-23T19:00:00.468750,-2.158801
1787529600500000000,2026-08-23T19:00:00.500000,-1.614565
1787529600531250000,2026-08-23T19:00:00.531250,-0.925200
1787529600562500000,2026-08-23T19:00:00.562500,-0.507953
1787529600593750000,2026-08-23T19:00:00.593750,-0.090706
1787529600625000000,2026-08-23T19:00:00.625000,0.453530
1787529600656250000,2026-08-23T19:00:00.656250,0.907059
1787529600687500000,2026-08-23T19:00:00.687500,1.360589
1787529600718750000,2026-08-23T19:00:00.718750,2.267648
1787529600750000000,2026-08-23T19:00:00.750000,2.902589
1787529600781250000,2026-08-23T19:00:00.781250,3.610096
1787529600812500000,2026-08-23T19:00:00.812500,4.517155
1787529600843750000,2026-08-23T19:00:00.843750,4.988826
1787529600875000000,2026-08-23T19:00:00.875000,5.006967
1787529600906250000,2026-08-23T19:00:00.906250,5.333508
1787529600937500000,2026-08-23T19:00:00.937500,5.805179
1787529600968750000,2026-08-23T19:00:00.968750,6.186144
1787529601000000000,2026-08-23T19:00:01,6.821085
1787529601031250000,2026-08-23T19:00:01.031250,7.564874
1787529601062500000,2026-08-23T19:00:01.062500,8.090968
1787529601093750000,2026-08-23T19:00:01.093750,8.381227
1787529601125000000,2026-08-23T19:00:01.125000,8.526356
1787529601156250000,2026-08-23T19:00:01.156250,8.925463
1787529601187500000,2026-08-23T19:00:01.187500,9.560404
1787529601218750000,2026-08-23T19:00:01.218750,10.050216
1787529601250000000,2026-08-23T19:00:01.250000,10.376757
1787529601281250000,2026-08-23T19:00:01.281250,10.757722
1787529601312500000,2026-08-23T19:00:01.312500,11.011699
1787529601343750000,2026-08-23T19:00:01.343750,11.193111
1787529601375000000,2026-08-23T19:00:01.375000,11.447087
1787529601406250000,2026-08-23T19:00:01.406250,12.009464
1787529601437500000,2026-08-23T19:00:01.437500,12.571841
1787529601468750000,2026-08-23T19:00:01.468750,12.680688
1787529601500000000,2026-08-23T19:00:01.500000,12.698829
1787529601531250000,2026-08-23T19:00:01.531250,12.771394
1787529601562500000,2026-08-23T19:00:01.562500,12.444852
1787529601593750000,2026-08-23T19:00:01.593750,12.190876
1787529601625000000,2026-08-23T19:00:01.625000,12.372287
1787529601656250000,2026-08-23T19:00:01.656250,12.535558
1787529601687500000,2026-08-23T19:00:01.687500,12.716970
1787529601718750000,2026-08-23T19:00:01.718750,12.970947
1787529601750000000,2026-08-23T19:00:01.750000,13.188641
1787529601781250000,2026-08-23T19:00:01.781250,13.370053
1787529601812500000,2026-08-23T19:00:01.812500,13.079794
1787529601843750000,2026-08-23T19:00:01.843750,12.825817
1787529601875000000,2026-08-23T19:00:01.875000,12.934664
1787529601906250000,2026-08-23T19:00:01.906250,12.989088
1787529601937500000,2026-08-23T19:00:01.937500,12.735111
1787529601968750000,2026-08-23T19:00:01.968750,12.789535
1787529602000000000,2026-08-23T19:00:02,12.970947
1787529602031250000,2026-08-23T19:00:02.031250,12.662546
1787529602062500000,2026-08-23T19:00:02.062500,12.408570
1787529602093750000,2026-08-23T19:00:02.093750,12.680688
1787529602125000000,2026-08-23T19:00:02.125000,12.916523
1787529602156250000,2026-08-23T19:00:02.156250,12.716970
1787529602187500000,2026-08-23T19:00:02.187500,12.970947
1787529602218750000,2026-08-23T19:00:02.218750,13.152358
1787529602250000000,2026-08-23T19:00:02.250000,12.934664
1787529602281250000,2026-08-23T19:00:02.281250,12.698829
1787529602312500000,2026-08-23T19:00:02.312500,12.789535
1787529602343750000,2026-08-23T19:00:02.343750,12.716970
1787529602375000000,2026-08-23T19:00:02.375000,12.462993
1787529602406250000,2026-08-23T19:00:02.406250,12.426711
1787529602437500000,2026-08-23T19:00:02.437500,12.372287
1787529602468750000,2026-08-23T19:00:02.468750,12.517417
1787529602500000000,2026-08-23T19:00:02.500000,12.299723
1787529602531250000,2026-08-23T19:00:02.531250,12.444852
1787529602562500000,2026-08-23T19:00:02.562500,12.390429
1787529602593750000,2026-08-23T19:00:02.593750,12.281582
1787529602625000000,2026-08-23T19:00:02.625000,12.045746
1787529602656250000,2026-08-23T19:00:02.656250,12.245299
1787529602687500000,2026-08-23T19:00:02.687500,11.955040
1787529602718750000,2026-08-23T19:00:02.718750,11.773628
1787529602750000000,2026-08-23T19:00:02.750000,11.592217
1787529602781250000,2026-08-23T19:00:02.781250,11.320099
1787529602812500000,2026-08-23T19:00:02.812500,10.812146
1787529602843750000,2026-08-23T19:00:02.843750,10.576310
1787529602875000000,2026-08-23T19:00:02.875000,10.231628
1787529602906250000,2026-08-23T19:00:02.906250,10.140922
1787529602937500000,2026-08-23T19:00:02.937500,10.140922
1787529602968750000,2026-08-23T19:00:02.968750,9.814381
1787529603000000000,2026-08-23T19:00:03,9.524122
1787529603031250000,2026-08-23T19:00:03.031250,9.324569
1787529603062500000,2026-08-23T19:00:03.062500,8.707768
1787529603093750000,2026-08-23T19:00:03.093750,8.145392
1787529603125000000,2026-08-23T19:00:03.125000,8.054686
1787529603156250000,2026-08-23T19:00:03.156250,7.655580
1787529603187500000,2026-08-23T19:00:03.187500,7.020638
1787529603218750000,2026-08-23T19:00:03.218750,6.966215
1787529603250000000,2026-08-23T19:00:03.250000,6.421979
1787529603281250000,2026-08-23T19:00:03.281250,5.841461
1787529603312500000,2026-08-23T19:00:03.312500,5.387932
1787529603343750000,2026-08-23T19:00:03.343750,4.807414
1787529603375000000,2026-08-23T19:00:03.375000,3.936637
1787529603406250000,2026-08-23T19:00:03.406250,3.029578
1787529603437500000,2026-08-23T19:00:03.437500,2.449060
1787529603468750000,2026-08-23T19:00:03.468750,1.433154
1787529603500000000,2026-08-23T19:00:03.500000,1.215459
1787529603531250000,2026-08-23T19:00:03.531250,0.689365
1787529603562500000,2026-08-23T19:00:03.562500,0.417247
1787529603593750000,2026-08-23T19:00:03.593750,-0.362824
1787529603625000000,2026-08-23T19:00:03.625000,-0.616800
1787529603656250000,2026-08-23T19:00:03.656250,-1.523859
1787529603687500000,2026-08-23T19:00:03.687500,-2.213224
1787529603718750000,2026-08-23T19:00:03.718750,-2.793742
1787529603750000000,2026-08-23T19:00:03.750000,-3.374260
1787529603781250000,2026-08-23T19:00:03.781250,-4.118049
1787529603812500000,2026-08-23T19:00:03.812500,-4.752990
1787529603843750000,2026-08-23T19:00:03.843750,-5.424214
1787529603875000000,2026-08-23T19:00:03.875000,-6.294991
1787529603906250000,2026-08-23T19:00:03.906250,-6.911791
1787529603937500000,2026-08-23T19:00:03.937500,-7.075062
1787529603968750000,2026-08-23T19:00:03.968750,-7.437885
1787529604000000000,2026-08-23T19:00:04,-7.764427
1787529604031250000,2026-08-23T19:00:04.031250,-7.818850
1787529604062500000,2026-08-23T19:00:04.062500,-8.217956
1787529604093750000,2026-08-23T19:00:04.093750,-8.762192
1787529604125000000,2026-08-23T19:00:04.125000,-9.252004
1787529604156250000,2026-08-23T19:00:04.156250,-9.705533
1787529604187500000,2026-08-23T19:00:04.187500,-10.122781
1787529604218750000,2026-08-23T19:00:04.218750,-10.485604
1787529604250000000,2026-08-23T19:00:04.250000,-10.775863
1787529604281250000,2026-08-23T19:00:04.281250,-11.211252
1787529604312500000,2026-08-23T19:00:04.312500,-11.555934
1787529604343750000,2026-08-23T19:00:04.343750,-11.991323
1787529604375000000,2026-08-23T19:00:04.375000,-12.172734
1787529604406250000,2026-08-23T19:00:04.406250,-12.481135
1787529604437500000,2026-08-23T19:00:04.437500,-12.626264
1787529604468750000,2026-08-23T19:00:04.468750,-12.535558
1787529604500000000,2026-08-23T19:00:04.500000,-12.644405
1787529604531250000,2026-08-23T19:00:04.531250,-12.789535
1787529604562500000,2026-08-23T19:00:04.562500,-13.134217
1787529604593750000,2026-08-23T19:00:04.593750,-13.116076
1787529604625000000,2026-08-23T19:00:04.625000,-13.279347
1787529604656250000,2026-08-23T19:00:04.656250,-13.333770
1787529604687500000,2026-08-23T19:00:04.687500,-13.370053
1787529604718750000,2026-08-23T19:00:04.718750,-13.224923
1787529604750000000,2026-08-23T19:00:04.750000,-13.152358
1787529604781250000,2026-08-23T19:00:04.781250,-12.789535
1787529604812500000,2026-08-23T19:00:04.812500,-12.589982
1787529604843750000,2026-08-23T19:00:04.843750,-12.444852
1787529604875000000,2026-08-23T19:00:04.875000,-12.136452
1787529604906250000,2026-08-23T19:00:04.906250,-11.719205
1787529604937500000,2026-08-23T19:00:04.937500,-11.682922
1787529604968750000,2026-08-23T19:00:04.968750,-11.374522
1787529605000000000,2026-08-23T19:00:05,-10.630734
1787529605031250000,2026-08-23T19:00:05.031250,-10.140922
1787529605062500000,2026-08-23T19:00:05.062500,-9.850663
1787529605093750000,2026-08-23T19:00:05.093750,-9.306427
1787529605125000000,2026-08-23T19:00:05.125000,-8.562639
1787529605156250000,2026-08-23T19:00:05.156250,-8.272380
1787529605187500000,2026-08-23T19:00:05.187500,-7.909556
1787529605218750000,2026-08-23T19:00:05.218750,-7.564874
1787529605250000000,2026-08-23T19:00:05.250000,-7.256474
1787529605281250000,2026-08-23T19:00:05.281250,-7.111344
1787529605312500000,2026-08-23T19:00:05.312500,-6.857368
1787529605343750000,2026-08-23T19:00:05.343750,-6.186144
1787529605375000000,2026-08-23T19:00:05.375000,-5.279085
1787529605406250000,2026-08-23T19:00:05.406250,-4.662284
1787529605437500000,2026-08-23T19:00:05.437500,-4.009202
1787529605468750000,2026-08-23T19:00:05.468750,-3.519390
1787529605500000000,2026-08-23T19:00:05.500000,-3.011437
1787529605531250000,2026-08-23T19:00:05.531250,-2.684895
1787529605562500000,2026-08-23T19:00:05.562500,-1.868542
1787529605593750000,2026-08-23T19:00:05.593750,-1.487577
1787529605625000000,2026-08-23T19:00:05.625000,-0.507953
1787529605656250000,2026-08-23T19:00:05.656250,0.399106
1787529605687500000,2026-08-23T19:00:05.687500,1.233601
1787529605718750000,2026-08-23T19:00:05.718750,1.850401
1787529605750000000,2026-08-23T19:00:05.750000,2.830025
1787529605781250000,2026-08-23T19:00:05.781250,3.265413
1787529605812500000,2026-08-23T19:00:05.812500,3.537531
1787529605843750000,2026-08-23T19:00:05.843750,4.027343
1787529605875000000,2026-08-23T19:00:05.875000,4.607861
1787529605906250000,2026-08-23T19:00:05.906250,5.152096
1787529605937500000,2026-08-23T19:00:05.937500,5.732614
1787529605968750000,2026-08-23T19:00:05.968750,6.331273
1787529606000000000,2026-08-23T19:00:06,6.730379
1787529606031250000,2026-08-23T19:00:06.031250,6.784803
1787529606062500000,2026-08-23T19:00:06.062500,7.528591
1787529606093750000,2026-08-23T19:00:06.093750,7.927697
1787529606125000000,2026-08-23T19:00:06.125000,8.272380
1787529606156250000,2026-08-23T19:00:06.156250,8.707768
1787529606187500000,2026-08-23T19:00:06.187500,9.524122
1787572800093750000,2026-08-24T07:00:00.093750,11.873405
1787572800125000000,2026-08-24T07:00:00.125000,11.837123
1787572800156250000,2026-08-24T07:00:00.156250,12.091099
1787572800187500000,2026-08-24T07:00:00.187500,12.435782
1787572800218750000,2026-08-24T07:00:00.218750,12.925594
1787572800250000000,2026-08-24T07:00:00.250000,13.088864
1787572800281250000,2026-08-24T07:00:00.281250,13.143288
1787572800312500000,2026-08-24T07:00:00.312500,12.980017
1787572800343750000,2026-08-24T07:00:00.343750,12.961876
1787572800375000000,2026-08-24T07:00:00.375000,12.290652
1787572800406250000,2026-08-24T07:00:00.406250,12.036676
1787572800437500000,2026-08-24T07:00:00.437500,12.091099
1787572800468750000,2026-08-24T07:00:00.468750,12.127382
1787572800500000000,2026-08-24T07:00:00.500000,11.982252
1787572800531250000,2026-08-24T07:00:00.531250,12.381358
1787572800562500000,2026-08-24T07:00:00.562500,12.798605
1787572800593750000,2026-08-24T07:00:00.593750,12.780464
1787572800625000000,2026-08-24T07:00:00.625000,12.998158
1787572800656250000,2026-08-24T07:00:00.656250,13.034441
1787572800687500000,2026-08-24T07:00:00.687500,13.052582
1787572800718750000,2026-08-24T07:00:00.718750,12.925594
1787572800750000000,2026-08-24T07:00:00.750000,13.034441
1787572800781250000,2026-08-24T07:00:00.781250,12.943735
1787572800812500000,2026-08-24T07:00:00.812500,12.980017
1787572800843750000,2026-08-24T07:00:00.843750,12.780464
1787572800875000000,2026-08-24T07:00:00.875000,12.472064
1787572800906250000,2026-08-24T07:00:00.906250,12.399499
1787572800937500000,2026-08-24T07:00:00.937500,12.326935
1787572800968750000,2026-08-24T07:00:00.968750,12.091099
1787572801000000000,2026-08-24T07:00:01,12.036676
1787572801031250000,2026-08-24T07:00:01.031250,11.964111
1787572801062500000,2026-08-24T07:00:01.062500,11.837123
1787572801093750000,2026-08-24T07:00:01.093750,11.637570
1787572801125000000,2026-08-24T07:00:01.125000,12.054817
1787572801156250000,2026-08-24T07:00:01.156250,12.218087
1787572801187500000,2026-08-24T07:00:01.187500,12.472064
1787572801218750000,2026-08-24T07:00:01.218750,12.490205
1787572801250000000,2026-08-24T07:00:01.250000,12.363217
1787572801281250000,2026-08-24T07:00:01.281250,11.891546
1787572801312500000,2026-08-24T07:00:01.312500,11.873405
1787572801343750000,2026-08-24T07:00:01.343750,11.728275
1787572801375000000,2026-08-24T07:00:01.375000,11.510581
1787572801406250000,2026-08-24T07:00:01.406250,11.292887
1787572801437500000,2026-08-24T07:00:01.437500,11.347311
1787572801468750000,2026-08-24T07:00:01.468750,10.639804
1787572801500000000,2026-08-24T07:00:01.500000,10.331404
1787572801531250000,2026-08-24T07:00:01.531250,9.805310
1787572801562500000,2026-08-24T07:00:01.562500,10.149992
1787572801593750000,2026-08-24T07:00:01.593750,9.678322
1787572801625000000,2026-08-24T07:00:01.625000,9.642039
1787572801656250000,2026-08-24T07:00:01.656250,9.224792
1787572801687500000,2026-08-24T07:00:01.687500,8.988957
1787572801718750000,2026-08-24T07:00:01.718750,7.900486
1787572801750000000,2026-08-24T07:00:01.750000,7.483238
1787572801781250000,2026-08-24T07:00:01.781250,7.138556
1787572801812500000,2026-08-24T07:00:01.812500,6.485473
1787572801843750000,2026-08-24T07:00:01.843750,5.705402
1787572801875000000,2026-08-24T07:00:01.875000,5.469567
1787572801906250000,2026-08-24T07:00:01.906250,4.816484
1787572801937500000,2026-08-24T07:00:01.937500,4.163402
1787572801968750000,2026-08-24T07:00:01.968750,3.764296
1787572802000000000,2026-08-24T07:00:02,3.709872
1787572802031250000,2026-08-24T07:00:02.031250,2.947942
1787572802062500000,2026-08-24T07:00:02.062500,2.439989
1787572802093750000,2026-08-24T07:00:02.093750,1.823189
1787572802125000000,2026-08-24T07:00:02.125000,1.133824
1787572802156250000,2026-08-24T07:00:02.156250,0.353753
1787572802187500000,2026-08-24T07:00:02.187500,-0.208624
1787572802218750000,2026-08-24T07:00:02.218750,-0.662153
1787572802250000000,2026-08-24T07:00:02.250000,-1.097542
1787572802281250000,2026-08-24T07:00:02.281250,-1.823189
1787572802312500000,2026-08-24T07:00:02.312500,-2.313001
1787572802343750000,2026-08-24T07:00:02.343750,-2.839095
1787572802375000000,2026-08-24T07:00:02.375000,-3.855002
1787572802406250000,2026-08-24T07:00:02.406250,-4.671355
1787572802437500000,2026-08-24T07:00:02.437500,-5.233732
1787572802468750000,2026-08-24T07:00:02.468750,-5.850532
1787572802500000000,2026-08-24T07:00:02.500000,-6.648744
1787572802531250000,2026-08-24T07:00:02.531250,-6.884579
1787572802562500000,2026-08-24T07:00:02.562500,-7.537662
1787572802593750000,2026-08-24T07:00:02.593750,-7.918627
1787572802625000000,2026-08-24T07:00:02.625000,-8.444721
1787572802656250000,2026-08-24T07:00:02.656250,-8.607992
1787572802687500000,2026-08-24T07:00:02.687500,-9.115945
1787572802718750000,2026-08-24T07:00:02.718750,-9.678322
1787572802750000000,2026-08-24T07:00:02.750000,-10.059287
1787572802781250000,2026-08-24T07:00:02.781250,-10.821216
1787572802812500000,2026-08-24T07:00:02.812500,-11.438017
1787572802843750000,2026-08-24T07:00:02.843750,-12.018534
1787572802875000000,2026-08-24T07:00:02.875000,-12.072958
1787572802906250000,2026-08-24T07:00:02.906250,-12.472064
1787572802937500000,2026-08-24T07:00:02.937500,-12.145523
1787572802968750000,2026-08-24T07:00:02.968750,-12.435782
1787572803000000000,2026-08-24T07:00:03,-12.472064
1787572803031250000,2026-08-24T07:00:03.031250,-12.671617
1787572803062500000,2026-08-24T07:00:03.062500,-12.834888
1787572803093750000,2026-08-24T07:00:03.093750,-13.306558
1787572803125000000,2026-08-24T07:00:03.125000,-13.179570
1787572803156250000,2026-08-24T07:00:03.156250,-13.342841
1787572803187500000,2026-08-24T07:00:03.187500,-13.233994
1787572803218750000,2026-08-24T07:00:03.218750,-13.161429
1787572803250000000,2026-08-24T07:00:03.250000,-13.052582
1787572803281250000,2026-08-24T07:00:03.281250,-12.907452
1787572803312500000,2026-08-24T07:00:03.312500,-12.998158
1787572803343750000,2026-08-24T07:00:03.343750,-12.998158
1787572803375000000,2026-08-24T07:00:03.375000,-12.762323
1787572803406250000,2026-08-24T07:00:03.406250,-12.381358
1787572803437500000,2026-08-24T07:00:03.437500,-12.399499
1787572803468750000,2026-08-24T07:00:03.468750,-11.891546
1787572803500000000,2026-08-24T07:00:03.500000,-11.764558
1787572803531250000,2026-08-24T07:00:03.531250,-11.438017
1787572803562500000,2026-08-24T07:00:03.562500,-11.256605
1787572803593750000,2026-08-24T07:00:03.593750,-10.893781
1787572803625000000,2026-08-24T07:00:03.625000,-10.494675
1787572803656250000,2026-08-24T07:00:03.656250,-9.769028
1787572803687500000,2026-08-24T07:00:03.687500,-9.515051
1787572803718750000,2026-08-24T07:00:03.718750,-9.460627
1787572803750000000,2026-08-24T07:00:03.750000,-9.152227
1787572803781250000,2026-08-24T07:00:03.781250,-8.952674
1787572803812500000,2026-08-24T07:00:03.812500,-8.607992
1787572803843750000,2026-08-24T07:00:03.843750,-8.354015
1787572803875000000,2026-08-24T07:00:03.875000,-7.755356
1787572803906250000,2026-08-24T07:00:03.906250,-7.356250
1787572803937500000,2026-08-24T07:00:03.937500,-6.521756
1787572803968750000,2026-08-24T07:00:03.968750,-5.868673
1787572804000000000,2026-08-24T07:00:04,-5.088602
1787572804031250000,2026-08-24T07:00:04.031250,-4.417378
1787572804062500000,2026-08-24T07:00:04.062500,-3.401472
1787572804093750000,2026-08-24T07:00:04.093750,-2.784672
1787572804125000000,2026-08-24T07:00:04.125000,-2.458130
1787572804156250000,2026-08-24T07:00:04.156250,-1.859471
1787572804187500000,2026-08-24T07:00:04.187500,-1.115683
1787572804218750000,2026-08-24T07:00:04.218750,-0.644012
1787572804250000000,2026-08-24T07:00:04.250000,-0.208624
1787572804281250000,2026-08-24T07:00:04.281250,0.625871
1787572804312500000,2026-08-24T07:00:04.312500,1.097542
1787572804343750000,2026-08-24T07:00:04.343750,1.551071
1787572804375000000,2026-08-24T07:00:04.375000,2.077166
1787572804406250000,2026-08-24T07:00:04.406250,2.839095
1787572804437500000,2026-08-24T07:00:04.437500,3.673590
1787572804468750000,2026-08-24T07:00:04.468750,4.635073
1787572804500000000,2026-08-24T07:00:04.500000,5.378861
1787572804531250000,2026-08-24T07:00:04.531250,5.959379
1787572804562500000,2026-08-24T07:00:04.562500,6.412909
1787572804593750000,2026-08-24T07:00:04.593750,6.558038
1787572804625000000,2026-08-24T07:00:04.625000,6.920862
1787572804656250000,2026-08-24T07:00:04.656250,7.356250
1787572804687500000,2026-08-24T07:00:04.687500,7.827921
1787572804718750000,2026-08-24T07:00:04.718750,8.154462
1787572804750000000,2026-08-24T07:00:04.750000,8.481004
1787572804781250000,2026-08-24T07:00:04.781250,8.861968
1787572804812500000,2026-08-24T07:00:04.812500,8.843827
1787572804843750000,2026-08-24T07:00:04.843750,9.388063
1787572804875000000,2026-08-24T07:00:04.875000,9.914157
1787572804906250000,2026-08-24T07:00:04.906250,10.222557
1787572804937500000,2026-08-24T07:00:04.937500,10.766793
1787572804968750000,2026-08-24T07:00:04.968750,11.383593
1787572805000000000,2026-08-24T07:00:05,11.365452
1787572805031250000,2026-08-24T07:00:05.031250,11.401734
1787572805062500000,2026-08-24T07:00:05.062500,11.728275
1787572805093750000,2026-08-24T07:00:05.093750,11.492440
1787572805125000000,2026-08-24T07:00:05.125000,11.800840
1787572805156250000,2026-08-24T07:00:05.156250,12.000393
1787572805187500000,2026-08-24T07:00:05.187500,12.290652
1787572805218750000,2026-08-24T07:00:05.218750,12.345076
1787572805250000000,2026-08-24T07:00:05.250000,12.617193
1787572805281250000,2026-08-24T07:00:05.281250,12.417640
1787572805312500000,2026-08-24T07:00:05.312500,12.417640
1787572805343750000,2026-08-24T07:00:05.343750,12.326935
1787572805375000000,2026-08-24T07:00:05.375000,12.363217
1787572805406250000,2026-08-24T07:00:05.406250,12.290652
1787572805437500000,2026-08-24T07:00:05.437500,12.562770
1787572805468750000,2026-08-24T07:00:05.468750,12.671617
1787572805500000000,2026-08-24T07:00:05.500000,12.689758
1787572805531250000,2026-08-24T07:00:05.531250,12.726041
1787572805562500000,2026-08-24T07:00:05.562500,12.834888
1787572805593750000,2026-08-24T07:00:05.593750,12.762323
1787572805625000000,2026-08-24T07:00:05.625000,12.925594
1787572805656250000,2026-08-24T07:00:05.656250,12.943735
1787572805687500000,2026-08-24T07:00:05.687500,13.161429
1787572805718750000,2026-08-24T07:00:05.718750,13.215853
1787572805750000000,2026-08-24T07:00:05.750000,13.342841
1787572805781250000,2026-08-24T07:00:05.781250,13.161429
1787572805812500000,2026-08-24T07:00:05.812500,13.088864
1787572805843750000,2026-08-24T07:00:05.843750,13.179570
1787572805875000000,2026-08-24T07:00:05.875000,12.780464
1787572805906250000,2026-08-24T07:00:05.906250,12.453923
1787572805937500000,2026-08-24T07:00:05.937500,12.490205
1787572805968750000,2026-08-24T07:00:05.968750,12.599052
1787572806000000000,2026-08-24T07:00:06,12.054817
1787572806031250000,2026-08-24T07:00:06.031250,12.054817
1787572806062500000,2026-08-24T07:00:06.062500,12.163664
1787572806093750000,2026-08-24T07:00:06.093750,12.018534
1787572806125000000,2026-08-24T07:00:06.125000,11.782699
1787572806156250000,2026-08-24T07:00:06.156250,11.909687
1787572806187500000,2026-08-24T07:00:06.187500,12.000393
1787616000093750000,2026-08-24T19:00:00.093750,5.523991
1787616000125000000,2026-08-24T19:00:00.125000,5.016037
1787616000156250000,2026-08-24T19:00:00.156250,4.290390
1787616000187500000,2026-08-24T19:00:00.187500,3.836860
1787616000218750000,2026-08-24T19:00:00.218750,3.601025
1787616000250000000,2026-08-24T19:00:00.250000,3.147495
1787616000281250000,2026-08-24T19:00:00.281250,2.439989
1787616000312500000,2026-08-24T19:00:00.312500,1.986460
1787616000343750000,2026-08-24T19:00:00.343750,1.424083
1787616000375000000,2026-08-24T19:00:00.375000,0.807283
1787616000406250000,2026-08-24T19:00:00.406250,0.136059
1787616000437500000,2026-08-24T19:00:00.437500,-0.625871
1787616000468750000,2026-08-24T19:00:00.468750,-1.315236
1787616000500000000,2026-08-24T19:00:00.500000,-2.077166
1787616000531250000,2026-08-24T19:00:00.531250,-2.911660
1787616000562500000,2026-08-24T19:00:00.562500,-3.347048
1787616000593750000,2026-08-24T19:00:00.593750,-3.800578
1787616000625000000,2026-08-24T19:00:00.625000,-4.272249
1787616000656250000,2026-08-24T19:00:00.656250,-4.834626
1787616000687500000,2026-08-24T19:00:00.687500,-5.415143
1787616000718750000,2026-08-24T19:00:00.718750,-6.031944
1787616000750000000,2026-08-24T19:00:00.750000,-6.793873
1787616000781250000,2026-08-24T19:00:00.781250,-7.465097
1787616000812500000,2026-08-24T19:00:00.812500,-8.154462
1787616000843750000,2026-08-24T19:00:00.843750,-8.644274
1787616000875000000,2026-08-24T19:00:00.875000,-9.025239
1787616000906250000,2026-08-24T19:00:00.906250,-9.460627
1787616000937500000,2026-08-24T19:00:00.937500,-10.077428
1787616000968750000,2026-08-24T19:00:00.968750,-10.331404
1787616001000000000,2026-08-24T19:00:01,-10.440251
1787616001031250000,2026-08-24T19:00:01.031250,-10.875640
1787616001062500000,2026-08-24T19:00:01.062500,-11.220322
1787616001093750000,2026-08-24T19:00:01.093750,-11.238463
1787616001125000000,2026-08-24T19:00:01.125000,-11.710134
1787616001156250000,2026-08-24T19:00:01.156250,-12.254370
1787616001187500000,2026-08-24T19:00:01.187500,-12.689758
1787616001218750000,2026-08-24T19:00:01.218750,-12.853029
1787616001250000000,2026-08-24T19:00:01.250000,-13.034441
1787616001281250000,2026-08-24T19:00:01.281250,-12.853029
1787616001312500000,2026-08-24T19:00:01.312500,-12.980017
1787616001343750000,2026-08-24T19:00:01.343750,-12.998158
1787616001375000000,2026-08-24T19:00:01.375000,-13.070723
1787616001406250000,2026-08-24T19:00:01.406250,-13.233994
1787616001437500000,2026-08-24T19:00:01.437500,-13.360982
1787616001468750000,2026-08-24T19:00:01.468750,-13.542394
1787616001500000000,2026-08-24T19:00:01.500000,-13.342841
1787616001531250000,2026-08-24T19:00:01.531250,-13.342841
1787616001562500000,2026-08-24T19:00:01.562500,-13.415406
1787616001593750000,2026-08-24T19:00:01.593750,-13.415406
1787616001625000000,2026-08-24T19:00:01.625000,-13.270276
1787616001656250000,2026-08-24T19:00:01.656250,-13.233994
1787616001687500000,2026-08-24T19:00:01.687500,-12.943735
1787616001718750000,2026-08-24T19:00:01.718750,-12.544629
1787616001750000000,2026-08-24T19:00:01.750000,-12.290652
1787616001781250000,2026-08-24T19:00:01.781250,-11.655711
1787616001812500000,2026-08-24T19:00:01.812500,-11.165899
1787616001843750000,2026-08-24T19:00:01.843750,-10.893781
1787616001875000000,2026-08-24T19:00:01.875000,-10.748652
1787616001906250000,2026-08-24T19:00:01.906250,-10.313263
1787616001937500000,2026-08-24T19:00:01.937500,-9.805310
1787616001968750000,2026-08-24T19:00:01.968750,-9.424345
1787616002000000000,2026-08-24T19:00:02,-8.825686
1787616002031250000,2026-08-24T19:00:02.031250,-8.227027
1787616002062500000,2026-08-24T19:00:02.062500,-7.864203
1787616002093750000,2026-08-24T19:00:02.093750,-7.483238
1787616002125000000,2026-08-24T19:00:02.125000,-7.011568
1787616002156250000,2026-08-24T19:00:02.156250,-6.394767
1787616002187500000,2026-08-24T19:00:02.187500,-5.796108
1787616002218750000,2026-08-24T19:00:02.218750,-5.161167
1787616002250000000,2026-08-24T19:00:02.250000,-4.526225
1787616002281250000,2026-08-24T19:00:02.281250,-3.963849
1787616002312500000,2026-08-24T19:00:02.312500,-3.474037
1787616002343750000,2026-08-24T19:00:02.343750,-2.875378
1787616002375000000,2026-08-24T19:00:02.375000,-2.113448
1787616002406250000,2026-08-24T19:00:02.406250,-1.496648
1787616002437500000,2026-08-24T19:00:02.437500,-0.771000
1787616002468750000,2026-08-24T19:00:02.468750,-0.317471
1787616002500000000,2026-08-24T19:00:02.500000,0.426318
1787616002531250000,2026-08-24T19:00:02.531250,0.952412
1787616002562500000,2026-08-24T19:00:02.562500,1.351518
1787616002593750000,2026-08-24T19:00:02.593750,1.932036
1787616002625000000,2026-08-24T19:00:02.625000,2.802813
1787616002656250000,2026-08-24T19:00:02.656250,3.274484
1787616002687500000,2026-08-24T19:00:02.687500,3.891284
1787616002718750000,2026-08-24T19:00:02.718750,4.399237
1787616002750000000,2026-08-24T19:00:02.750000,4.979755
1787616002781250000,2026-08-24T19:00:02.781250,5.650979
1787616002812500000,2026-08-24T19:00:02.812500,6.304061
1787616002843750000,2026-08-24T19:00:02.843750,6.848297
1787616002875000000,2026-08-24T19:00:02.875000,7.519521
1787616002906250000,2026-08-24T19:00:02.906250,7.864203
1787616002937500000,2026-08-24T19:00:02.937500,8.408439
1787616002968750000,2026-08-24T19:00:02.968750,9.043380
1787616003000000000,2026-08-24T19:00:03,9.678322
1787616003031250000,2026-08-24T19:00:03.031250,10.131851
1787616003062500000,2026-08-24T19:00:03.062500,10.948205
1787616003093750000,2026-08-24T19:00:03.093750,11.202181
1787616003125000000,2026-08-24T19:00:03.125000,11.274746
1787616003156250000,2026-08-24T19:00:03.156250,11.329169
1787616003187500000,2026-08-24T19:00:03.187500,11.619428
1787616003218750000,2026-08-24T19:00:03.218750,11.565005
1787616003250000000,2026-08-24T19:00:03.250000,11.583146
1787616003281250000,2026-08-24T19:00:03.281250,11.909687
1787616003312500000,2026-08-24T19:00:03.312500,12.236229
1787616003343750000,2026-08-24T19:00:03.343750,12.653476
1787616003375000000,2026-08-24T19:00:03.375000,12.726041
1787616003406250000,2026-08-24T19:00:03.406250,13.070723
1787616003437500000,2026-08-24T19:00:03.437500,13.034441
1787616003468750000,2026-08-24T19:00:03.468750,13.052582
1787616003500000000,2026-08-24T19:00:03.500000,12.798605
1787616003531250000,2026-08-24T19:00:03.531250,12.943735
1787616003562500000,2026-08-24T19:00:03.562500,12.816746
1787616003593750000,2026-08-24T19:00:03.593750,12.853029
1787616003625000000,2026-08-24T19:00:03.625000,12.907452
1787616003656250000,2026-08-24T19:00:03.656250,13.179570
1787616003687500000,2026-08-24T19:00:03.687500,13.107005
1787616003718750000,2026-08-24T19:00:03.718750,13.433547
1787616003750000000,2026-08-24T19:00:03.750000,13.542394
1787616003781250000,2026-08-24T19:00:03.781250,13.524253
1787616003812500000,2026-08-24T19:00:03.812500,13.324700
1787616003843750000,2026-08-24T19:00:03.843750,13.451688
1787616003875000000,2026-08-24T19:00:03.875000,13.143288
1787616003906250000,2026-08-24T19:00:03.906250,13.161429
1787616003937500000,2026-08-24T19:00:03.937500,13.270276
1787616003968750000,2026-08-24T19:00:03.968750,13.179570
1787616004000000000,2026-08-24T19:00:04,13.052582
1787616004031250000,2026-08-24T19:00:04.031250,13.125147
1787616004062500000,2026-08-24T19:00:04.062500,12.998158
1787616004093750000,2026-08-24T19:00:04.093750,12.961876
1787616004125000000,2026-08-24T19:00:04.125000,13.088864
1787616004156250000,2026-08-24T19:00:04.156250,13.179570
1787616004187500000,2026-08-24T19:00:04.187500,13.197711
1787616004218750000,2026-08-24T19:00:04.218750,13.233994
1787616004250000000,2026-08-24T19:00:04.250000,13.107005
1787616004281250000,2026-08-24T19:00:04.281250,12.780464
1787616004312500000,2026-08-24T19:00:04.312500,12.635335
1787616004343750000,2026-08-24T19:00:04.343750,12.381358
1787616004375000000,2026-08-24T19:00:04.375000,12.145523
1787616004406250000,2026-08-24T19:00:04.406250,12.236229
1787616004437500000,2026-08-24T19:00:04.437500,12.617193
1787616004468750000,2026-08-24T19:00:04.468750,12.544629
1787616004500000000,2026-08-24T19:00:04.500000,12.453923
1787616004531250000,2026-08-24T19:00:04.531250,12.653476
1787616004562500000,2026-08-24T19:00:04.562500,12.218087
1787616004593750000,2026-08-24T19:00:04.593750,12.036676
1787616004625000000,2026-08-24T19:00:04.625000,11.800840
1787616004656250000,2026-08-24T19:00:04.656250,11.691993
1787616004687500000,2026-08-24T19:00:04.687500,11.184040
1787616004718750000,2026-08-24T19:00:04.718750,11.129616
1787616004750000000,2026-08-24T19:00:04.750000,10.422110
1787616004781250000,2026-08-24T19:00:04.781250,10.349545
1787616004812500000,2026-08-24T19:00:04.812500,10.113710
1787616004843750000,2026-08-24T19:00:04.843750,9.877875
1787616004875000000,2026-08-24T19:00:04.875000,9.623898
1787616004906250000,2026-08-24T19:00:04.906250,9.750886
1787616004937500000,2026-08-24T19:00:04.937500,9.206651
1787616004968750000,2026-08-24T19:00:04.968750,8.571709
1787616005000000000,2026-08-24T19:00:05,8.100039
1787616005031250000,2026-08-24T19:00:05.031250,7.573944
1787616005062500000,2026-08-24T19:00:05.062500,7.011568
1787616005093750000,2026-08-24T19:00:05.093750,6.594320
1787616005125000000,2026-08-24T19:00:05.125000,6.267779
1787616005156250000,2026-08-24T19:00:05.156250,5.995661
1787616005187500000,2026-08-24T19:00:05.187500,5.397002
1787616005218750000,2026-08-24T19:00:05.218750,4.816484
1787616005250000000,2026-08-24T19:00:05.250000,4.471802
1787616005281250000,2026-08-24T19:00:05.281250,3.709872
1787616005312500000,2026-08-24T19:00:05.312500,3.129354
1787616005343750000,2026-08-24T19:00:05.343750,2.585119
1787616005375000000,2026-08-24T19:00:05.375000,1.841330
1787616005406250000,2026-08-24T19:00:05.406250,1.024977
1787616005437500000,2026-08-24T19:00:05.437500,0.589588
1787616005468750000,2026-08-24T19:00:05.468750,-0.081635
1787616005500000000,2026-08-24T19:00:05.500000,-0.644012
1787616005531250000,2026-08-24T19:00:05.531250,-1.079400
1787616005562500000,2026-08-24T19:00:05.562500,-1.496648
1787616005593750000,2026-08-24T19:00:05.593750,-2.222295
1787616005625000000,2026-08-24T19:00:05.625000,-3.038648
1787616005656250000,2026-08-24T19:00:05.656250,-3.564743
1787616005687500000,2026-08-24T19:00:05.687500,-4.163402
1787616005718750000,2026-08-24T19:00:05.718750,-4.834626
1787616005750000000,2026-08-24T19:00:05.750000,-5.088602
1787616005781250000,2026-08-24T19:00:05.781250,-5.687261
1787616005812500000,2026-08-24T19:00:05.812500,-6.503614
1787616005843750000,2026-08-24T19:00:05.843750,-7.174838
1787616005875000000,2026-08-24T19:00:05.875000,-7.900486
1787616005906250000,2026-08-24T19:00:05.906250,-8.662415
1787616005937500000,2026-08-24T19:00:05.937500,-9.224792
1787616005968750000,2026-08-24T19:00:05.968750,-9.533192
1787616006000000000,2026-08-24T19:00:06,-10.077428
1787616006031250000,2026-08-24T19:00:06.031250,-10.422110
1787616006062500000,2026-08-24T19:00:06.062500,-10.748652
1787616006093750000,2026-08-24T19:00:06.093750,-10.839357
1787616006125000000,2026-08-24T19:00:06.125000,-11.292887
1787616006156250000,2026-08-24T19:00:06.156250,-11.655711
1787616006187500000,2026-08-24T19:00:06.187500,-12.272511
1787659200093750000,2026-08-25T07:00:00.093750,11.428946
1787659200125000000,2026-08-25T07:00:00.125000,11.193111
1787659200156250000,2026-08-25T07:00:00.156250,11.501511
1787659200187500000,2026-08-25T07:00:00.187500,11.628499
1787659200218750000,2026-08-25T07:00:00.218750,11.828052
1787659200250000000,2026-08-25T07:00:00.250000,12.082029
1787659200281250000,2026-08-25T07:00:00.281250,12.263440
1787659200312500000,2026-08-25T07:00:00.312500,12.535558
1787659200343750000,2026-08-25T07:00:00.343750,12.789535
1787659200375000000,2026-08-25T07:00:00.375000,12.898382
1787659200406250000,2026-08-25T07:00:00.406250,12.989088
1787659200437500000,2026-08-25T07:00:00.437500,13.370053
1787659200468750000,2026-08-25T07:00:00.468750,13.170500
1787659200500000000,2026-08-25T07:00:00.500000,13.116076
1787659200531250000,2026-08-25T07:00:00.531250,13.333770
1787659200562500000,2026-08-25T07:00:00.562500,13.224923
1787659200593750000,2026-08-25T07:00:00.593750,12.952805
1787659200625000000,2026-08-25T07:00:00.625000,13.152358
1787659200656250000,2026-08-25T07:00:00.656250,13.224923
1787659200687500000,2026-08-25T07:00:00.687500,12.916523
1787659200718750000,2026-08-25T07:00:00.718750,13.315629
1787659200750000000,2026-08-25T07:00:00.750000,13.297488
1787659200781250000,2026-08-25T07:00:00.781250,13.460759
1787659200812500000,2026-08-25T07:00:00.812500,13.279347
1787659200843750000,2026-08-25T07:00:00.843750,13.442617
1787659200875000000,2026-08-25T07:00:00.875000,13.097935
1787659200906250000,2026-08-25T07:00:00.906250,13.061652
1787659200937500000,2026-08-25T07:00:00.937500,12.680688
1787659200968750000,2026-08-25T07:00:00.968750,12.934664
1787659201000000000,2026-08-25T07:00:01,13.116076
1787659201031250000,2026-08-25T07:00:01.031250,13.206782
1787659201062500000,2026-08-25T07:00:01.062500,13.370053
1787659201093750000,2026-08-25T07:00:01.093750,13.297488
1787659201125000000,2026-08-25T07:00:01.125000,13.079794
1787659201156250000,2026-08-25T07:00:01.156250,12.626264
1787659201187500000,2026-08-25T07:00:01.187500,12.662546
1787659201218750000,2026-08-25T07:00:01.218750,12.499276
1787659201250000000,2026-08-25T07:00:01.250000,12.499276
1787659201281250000,2026-08-25T07:00:01.281250,12.735111
1787659201312500000,2026-08-25T07:00:01.312500,12.571841
1787659201343750000,2026-08-25T07:00:01.343750,12.444852
1787659201375000000,2026-08-25T07:00:01.375000,12.336005
1787659201406250000,2026-08-25T07:00:01.406250,12.063887
1787659201437500000,2026-08-25T07:00:01.437500,11.410805
1787659201468750000,2026-08-25T07:00:01.468750,11.483369
1787659201500000000,2026-08-25T07:00:01.500000,11.374522
1787659201531250000,2026-08-25T07:00:01.531250,10.957275
1787659201562500000,2026-08-25T07:00:01.562500,11.029840
1787659201593750000,2026-08-25T07:00:01.593750,10.993558
1787659201625000000,2026-08-25T07:00:01.625000,10.830287
1787659201656250000,2026-08-25T07:00:01.656250,10.558169
1787659201687500000,2026-08-25T07:00:01.687500,10.449322
1787659201718750000,2026-08-25T07:00:01.718750,10.159063
1787659201750000000,2026-08-25T07:00:01.750000,9.778098
1787659201781250000,2026-08-25T07:00:01.781250,9.342710
1787659201812500000,2026-08-25T07:00:01.812500,8.689627
1787659201843750000,2026-08-25T07:00:01.843750,8.417509
1787659201875000000,2026-08-25T07:00:01.875000,7.982121
1787659201906250000,2026-08-25T07:00:01.906250,7.601156
1787659201937500000,2026-08-25T07:00:01.937500,7.056921
1787659201968750000,2026-08-25T07:00:01.968750,6.802944
1787659202000000000,2026-08-25T07:00:02,6.440120
1787659202031250000,2026-08-25T07:00:02.031250,5.968450
1787659202062500000,2026-08-25T07:00:02.062500,5.605626
1787659202093750000,2026-08-25T07:00:02.093750,5.206520
1787659202125000000,2026-08-25T07:00:02.125000,4.626002
1787659202156250000,2026-08-25T07:00:02.156250,3.936637
1787659202187500000,2026-08-25T07:00:02.187500,3.356119
1787659202218750000,2026-08-25T07:00:02.218750,2.557907
1787659202250000000,2026-08-25T07:00:02.250000,1.904824
1787659202281250000,2026-08-25T07:00:02.281250,1.451295
1787659202312500000,2026-08-25T07:00:02.312500,0.743789
1787659202343750000,2026-08-25T07:00:02.343750,0.308400
1787659202375000000,2026-08-25T07:00:02.375000,-0.217694
1787659202406250000,2026-08-25T07:00:02.406250,-0.598659
1787659202437500000,2026-08-25T07:00:02.437500,-1.542001
1787659202468750000,2026-08-25T07:00:02.468750,-1.886683
1787659202500000000,2026-08-25T07:00:02.500000,-2.920731
1787659202531250000,2026-08-25T07:00:02.531250,-3.591954
1787659202562500000,2026-08-25T07:00:02.562500,-4.535296
1787659202593750000,2026-08-25T07:00:02.593750,-5.242802
1787659202625000000,2026-08-25T07:00:02.625000,-6.004732
1787659202656250000,2026-08-25T07:00:02.656250,-6.276850
1787659202687500000,2026-08-25T07:00:02.687500,-6.857368
1787659202718750000,2026-08-25T07:00:02.718750,-7.456027
1787659202750000000,2026-08-25T07:00:02.750000,-7.437885
1787659202781250000,2026-08-25T07:00:02.781250,-8.072827
1787659202812500000,2026-08-25T07:00:02.812500,-8.671486
1787659202843750000,2026-08-25T07:00:02.843750,-8.925463
1787659202875000000,2026-08-25T07:00:02.875000,-9.070592
1787659202906250000,2026-08-25T07:00:02.906250,-9.941369
1787659202937500000,2026-08-25T07:00:02.937500,-10.050216
1787659202968750000,2026-08-25T07:00:02.968750,-10.413040
1787659203000000000,2026-08-25T07:00:03,-10.975416
1787659203031250000,2026-08-25T07:00:03.031250,-11.193111
1787659203062500000,2026-08-25T07:00:03.062500,-11.410805
1787659203093750000,2026-08-25T07:00:03.093750,-12.100170
1787659203125000000,2026-08-25T07:00:03.125000,-12.317864
1787659203156250000,2026-08-25T07:00:03.156250,-12.354146
1787659203187500000,2026-08-25T07:00:03.187500,-12.789535
1787659203218750000,2026-08-25T07:00:03.218750,-13.188641
1787659203250000000,2026-08-25T07:00:03.250000,-13.224923
1787659203281250000,2026-08-25T07:00:03.281250,-13.388194
1787659203312500000,2026-08-25T07:00:03.312500,-13.714735
1787659203343750000,2026-08-25T07:00:03.343750,-13.732876
1787659203375000000,2026-08-25T07:00:03.375000,-13.497041
1787659203406250000,2026-08-25T07:00:03.406250,-13.297488
1787659203437500000,2026-08-25T07:00:03.437500,-13.297488
1787659203468750000,2026-08-25T07:00:03.468750,-12.843958
1787659203500000000,2026-08-25T07:00:03.500000,-12.952805
1787659203531250000,2026-08-25T07:00:03.531250,-13.079794
1787659203562500000,2026-08-25T07:00:03.562500,-13.079794
1787659203593750000,2026-08-25T07:00:03.593750,-12.771394
1787659203625000000,2026-08-25T07:00:03.625000,-12.789535
1787659203656250000,2026-08-25T07:00:03.656250,-12.317864
1787659203687500000,2026-08-25T07:00:03.687500,-11.773628
1787659203718750000,2026-08-25T07:00:03.718750,-11.592217
1787659203750000000,2026-08-25T07:00:03.750000,-11.084263
1787659203781250000,2026-08-25T07:00:03.781250,-10.794004
1787659203812500000,2026-08-25T07:00:03.812500,-10.503746
1787659203843750000,2026-08-25T07:00:03.843750,-10.050216
1787659203875000000,2026-08-25T07:00:03.875000,-9.433416
1787659203906250000,2026-08-25T07:00:03.906250,-9.215721
1787659203937500000,2026-08-25T07:00:03.937500,-8.635204
1787659203968750000,2026-08-25T07:00:03.968750,-8.381227
1787659204000000000,2026-08-25T07:00:04,-7.909556
1787659204031250000,2026-08-25T07:00:04.031250,-7.383462
1787659204062500000,2026-08-25T07:00:04.062500,-6.766662
1787659204093750000,2026-08-25T07:00:04.093750,-6.331273
1787659204125000000,2026-08-25T07:00:04.125000,-5.079532
1787659204156250000,2026-08-25T07:00:04.156250,-4.571578
1787659204187500000,2026-08-25T07:00:04.187500,-3.936637
1787659204218750000,2026-08-25T07:00:04.218750,-3.737084
1787659204250000000,2026-08-25T07:00:04.250000,-3.065860
1787659204281250000,2026-08-25T07:00:04.281250,-2.938872
1787659204312500000,2026-08-25T07:00:04.312500,-2.303930
1787659204343750000,2026-08-25T07:00:04.343750,-1.560142
1787659204375000000,2026-08-25T07:00:04.375000,-0.471671
1787659204406250000,2026-08-25T07:00:04.406250,0.344682
1787659204437500000,2026-08-25T07:00:04.437500,1.179177
1787659204468750000,2026-08-25T07:00:04.468750,1.886683
1787659204500000000,2026-08-25T07:00:04.500000,2.122519
1787659204531250000,2026-08-25T07:00:04.531250,2.503483
1787659204562500000,2026-08-25T07:00:04.562500,2.902589
1787659204593750000,2026-08-25T07:00:04.593750,3.537531
1787659204625000000,2026-08-25T07:00:04.625000,4.099908
1787659204656250000,2026-08-25T07:00:04.656250,5.079532
1787659204687500000,2026-08-25T07:00:04.687500,5.932167
1787659204718750000,2026-08-25T07:00:04.718750,6.476403
1787659204750000000,2026-08-25T07:00:04.750000,6.802944
1787659204781250000,2026-08-25T07:00:04.781250,7.456027
1787659204812500000,2026-08-25T07:00:04.812500,7.836991
1787659204843750000,2026-08-25T07:00:04.843750,8.145392
1787659204875000000,2026-08-25T07:00:04.875000,8.725910
1787659204906250000,2026-08-25T07:00:04.906250,9.233863
1787659204937500000,2026-08-25T07:00:04.937500,9.596686
1787659204968750000,2026-08-25T07:00:04.968750,10.068357
1787659205000000000,2026-08-25T07:00:05,10.068357
1787659205031250000,2026-08-25T07:00:05.031250,10.177204
1787659205062500000,2026-08-25T07:00:05.062500,10.340475
1787659205093750000,2026-08-25T07:00:05.093750,10.449322
1787659205125000000,2026-08-25T07:00:05.125000,10.848428
1787659205156250000,2026-08-25T07:00:05.156250,11.392664
1787659205187500000,2026-08-25T07:00:05.187500,12.045746
1787659205218750000,2026-08-25T07:00:05.218750,12.263440
1787659205250000000,2026-08-25T07:00:05.250000,12.535558
1787659205281250000,2026-08-25T07:00:05.281250,12.426711
1787659205312500000,2026-08-25T07:00:05.312500,12.807676
1787659205343750000,2026-08-25T07:00:05.343750,13.043511
1787659205375000000,2026-08-25T07:00:05.375000,12.952805
1787659205406250000,2026-08-25T07:00:05.406250,12.989088
1787659205437500000,2026-08-25T07:00:05.437500,13.061652
1787659205468750000,2026-08-25T07:00:05.468750,12.989088
1787659205500000000,2026-08-25T07:00:05.500000,12.789535
1787659205531250000,2026-08-25T07:00:05.531250,13.116076
1787659205562500000,2026-08-25T07:00:05.562500,12.989088
1787659205593750000,2026-08-25T07:00:05.593750,13.243064
1787659205625000000,2026-08-25T07:00:05.625000,13.152358
1787659205656250000,2026-08-25T07:00:05.656250,13.152358
1787659205687500000,2026-08-25T07:00:05.687500,13.224923
1787659205718750000,2026-08-25T07:00:05.718750,13.370053
1787659205750000000,2026-08-25T07:00:05.750000,12.952805
1787659205781250000,2026-08-25T07:00:05.781250,12.952805
1787659205812500000,2026-08-25T07:00:05.812500,12.898382
1787659205843750000,2026-08-25T07:00:05.843750,12.934664
1787659205875000000,2026-08-25T07:00:05.875000,12.771394
1787659205906250000,2026-08-25T07:00:05.906250,12.952805
1787659205937500000,2026-08-25T07:00:05.937500,12.934664
1787659205968750000,2026-08-25T07:00:05.968750,13.079794
1787659206000000000,2026-08-25T07:00:06,13.188641
1787659206031250000,2026-08-25T07:00:06.031250,13.424476
1787659206062500000,2026-08-25T07:00:06.062500,13.624029
1787659206093750000,2026-08-25T07:00:06.093750,13.732876
1787659206125000000,2026-08-25T07:00:06.125000,13.569606
1787659206156250000,2026-08-25T07:00:06.156250,13.043511
1787659206187500000,2026-08-25T07:00:06.187500,12.898382
1787702400093750000,2026-08-25T19:00:00.093750,-10.467463
1787702400125000000,2026-08-25T19:00:00.125000,-11.211252
1787702400156250000,2026-08-25T19:00:00.156250,-11.773628
1787702400187500000,2026-08-25T19:00:00.187500,-12.227158
1787702400218750000,2026-08-25T19:00:00.218750,-12.535558
1787702400250000000,2026-08-25T19:00:00.250000,-12.589982
1787702400281250000,2026-08-25T19:00:00.281250,-12.716970
1787702400312500000,2026-08-25T19:00:00.312500,-12.662546
1787702400343750000,2026-08-25T19:00:00.343750,-12.716970
1787702400375000000,2026-08-25T19:00:00.375000,-13.007229
1787702400406250000,2026-08-25T19:00:00.406250,-13.551464
1787702400437500000,2026-08-25T19:00:00.437500,-13.533323
1787702400468750000,2026-08-25T19:00:00.468750,-13.515182
1787702400500000000,2026-08-25T19:00:00.500000,-13.551464
1787702400531250000,2026-08-25T19:00:00.531250,-13.551464
1787702400562500000,2026-08-25T19:00:00.562500,-13.333770
1787702400593750000,2026-08-25T19:00:00.593750,-13.497041
1787702400625000000,2026-08-25T19:00:00.625000,-13.696594
1787702400656250000,2026-08-25T19:00:00.656250,-13.442617
1787702400687500000,2026-08-25T19:00:00.687500,-13.315629
1787702400718750000,2026-08-25T19:00:00.718750,-13.370053
1787702400750000000,2026-08-25T19:00:00.750000,-13.116076
1787702400781250000,2026-08-25T19:00:00.781250,-12.517417
1787702400812500000,2026-08-25T19:00:00.812500,-12.372287
1787702400843750000,2026-08-25T19:00:00.843750,-12.118311
1787702400875000000,2026-08-25T19:00:00.875000,-11.574075
1787702400906250000,2026-08-25T19:00:00.906250,-11.156828
1787702400937500000,2026-08-25T19:00:00.937500,-11.156828
1787702400968750000,2026-08-25T19:00:00.968750,-10.594451
1787702401000000000,2026-08-25T19:00:01,-10.140922
1787702401031250000,2026-08-25T19:00:01.031250,-9.578545
1787702401062500000,2026-08-25T19:00:01.062500,-9.324569
1787702401093750000,2026-08-25T19:00:01.093750,-8.998027
1787702401125000000,2026-08-25T19:00:01.125000,-8.834757
1787702401156250000,2026-08-25T19:00:01.156250,-8.344945
1787702401187500000,2026-08-25T19:00:01.187500,-7.855133
1787702401218750000,2026-08-25T19:00:01.218750,-7.456027
1787702401250000000,2026-08-25T19:00:01.250000,-6.784803
1787702401281250000,2026-08-25T19:00:01.281250,-5.968450
1787702401312500000,2026-08-25T19:00:01.312500,-5.587485
1787702401343750000,2026-08-25T19:00:01.343750,-5.170237
1787702401375000000,2026-08-25T19:00:01.375000,-4.480872
1787702401406250000,2026-08-25T19:00:01.406250,-4.009202
1787702401437500000,2026-08-25T19:00:01.437500,-3.537531
1787702401468750000,2026-08-25T19:00:01.468750,-2.576048
1787702401500000000,2026-08-25T19:00:01.500000,-1.904824
1787702401531250000,2026-08-25T19:00:01.531250,-0.997765
1787702401562500000,2026-08-25T19:00:01.562500,-0.507953
1787702401593750000,2026-08-25T19:00:01.593750,0.072565
1787702401625000000,2026-08-25T19:00:01.625000,0.562377
1787702401656250000,2026-08-25T19:00:01.656250,1.106612
1787702401687500000,2026-08-25T19:00:01.687500,1.505718
1787702401718750000,2026-08-25T19:00:01.718750,2.430919
1787702401750000000,2026-08-25T19:00:01.750000,2.938872
1787702401781250000,2026-08-25T19:00:01.781250,3.483107
1787702401812500000,2026-08-25T19:00:01.812500,4.172472
1787702401843750000,2026-08-25T19:00:01.843750,5.043249
1787702401875000000,2026-08-25T19:00:01.875000,5.406073
1787702401906250000,2026-08-25T19:00:01.906250,6.204285
1787702401937500000,2026-08-25T19:00:01.937500,6.948073
1787702401968750000,2026-08-25T19:00:01.968750,7.673721
1787702402000000000,2026-08-25T19:00:02,7.855133
1787702402031250000,2026-08-25T19:00:02.031250,8.399368
1787702402062500000,2026-08-25T19:00:02.062500,9.052451
1787702402093750000,2026-08-25T19:00:02.093750,9.143157
1787702402125000000,2026-08-25T19:00:02.125000,9.270145
1787702402156250000,2026-08-25T19:00:02.156250,9.814381
1787702402187500000,2026-08-25T19:00:02.187500,10.086498
1787702402218750000,2026-08-25T19:00:02.218750,9.796239
1787702402250000000,2026-08-25T19:00:02.250000,10.376757
1787702402281250000,2026-08-25T19:00:02.281250,10.757722
1787702402312500000,2026-08-25T19:00:02.312500,11.156828
1787702402343750000,2026-08-25T19:00:02.343750,11.719205
1787702402375000000,2026-08-25T19:00:02.375000,12.227158
1787702402406250000,2026-08-25T19:00:02.406250,12.553699
1787702402437500000,2026-08-25T19:00:02.437500,12.716970
1787702402468750000,2026-08-25T19:00:02.468750,12.698829
1787702402500000000,2026-08-25T19:00:02.500000,12.626264
1787702402531250000,2026-08-25T19:00:02.531250,12.989088
1787702402562500000,2026-08-25T19:00:02.562500,13.206782
1787702402593750000,2026-08-25T19:00:02.593750,13.460759
1787702402625000000,2026-08-25T19:00:02.625000,13.442617
1787702402656250000,2026-08-25T19:00:02.656250,13.551464
1787702402687500000,2026-08-25T19:00:02.687500,13.388194
1787702402718750000,2026-08-25T19:00:02.718750,13.243064
1787702402750000000,2026-08-25T19:00:02.750000,13.243064
1787702402781250000,2026-08-25T19:00:02.781250,13.515182
1787702402812500000,2026-08-25T19:00:02.812500,13.696594
1787702402843750000,2026-08-25T19:00:02.843750,13.660312
1787702402875000000,2026-08-25T19:00:02.875000,13.351911
1787702402906250000,2026-08-25T19:00:02.906250,13.243064
1787702402937500000,2026-08-25T19:00:02.937500,13.097935
1787702402968750000,2026-08-25T19:00:02.968750,13.116076
1787702403000000000,2026-08-25T19:00:03,13.188641
1787702403031250000,2026-08-25T19:00:03.031250,13.642170
1787702403062500000,2026-08-25T19:00:03.062500,13.660312
1787702403093750000,2026-08-25T19:00:03.093750,13.587747
1787702403125000000,2026-08-25T19:00:03.125000,13.424476
1787702403156250000,2026-08-25T19:00:03.156250,13.442617
1787702403187500000,2026-08-25T19:00:03.187500,13.188641
1787702403218750000,2026-08-25T19:00:03.218750,13.370053
1787702403250000000,2026-08-25T19:00:03.250000,13.678453
1787702403281250000,2026-08-25T19:00:03.281250,13.515182
1787702403312500000,2026-08-25T19:00:03.312500,13.497041
1787702403343750000,2026-08-25T19:00:03.343750,13.678453
1787702403375000000,2026-08-25T19:00:03.375000,13.460759
1787702403406250000,2026-08-25T19:00:03.406250,13.279347
1787702403437500000,2026-08-25T19:00:03.437500,13.116076
1787702403468750000,2026-08-25T19:00:03.468750,12.916523
1787702403500000000,2026-08-25T19:00:03.500000,12.735111
1787702403531250000,2026-08-25T19:00:03.531250,12.753252
1787702403562500000,2026-08-25T19:00:03.562500,12.462993
1787702403593750000,2026-08-25T19:00:03.593750,12.517417
1787702403625000000,2026-08-25T19:00:03.625000,12.535558
1787702403656250000,2026-08-25T19:00:03.656250,12.136452
1787702403687500000,2026-08-25T19:00:03.687500,11.773628
1787702403718750000,2026-08-25T19:00:03.718750,11.846193
1787702403750000000,2026-08-25T19:00:03.750000,11.628499
1787702403781250000,2026-08-25T19:00:03.781250,11.247534
1787702403812500000,2026-08-25T19:00:03.812500,11.120546
1787702403843750000,2026-08-25T19:00:03.843750,10.775863
1787702403875000000,2026-08-25T19:00:03.875000,10.340475
1787702403906250000,2026-08-25T19:00:03.906250,10.013934
1787702403937500000,2026-08-25T19:00:03.937500,9.759957
1787702403968750000,2026-08-25T19:00:03.968750,9.451557
1787702404000000000,2026-08-25T19:00:04,9.179439
1787702404031250000,2026-08-25T19:00:04.031250,9.088733
1787702404062500000,2026-08-25T19:00:04.062500,8.798474
1787702404093750000,2026-08-25T19:00:04.093750,8.453792
1787702404125000000,2026-08-25T19:00:04.125000,8.236098
1787702404156250000,2026-08-25T19:00:04.156250,7.945839
1787702404187500000,2026-08-25T19:00:04.187500,7.093203
1787702404218750000,2026-08-25T19:00:04.218750,6.258708
1787702404250000000,2026-08-25T19:00:04.250000,5.678191
1787702404281250000,2026-08-25T19:00:04.281250,4.861837
1787702404312500000,2026-08-25T19:00:04.312500,4.136190
1787702404343750000,2026-08-25T19:00:04.343750,3.845931
1787702404375000000,2026-08-25T19:00:04.375000,3.700802
1787702404406250000,2026-08-25T19:00:04.406250,3.410543
1787702404437500000,2026-08-25T19:00:04.437500,2.703036
1787702404468750000,2026-08-25T19:00:04.468750,2.086236
1787702404500000000,2026-08-25T19:00:04.500000,1.070330
1787702404531250000,2026-08-25T19:00:04.531250,0.453530
1787702404562500000,2026-08-25T19:00:04.562500,-0.507953
1787702404593750000,2026-08-25T19:00:04.593750,-0.888918
1787702404625000000,2026-08-25T19:00:04.625000,-1.505718
1787702404656250000,2026-08-25T19:00:04.656250,-2.068095
1787702404687500000,2026-08-25T19:00:04.687500,-2.721178
1787702404718750000,2026-08-25T19:00:04.718750,-3.120284
1787702404750000000,2026-08-25T19:00:04.750000,-3.845931
1787702404781250000,2026-08-25T19:00:04.781250,-4.535296
1787702404812500000,2026-08-25T19:00:04.812500,-5.025108
1787702404843750000,2026-08-25T19:00:04.843750,-5.950308
1787702404875000000,2026-08-25T19:00:04.875000,-6.875509
1787702404906250000,2026-08-25T19:00:04.906250,-7.474168
1787702404937500000,2026-08-25T19:00:04.937500,-8.072827
1787702404968750000,2026-08-25T19:00:04.968750,-8.471933
1787702405000000000,2026-08-25T19:00:05,-8.707768
1787702405031250000,2026-08-25T19:00:05.031250,-9.161298
1787702405062500000,2026-08-25T19:00:05.062500,-9.651110
1787702405093750000,2026-08-25T19:00:05.093750,-9.959510
1787702405125000000,2026-08-25T19:00:05.125000,-10.540028
1787702405156250000,2026-08-25T19:00:05.156250,-10.993558
1787702405187500000,2026-08-25T19:00:05.187500,-11.265675
1787702405218750000,2026-08-25T19:00:05.218750,-11.755487
1787702405250000000,2026-08-25T19:00:05.250000,-12.045746
1787702405281250000,2026-08-25T19:00:05.281250,-12.227158
1787702405312500000,2026-08-25T19:00:05.312500,-12.698829
1787702405343750000,2026-08-25T19:00:05.343750,-13.007229
1787702405375000000,2026-08-25T19:00:05.375000,-13.116076
1787702405406250000,2026-08-25T19:00:05.406250,-13.297488
1787702405437500000,2026-08-25T19:00:05.437500,-13.515182
1787702405468750000,2026-08-25T19:00:05.468750,-13.370053
1787702405500000000,2026-08-25T19:00:05.500000,-13.261206
1787702405531250000,2026-08-25T19:00:05.531250,-13.188641
1787702405562500000,2026-08-25T19:00:05.562500,-13.261206
1787702405593750000,2026-08-25T19:00:05.593750,-13.333770
1787702405625000000,2026-08-25T19:00:05.625000,-13.533323
1787702405656250000,2026-08-25T19:00:05.656250,-13.406335
1787702405687500000,2026-08-25T19:00:05.687500,-13.406335
1787702405718750000,2026-08-25T19:00:05.718750,-13.079794
1787702405750000000,2026-08-25T19:00:05.750000,-12.626264
1787702405781250000,2026-08-25T19:00:05.781250,-12.299723
1787702405812500000,2026-08-25T19:00:05.812500,-12.299723
1787702405843750000,2026-08-25T19:00:05.843750,-12.209017
1787702405875000000,2026-08-25T19:00:05.875000,-12.154593
1787702405906250000,2026-08-25T19:00:05.906250,-12.082029
1787702405937500000,2026-08-25T19:00:05.937500,-11.737346
1787702405968750000,2026-08-25T19:00:05.968750,-11.410805
1787702406000000000,2026-08-25T19:00:06,-10.920993
1787702406031250000,2026-08-25T19:00:06.031250,-10.721440
1787702406062500000,2026-08-25T19:00:06.062500,-10.159063
1787702406093750000,2026-08-25T19:00:06.093750,-9.868804
1787702406125000000,2026-08-25T19:00:06.125000,-9.524122
1787702406156250000,2026-08-25T19:00:06.156250,-8.889180
1787702406187500000,2026-08-25T19:00:06.187500,-8.308662
1787745600093750000,2026-08-26T07:00:00.093750,-11.020769
1787745600125000000,2026-08-26T07:00:00.125000,-10.821216
1787745600156250000,2026-08-26T07:00:00.156250,-10.077428
1787745600187500000,2026-08-26T07:00:00.187500,-9.587616
1787745600218750000,2026-08-26T07:00:00.218750,-8.970815
1787745600250000000,2026-08-26T07:00:00.250000,-8.571709
1787745600281250000,2026-08-26T07:00:00.281250,-7.900486
1787745600312500000,2026-08-26T07:00:00.312500,-7.537662
1787745600343750000,2026-08-26T07:00:00.343750,-7.283685
1787745600375000000,2026-08-26T07:00:00.375000,-6.812015
1787745600406250000,2026-08-26T07:00:00.406250,-6.249638
1787745600437500000,2026-08-26T07:00:00.437500,-5.868673
1787745600468750000,2026-08-26T07:00:00.468750,-5.197449
1787745600500000000,2026-08-26T07:00:00.500000,-4.471802
1787745600531250000,2026-08-26T07:00:00.531250,-3.981990
1787745600562500000,2026-08-26T07:00:00.562500,-3.528460
1787745600593750000,2026-08-26T07:00:00.593750,-2.675825
1787745600625000000,2026-08-26T07:00:00.625000,-2.059024
1787745600656250000,2026-08-26T07:00:00.656250,-1.315236
1787745600687500000,2026-08-26T07:00:00.687500,-0.716577
1787745600718750000,2026-08-26T07:00:00.718750,0.045353
1787745600750000000,2026-08-26T07:00:00.750000,0.680294
1787745600781250000,2026-08-26T07:00:00.781250,1.333377
1787745600812500000,2026-08-26T07:00:00.812500,2.077166
1787745600843750000,2026-08-26T07:00:00.843750,2.875378
1787745600875000000,2026-08-26T07:00:00.875000,3.474037
1787745600906250000,2026-08-26T07:00:00.906250,3.927566
1787745600937500000,2026-08-26T07:00:00.937500,4.344814
1787745600968750000,2026-08-26T07:00:00.968750,4.780202
1787745601000000000,2026-08-26T07:00:01,5.415143
1787745601031250000,2026-08-26T07:00:01.031250,5.886814
1787745601062500000,2026-08-26T07:00:01.062500,6.322203
1787745601093750000,2026-08-26T07:00:01.093750,6.957144
1787745601125000000,2026-08-26T07:00:01.125000,7.374391
1787745601156250000,2026-08-26T07:00:01.156250,7.864203
1787745601187500000,2026-08-26T07:00:01.187500,8.227027
1787745601218750000,2026-08-26T07:00:01.218750,8.807545
1787745601250000000,2026-08-26T07:00:01.250000,9.224792
1787745601281250000,2026-08-26T07:00:01.281250,9.787169
1787745601312500000,2026-08-26T07:00:01.312500,9.950439
1787745601343750000,2026-08-26T07:00:01.343750,10.440251
1787745601375000000,2026-08-26T07:00:01.375000,10.839357
1787745601406250000,2026-08-26T07:00:01.406250,11.365452
1787745601437500000,2026-08-26T07:00:01.437500,11.492440
1787745601468750000,2026-08-26T07:00:01.468750,11.837123
1787745601500000000,2026-08-26T07:00:01.500000,11.964111
1787745601531250000,2026-08-26T07:00:01.531250,11.891546
1787745601562500000,2026-08-26T07:00:01.562500,11.782699
1787745601593750000,2026-08-26T07:00:01.593750,12.435782
1787745601625000000,2026-08-26T07:00:01.625000,12.671617
1787745601656250000,2026-08-26T07:00:01.656250,13.197711
1787745601687500000,2026-08-26T07:00:01.687500,13.669382
1787745601718750000,2026-08-26T07:00:01.718750,13.887076
1787745601750000000,2026-08-26T07:00:01.750000,13.705665
1787745601781250000,2026-08-26T07:00:01.781250,13.651241
1787745601812500000,2026-08-26T07:00:01.812500,13.469829
1787745601843750000,2026-08-26T07:00:01.843750,13.197711
1787745601875000000,2026-08-26T07:00:01.875000,13.270276
1787745601906250000,2026-08-26T07:00:01.906250,13.107005
1787745601937500000,2026-08-26T07:00:01.937500,13.433547
1787745601968750000,2026-08-26T07:00:01.968750,13.560535
1787745602000000000,2026-08-26T07:00:02,13.741947
1787745602031250000,2026-08-26T07:00:02.031250,13.760088
1787745602062500000,2026-08-26T07:00:02.062500,13.651241
1787745602093750000,2026-08-26T07:00:02.093750,13.669382
1787745602125000000,2026-08-26T07:00:02.125000,13.669382
1787745602156250000,2026-08-26T07:00:02.156250,13.741947
1787745602187500000,2026-08-26T07:00:02.187500,13.487970
1787745602218750000,2026-08-26T07:00:02.218750,13.778229
1787745602250000000,2026-08-26T07:00:02.250000,13.433547
1787745602281250000,2026-08-26T07:00:02.281250,13.360982
1787745602312500000,2026-08-26T07:00:02.312500,13.397264
1787745602343750000,2026-08-26T07:00:02.343750,13.633100
1787745602375000000,2026-08-26T07:00:02.375000,13.814512
1787745602406250000,2026-08-26T07:00:02.406250,13.959641
1787745602437500000,2026-08-26T07:00:02.437500,13.542394
1787745602468750000,2026-08-26T07:00:02.468750,13.379123
1787745602500000000,2026-08-26T07:00:02.500000,13.233994
1787745602531250000,2026-08-26T07:00:02.531250,12.871170
1787745602562500000,2026-08-26T07:00:02.562500,12.689758
1787745602593750000,2026-08-26T07:00:02.593750,12.943735
1787745602625000000,2026-08-26T07:00:02.625000,12.689758
1787745602656250000,2026-08-26T07:00:02.656250,12.707899
1787745602687500000,2026-08-26T07:00:02.687500,12.399499
1787745602718750000,2026-08-26T07:00:02.718750,12.326935
1787745602750000000,2026-08-26T07:00:02.750000,12.109240
1787745602781250000,2026-08-26T07:00:02.781250,12.127382
1787745602812500000,2026-08-26T07:00:02.812500,11.818981
1787745602843750000,2026-08-26T07:00:02.843750,11.673852
1787745602875000000,2026-08-26T07:00:02.875000,11.401734
1787745602906250000,2026-08-26T07:00:02.906250,11.184040
1787745602937500000,2026-08-26T07:00:02.937500,10.966346
1787745602968750000,2026-08-26T07:00:02.968750,10.585381
1787745603000000000,2026-08-26T07:00:03,10.567240
1787745603031250000,2026-08-26T07:00:03.031250,10.403969
1787745603062500000,2026-08-26T07:00:03.062500,9.986722
1787745603093750000,2026-08-26T07:00:03.093750,9.732745
1787745603125000000,2026-08-26T07:00:03.125000,9.623898
1787745603156250000,2026-08-26T07:00:03.156250,9.206651
1787745603187500000,2026-08-26T07:00:03.187500,8.734980
1787745603218750000,2026-08-26T07:00:03.218750,8.644274
1787745603250000000,2026-08-26T07:00:03.250000,8.190745
1787745603281250000,2026-08-26T07:00:03.281250,7.791639
1787745603312500000,2026-08-26T07:00:03.312500,7.428815
1787745603343750000,2026-08-26T07:00:03.343750,7.084132
1787745603375000000,2026-08-26T07:00:03.375000,6.431050
1787745603406250000,2026-08-26T07:00:03.406250,5.886814
1787745603437500000,2026-08-26T07:00:03.437500,5.487708
1787745603468750000,2026-08-26T07:00:03.468750,5.034179
1787745603500000000,2026-08-26T07:00:03.500000,4.399237
1787745603531250000,2026-08-26T07:00:03.531250,3.619166
1787745603562500000,2026-08-26T07:00:03.562500,2.984225
1787745603593750000,2026-08-26T07:00:03.593750,2.240436
1787745603625000000,2026-08-26T07:00:03.625000,1.714342
1787745603656250000,2026-08-26T07:00:03.656250,0.807283
1787745603687500000,2026-08-26T07:00:03.687500,0.462600
1787745603718750000,2026-08-26T07:00:03.718750,-0.244906
1787745603750000000,2026-08-26T07:00:03.750000,-0.825424
1787745603781250000,2026-08-26T07:00:03.781250,-1.732483
1787745603812500000,2026-08-26T07:00:03.812500,-1.968318
1787745603843750000,2026-08-26T07:00:03.843750,-2.566978
1787745603875000000,2026-08-26T07:00:03.875000,-3.165637
1787745603906250000,2026-08-26T07:00:03.906250,-3.746154
1787745603937500000,2026-08-26T07:00:03.937500,-4.254108
1787745603968750000,2026-08-26T07:00:03.968750,-4.907190
1787745604000000000,2026-08-26T07:00:04,-5.650979
1787745604031250000,2026-08-26T07:00:04.031250,-6.177073
1787745604062500000,2026-08-26T07:00:04.062500,-6.920862
1787745604093750000,2026-08-26T07:00:04.093750,-7.592086
1787745604125000000,2026-08-26T07:00:04.125000,-8.281450
1787745604156250000,2026-08-26T07:00:04.156250,-8.807545
1787745604187500000,2026-08-26T07:00:04.187500,-9.115945
1787745604218750000,2026-08-26T07:00:04.218750,-9.388063
1787745604250000000,2026-08-26T07:00:04.250000,-9.859734
1787745604281250000,2026-08-26T07:00:04.281250,-10.131851
1787745604312500000,2026-08-26T07:00:04.312500,-10.494675
1787745604343750000,2026-08-26T07:00:04.343750,-10.948205
1787745604375000000,2026-08-26T07:00:04.375000,-11.528722
1787745604406250000,2026-08-26T07:00:04.406250,-11.837123
1787745604437500000,2026-08-26T07:00:04.437500,-12.326935
1787745604468750000,2026-08-26T07:00:04.468750,-12.671617
1787745604500000000,2026-08-26T07:00:04.500000,-13.197711
1787745604531250000,2026-08-26T07:00:04.531250,-13.125147
1787745604562500000,2026-08-26T07:00:04.562500,-13.324700
1787745604593750000,2026-08-26T07:00:04.593750,-13.179570
1787745604625000000,2026-08-26T07:00:04.625000,-13.179570
1787745604656250000,2026-08-26T07:00:04.656250,-13.052582
1787745604687500000,2026-08-26T07:00:04.687500,-13.270276
1787745604718750000,2026-08-26T07:00:04.718750,-13.506111
1787745604750000000,2026-08-26T07:00:04.750000,-13.760088
1787745604781250000,2026-08-26T07:00:04.781250,-13.959641
1787745604812500000,2026-08-26T07:00:04.812500,-13.687523
1787745604843750000,2026-08-26T07:00:04.843750,-13.669382
1787745604875000000,2026-08-26T07:00:04.875000,-13.379123
1787745604906250000,2026-08-26T07:00:04.906250,-13.070723
1787745604937500000,2026-08-26T07:00:04.937500,-12.562770
1787745604968750000,2026-08-26T07:00:04.968750,-12.472064
1787745605000000000,2026-08-26T07:00:05,-12.018534
1787745605031250000,2026-08-26T07:00:05.031250,-11.673852
1787745605062500000,2026-08-26T07:00:05.062500,-11.565005
1787745605093750000,2026-08-26T07:00:05.093750,-11.147758
1787745605125000000,2026-08-26T07:00:05.125000,-10.803075
1787745605156250000,2026-08-26T07:00:05.156250,-10.712369
1787745605187500000,2026-08-26T07:00:05.187500,-10.367687
1787745605218750000,2026-08-26T07:00:05.218750,-9.805310
1787745605250000000,2026-08-26T07:00:05.250000,-9.587616
1787745605281250000,2026-08-26T07:00:05.281250,-8.825686
1787745605312500000,2026-08-26T07:00:05.312500,-8.263309
1787745605343750000,2026-08-26T07:00:05.343750,-7.719074
1787745605375000000,2026-08-26T07:00:05.375000,-7.120415
1787745605406250000,2026-08-26T07:00:05.406250,-6.195214
1787745605437500000,2026-08-26T07:00:05.437500,-5.959379
1787745605468750000,2026-08-26T07:00:05.468750,-5.378861
1787745605500000000,2026-08-26T07:00:05.500000,-4.725778
1787745605531250000,2026-08-26T07:00:05.531250,-4.290390
1787745605562500000,2026-08-26T07:00:05.562500,-3.818719
1787745605593750000,2026-08-26T07:00:05.593750,-3.510319
1787745605625000000,2026-08-26T07:00:05.625000,-2.839095
1787745605656250000,2026-08-26T07:00:05.656250,-2.367425
1787745605687500000,2026-08-26T07:00:05.687500,-1.478506
1787745605718750000,2026-08-26T07:00:05.718750,-0.952412
1787745605750000000,2026-08-26T07:00:05.750000,-0.117918
1787745605781250000,2026-08-26T07:00:05.781250,0.625871
1787745605812500000,2026-08-26T07:00:05.812500,1.532930
1787745605843750000,2026-08-26T07:00:05.843750,1.659918
1787745605875000000,2026-08-26T07:00:05.875000,2.204154
1787745605906250000,2026-08-26T07:00:05.906250,2.984225
1787745605937500000,2026-08-26T07:00:05.937500,3.474037
1787745605968750000,2026-08-26T07:00:05.968750,3.927566
1787745606000000000,2026-08-26T07:00:06,4.635073
1787745606031250000,2026-08-26T07:00:06.031250,5.233732
1787745606062500000,2026-08-26T07:00:06.062500,5.578414
1787745606093750000,2026-08-26T07:00:06.093750,6.050085
1787745606125000000,2026-08-26T07:00:06.125000,6.648744
1787745606156250000,2026-08-26T07:00:06.156250,7.610227
1787745606187500000,2026-08-26T07:00:06.187500,8.172603
1787788800093750000,2026-08-26T19:00:00.093750,13.215853
1787788800125000000,2026-08-26T19:00:00.125000,13.233994
1787788800156250000,2026-08-26T19:00:00.156250,13.324700
1787788800187500000,2026-08-26T19:00:00.187500,13.469829
1787788800218750000,2026-08-26T19:00:00.218750,13.487970
1787788800250000000,2026-08-26T19:00:00.250000,13.850794
1787788800281250000,2026-08-26T19:00:00.281250,13.850794
1787788800312500000,2026-08-26T19:00:00.312500,13.596817
1787788800343750000,2026-08-26T19:00:00.343750,13.433547
1787788800375000000,2026-08-26T19:00:00.375000,13.252135
1787788800406250000,2026-08-26T19:00:00.406250,12.980017
1787788800437500000,2026-08-26T19:00:00.437500,12.961876
1787788800468750000,2026-08-26T19:00:00.468750,13.070723
1787788800500000000,2026-08-26T19:00:00.500000,13.342841
1787788800531250000,2026-08-26T19:00:00.531250,13.179570
1787788800562500000,2026-08-26T19:00:00.562500,13.197711
1787788800593750000,2026-08-26T19:00:00.593750,12.998158
1787788800625000000,2026-08-26T19:00:00.625000,13.179570
1787788800656250000,2026-08-26T19:00:00.656250,13.070723
1787788800687500000,2026-08-26T19:00:00.687500,13.070723
1787788800718750000,2026-08-26T19:00:00.718750,12.889311
1787788800750000000,2026-08-26T19:00:00.750000,13.088864
1787788800781250000,2026-08-26T19:00:00.781250,13.197711
1787788800812500000,2026-08-26T19:00:00.812500,12.980017
1787788800843750000,2026-08-26T19:00:00.843750,12.925594
1787788800875000000,2026-08-26T19:00:00.875000,12.798605
1787788800906250000,2026-08-26T19:00:00.906250,12.526488
1787788800937500000,2026-08-26T19:00:00.937500,12.345076
1787788800968750000,2026-08-26T19:00:00.968750,12.127382
1787788801000000000,2026-08-26T19:00:01,12.272511
1787788801031250000,2026-08-26T19:00:01.031250,12.127382
1787788801062500000,2026-08-26T19:00:01.062500,11.982252
1787788801093750000,2026-08-26T19:00:01.093750,11.565005
1787788801125000000,2026-08-26T19:00:01.125000,11.818981
1787788801156250000,2026-08-26T19:00:01.156250,11.383593
1787788801187500000,2026-08-26T19:00:01.187500,11.256605
1787788801218750000,2026-08-26T19:00:01.218750,11.020769
1787788801250000000,2026-08-26T19:00:01.250000,10.694228
1787788801281250000,2026-08-26T19:00:01.281250,10.295122
1787788801312500000,2026-08-26T19:00:01.312500,10.149992
1787788801343750000,2026-08-26T19:00:01.343750,10.149992
1787788801375000000,2026-08-26T19:00:01.375000,9.932298
1787788801406250000,2026-08-26T19:00:01.406250,9.950439
1787788801437500000,2026-08-26T19:00:01.437500,9.678322
1787788801468750000,2026-08-26T19:00:01.468750,9.587616
1787788801500000000,2026-08-26T19:00:01.500000,9.079663
1787788801531250000,2026-08-26T19:00:01.531250,8.843827
1787788801562500000,2026-08-26T19:00:01.562500,8.354015
1787788801593750000,2026-08-26T19:00:01.593750,7.864203
1787788801625000000,2026-08-26T19:00:01.625000,7.192979
1787788801656250000,2026-08-26T19:00:01.656250,6.703167
1787788801687500000,2026-08-26T19:00:01.687500,6.177073
1787788801718750000,2026-08-26T19:00:01.718750,5.632838
1787788801750000000,2026-08-26T19:00:01.750000,4.925331
1787788801781250000,2026-08-26T19:00:01.781250,4.435519
1787788801812500000,2026-08-26T19:00:01.812500,3.909425
1787788801843750000,2026-08-26T19:00:01.843750,3.129354
1787788801875000000,2026-08-26T19:00:01.875000,2.585119
1787788801906250000,2026-08-26T19:00:01.906250,2.113448
1787788801937500000,2026-08-26T19:00:01.937500,1.623636
1787788801968750000,2026-08-26T19:00:01.968750,0.825424
1787788802000000000,2026-08-26T19:00:02,0.480741
1787788802031250000,2026-08-26T19:00:02.031250,-0.281188
1787788802062500000,2026-08-26T19:00:02.062500,-0.698436
1787788802093750000,2026-08-26T19:00:02.093750,-1.605495
1787788802125000000,2026-08-26T19:00:02.125000,-2.149730
1787788802156250000,2026-08-26T19:00:02.156250,-2.712107
1787788802187500000,2026-08-26T19:00:02.187500,-3.238201
1787788802218750000,2026-08-26T19:00:02.218750,-3.963849
1787788802250000000,2026-08-26T19:00:02.250000,-4.707637
1787788802281250000,2026-08-26T19:00:02.281250,-5.451426
1787788802312500000,2026-08-26T19:00:02.312500,-6.340344
1787788802343750000,2026-08-26T19:00:02.343750,-7.211121
1787788802375000000,2026-08-26T19:00:02.375000,-7.827921
1787788802406250000,2026-08-26T19:00:02.406250,-8.154462
1787788802437500000,2026-08-26T19:00:02.437500,-8.408439
1787788802468750000,2026-08-26T19:00:02.468750,-8.898251
1787788802500000000,2026-08-26T19:00:02.500000,-9.369922
1787788802531250000,2026-08-26T19:00:02.531250,-9.769028
1787788802562500000,2026-08-26T19:00:02.562500,-10.331404
1787788802593750000,2026-08-26T19:00:02.593750,-11.057052
1787788802625000000,2026-08-26T19:00:02.625000,-11.492440
1787788802656250000,2026-08-26T19:00:02.656250,-11.782699
1787788802687500000,2026-08-26T19:00:02.687500,-12.163664
1787788802718750000,2026-08-26T19:00:02.718750,-12.399499
1787788802750000000,2026-08-26T19:00:02.750000,-12.508346
1787788802781250000,2026-08-26T19:00:02.781250,-12.707899
1787788802812500000,2026-08-26T19:00:02.812500,-12.689758
1787788802843750000,2026-08-26T19:00:02.843750,-12.907452
1787788802875000000,2026-08-26T19:00:02.875000,-12.889311
1787788802906250000,2026-08-26T19:00:02.906250,-13.233994
1787788802937500000,2026-08-26T19:00:02.937500,-13.415406
1787788802968750000,2026-08-26T19:00:02.968750,-13.433547
1787788803000000000,2026-08-26T19:00:03,-13.741947
1787788803031250000,2026-08-26T19:00:03.031250,-13.850794
1787788803062500000,2026-08-26T19:00:03.062500,-13.651241
1787788803093750000,2026-08-26T19:00:03.093750,-13.433547
1787788803125000000,2026-08-26T19:00:03.125000,-13.596817
1787788803156250000,2026-08-26T19:00:03.156250,-13.342841
1787788803187500000,2026-08-26T19:00:03.187500,-13.324700
1787788803218750000,2026-08-26T19:00:03.218750,-12.961876
1787788803250000000,2026-08-26T19:00:03.250000,-12.889311
1787788803281250000,2026-08-26T19:00:03.281250,-12.308793
1787788803312500000,2026-08-26T19:00:03.312500,-12.036676
1787788803343750000,2026-08-26T19:00:03.343750,-11.546864
1787788803375000000,2026-08-26T19:00:03.375000,-11.419875
1787788803406250000,2026-08-26T19:00:03.406250,-11.165899
1787788803437500000,2026-08-26T19:00:03.437500,-11.238463
1787788803468750000,2026-08-26T19:00:03.468750,-10.984487
1787788803500000000,2026-08-26T19:00:03.500000,-10.585381
1787788803531250000,2026-08-26T19:00:03.531250,-10.422110
1787788803562500000,2026-08-26T19:00:03.562500,-9.877875
1787788803593750000,2026-08-26T19:00:03.593750,-9.496910
1787788803625000000,2026-08-26T19:00:03.625000,-8.789404
1787788803656250000,2026-08-26T19:00:03.656250,-8.517286
1787788803687500000,2026-08-26T19:00:03.687500,-8.154462
1787788803718750000,2026-08-26T19:00:03.718750,-7.682791
1787788803750000000,2026-08-26T19:00:03.750000,-6.975285
1787788803781250000,2026-08-26T19:00:03.781250,-6.467332
1787788803812500000,2026-08-26T19:00:03.812500,-5.904955
1787788803843750000,2026-08-26T19:00:03.843750,-4.979755
1787788803875000000,2026-08-26T19:00:03.875000,-4.326672
1787788803906250000,2026-08-26T19:00:03.906250,-3.655449
1787788803937500000,2026-08-26T19:00:03.937500,-3.129354
1787788803968750000,2026-08-26T19:00:03.968750,-2.639542
1787788804000000000,2026-08-26T19:00:04,-2.258577
1787788804031250000,2026-08-26T19:00:04.031250,-1.641777
1787788804062500000,2026-08-26T19:00:04.062500,-0.988695
1787788804093750000,2026-08-26T19:00:04.093750,-0.644012
1787788804125000000,2026-08-26T19:00:04.125000,-0.154200
1787788804156250000,2026-08-26T19:00:04.156250,0.517024
1787788804187500000,2026-08-26T19:00:04.187500,0.734718
1787788804218750000,2026-08-26T19:00:04.218750,1.170106
1787788804250000000,2026-08-26T19:00:04.250000,2.040883
1787788804281250000,2026-08-26T19:00:04.281250,2.893519
1787788804312500000,2026-08-26T19:00:04.312500,3.728013
1787788804343750000,2026-08-26T19:00:04.343750,4.417378
1787788804375000000,2026-08-26T19:00:04.375000,5.161167
1787788804406250000,2026-08-26T19:00:04.406250,5.614696
1787788804437500000,2026-08-26T19:00:04.437500,6.122650
1787788804468750000,2026-08-26T19:00:04.468750,6.485473
1787788804500000000,2026-08-26T19:00:04.500000,7.156697
1787788804531250000,2026-08-26T19:00:04.531250,7.483238
1787788804562500000,2026-08-26T19:00:04.562500,8.045615
1787788804593750000,2026-08-26T19:00:04.593750,8.734980
1787788804625000000,2026-08-26T19:00:04.625000,9.170369
1787788804656250000,2026-08-26T19:00:04.656250,9.406204
1787788804687500000,2026-08-26T19:00:04.687500,9.914157
1787788804718750000,2026-08-26T19:00:04.718750,10.113710
1787788804750000000,2026-08-26T19:00:04.750000,10.186275
1787788804781250000,2026-08-26T19:00:04.781250,10.676087
1787788804812500000,2026-08-26T19:00:04.812500,11.038910
1787788804843750000,2026-08-26T19:00:04.843750,11.238463
1787788804875000000,2026-08-26T19:00:04.875000,11.637570
1787788804906250000,2026-08-26T19:00:04.906250,11.927828
1787788804937500000,2026-08-26T19:00:04.937500,12.218087
1787788804968750000,2026-08-26T19:00:04.968750,12.671617
1787788805000000000,2026-08-26T19:00:05,12.726041
1787788805031250000,2026-08-26T19:00:05.031250,12.653476
1787788805062500000,2026-08-26T19:00:05.062500,12.744182
1787788805093750000,2026-08-26T19:00:05.093750,12.653476
1787788805125000000,2026-08-26T19:00:05.125000,12.671617
1787788805156250000,2026-08-26T19:00:05.156250,12.744182
1787788805187500000,2026-08-26T19:00:05.187500,13.143288
1787788805218750000,2026-08-26T19:00:05.218750,13.161429
1787788805250000000,2026-08-26T19:00:05.250000,13.360982
1787788805281250000,2026-08-26T19:00:05.281250,13.107005
1787788805312500000,2026-08-26T19:00:05.312500,13.088864
1787788805343750000,2026-08-26T19:00:05.343750,12.780464
1787788805375000000,2026-08-26T19:00:05.375000,13.088864
1787788805406250000,2026-08-26T19:00:05.406250,12.762323
1787788805437500000,2026-08-26T19:00:05.437500,12.871170
1787788805468750000,2026-08-26T19:00:05.468750,12.998158
1787788805500000000,2026-08-26T19:00:05.500000,13.070723
1787788805531250000,2026-08-26T19:00:05.531250,12.689758
1787788805562500000,2026-08-26T19:00:05.562500,12.798605
1787788805593750000,2026-08-26T19:00:05.593750,13.233994
1787788805625000000,2026-08-26T19:00:05.625000,12.889311
1787788805656250000,2026-08-26T19:00:05.656250,12.889311
1787788805687500000,2026-08-26T19:00:05.687500,12.961876
1787788805718750000,2026-08-26T19:00:05.718750,12.925594
1787788805750000000,2026-08-26T19:00:05.750000,12.472064
1787788805781250000,2026-08-26T19:00:05.781250,12.689758
1787788805812500000,2026-08-26T19:00:05.812500,12.871170
1787788805843750000,2026-08-26T19:00:05.843750,13.016300
1787788805875000000,2026-08-26T19:00:05.875000,12.961876
1787788805906250000,2026-08-26T19:00:05.906250,12.853029
1787788805937500000,2026-08-26T19:00:05.937500,13.088864
1787788805968750000,2026-08-26T19:00:05.968750,12.798605
1787788806000000000,2026-08-26T19:00:06,12.599052
1787788806031250000,2026-08-26T19:00:06.031250,12.345076
1787788806062500000,2026-08-26T19:00:06.062500,12.290652
1787788806093750000,2026-08-26T19:00:06.093750,12.018534
1787788806125000000,2026-08-26T19:00:06.125000,11.855264
1787788806156250000,2026-08-26T19:00:06.156250,11.746417
1787788806187500000,2026-08-26T19:00:06.187500,11.782699
1787832000093750000,2026-08-27T07:00:00.093750,7.374391
1787832000125000000,2026-08-27T07:00:00.125000,6.612462
1787832000156250000,2026-08-27T07:00:00.156250,6.213356
1787832000187500000,2026-08-27T07:00:00.187500,5.306296
1787832000218750000,2026-08-27T07:00:00.218750,4.925331
1787832000250000000,2026-08-27T07:00:00.250000,4.290390
1787832000281250000,2026-08-27T07:00:00.281250,4.054555
1787832000312500000,2026-08-27T07:00:00.312500,3.238201
1787832000343750000,2026-08-27T07:00:00.343750,3.038648
1787832000375000000,2026-08-27T07:00:00.375000,2.276719
1787832000406250000,2026-08-27T07:00:00.406250,1.841330
1787832000437500000,2026-08-27T07:00:00.437500,0.934271
1787832000468750000,2026-08-27T07:00:00.468750,0.480741
1787832000500000000,2026-08-27T07:00:00.500000,-0.498883
1787832000531250000,2026-08-27T07:00:00.531250,-1.061259
1787832000562500000,2026-08-27T07:00:00.562500,-1.823189
1787832000593750000,2026-08-27T07:00:00.593750,-2.512554
1787832000625000000,2026-08-27T07:00:00.625000,-3.383331
1787832000656250000,2026-08-27T07:00:00.656250,-3.855002
1787832000687500000,2026-08-27T07:00:00.687500,-4.471802
1787832000718750000,2026-08-27T07:00:00.718750,-5.106743
1787832000750000000,2026-08-27T07:00:00.750000,-5.578414
1787832000781250000,2026-08-27T07:00:00.781250,-5.796108
1787832000812500000,2026-08-27T07:00:00.812500,-6.340344
1787832000843750000,2026-08-27T07:00:00.843750,-6.957144
1787832000875000000,2026-08-27T07:00:00.875000,-7.555803
1787832000906250000,2026-08-27T07:00:00.906250,-8.045615
1787832000937500000,2026-08-27T07:00:00.937500,-8.481004
1787832000968750000,2026-08-27T07:00:00.968750,-8.898251
1787832001000000000,2026-08-27T07:00:01,-9.478769
1787832001031250000,2026-08-27T07:00:01.031250,-10.004863
1787832001062500000,2026-08-27T07:00:01.062500,-10.567240
1787832001093750000,2026-08-27T07:00:01.093750,-11.329169
1787832001125000000,2026-08-27T07:00:01.125000,-11.945970
1787832001156250000,2026-08-27T07:00:01.156250,-12.145523
1787832001187500000,2026-08-27T07:00:01.187500,-12.363217
1787832001218750000,2026-08-27T07:00:01.218750,-12.780464
1787832001250000000,2026-08-27T07:00:01.250000,-12.617193
1787832001281250000,2026-08-27T07:00:01.281250,-12.617193
1787832001312500000,2026-08-27T07:00:01.312500,-12.853029
1787832001343750000,2026-08-27T07:00:01.343750,-12.871170
1787832001375000000,2026-08-27T07:00:01.375000,-12.853029
1787832001406250000,2026-08-27T07:00:01.406250,-13.197711
1787832001437500000,2026-08-27T07:00:01.437500,-13.306558
1787832001468750000,2026-08-27T07:00:01.468750,-13.433547
1787832001500000000,2026-08-27T07:00:01.500000,-13.832653
1787832001531250000,2026-08-27T07:00:01.531250,-13.887076
1787832001562500000,2026-08-27T07:00:01.562500,-13.814512
1787832001593750000,2026-08-27T07:00:01.593750,-13.633100
1787832001625000000,2026-08-27T07:00:01.625000,-13.506111
1787832001656250000,2026-08-27T07:00:01.656250,-12.907452
1787832001687500000,2026-08-27T07:00:01.687500,-12.671617
1787832001718750000,2026-08-27T07:00:01.718750,-12.671617
1787832001750000000,2026-08-27T07:00:01.750000,-12.453923
1787832001781250000,2026-08-27T07:00:01.781250,-12.091099
1787832001812500000,2026-08-27T07:00:01.812500,-12.272511
1787832001843750000,2026-08-27T07:00:01.843750,-12.254370
1787832001875000000,2026-08-27T07:00:01.875000,-11.728275
1787832001906250000,2026-08-27T07:00:01.906250,-11.419875
1787832001937500000,2026-08-27T07:00:01.937500,-11.111475
1787832001968750000,2026-08-27T07:00:01.968750,-10.639804
1787832002000000000,2026-08-27T07:00:02,-10.149992
1787832002031250000,2026-08-27T07:00:02.031250,-9.732745
1787832002062500000,2026-08-27T07:00:02.062500,-9.224792
1787832002093750000,2026-08-27T07:00:02.093750,-8.753121
1787832002125000000,2026-08-27T07:00:02.125000,-8.063756
1787832002156250000,2026-08-27T07:00:02.156250,-7.265544
1787832002187500000,2026-08-27T07:00:02.187500,-6.648744
1787832002218750000,2026-08-27T07:00:02.218750,-5.923097
1787832002250000000,2026-08-27T07:00:02.250000,-5.415143
1787832002281250000,2026-08-27T07:00:02.281250,-4.689496
1787832002312500000,2026-08-27T07:00:02.312500,-4.272249
1787832002343750000,2026-08-27T07:00:02.343750,-3.782437
1787832002375000000,2026-08-27T07:00:02.375000,-3.455896
1787832002406250000,2026-08-27T07:00:02.406250,-2.802813
1787832002437500000,2026-08-27T07:00:02.437500,-2.621401
1787832002468750000,2026-08-27T07:00:02.468750,-2.077166
1787832002500000000,2026-08-27T07:00:02.500000,-1.678060
1787832002531250000,2026-08-27T07:00:02.531250,-1.115683
1787832002562500000,2026-08-27T07:00:02.562500,-0.644012
1787832002593750000,2026-08-27T07:00:02.593750,0.426318
1787832002625000000,2026-08-27T07:00:02.625000,1.151965
1787832002656250000,2026-08-27T07:00:02.656250,2.095307
1787832002687500000,2026-08-27T07:00:02.687500,2.693966
1787832002718750000,2026-08-27T07:00:02.718750,3.582884
1787832002750000000,2026-08-27T07:00:02.750000,4.054555
1787832002781250000,2026-08-27T07:00:02.781250,4.471802
1787832002812500000,2026-08-27T07:00:02.812500,4.997896
1787832002843750000,2026-08-27T07:00:02.843750,5.886814
1787832002875000000,2026-08-27T07:00:02.875000,6.122650
1787832002906250000,2026-08-27T07:00:02.906250,6.594320
1787832002937500000,2026-08-27T07:00:02.937500,7.392532
1787832002968750000,2026-08-27T07:00:02.968750,8.118180
1787832003000000000,2026-08-27T07:00:03,8.281450
1787832003031250000,2026-08-27T07:00:03.031250,8.916392
1787832003062500000,2026-08-27T07:00:03.062500,9.515051
1787832003093750000,2026-08-27T07:00:03.093750,9.478769
1787832003125000000,2026-08-27T07:00:03.125000,9.696463
1787832003156250000,2026-08-27T07:00:03.156250,10.276981
1787832003187500000,2026-08-27T07:00:03.187500,10.730510
1787832003218750000,2026-08-27T07:00:03.218750,10.803075
1787832003250000000,2026-08-27T07:00:03.250000,11.383593
1787832003281250000,2026-08-27T07:00:03.281250,11.637570
1787832003312500000,2026-08-27T07:00:03.312500,11.728275
1787832003343750000,2026-08-27T07:00:03.343750,11.964111
1787832003375000000,2026-08-27T07:00:03.375000,12.199946
1787832003406250000,2026-08-27T07:00:03.406250,12.363217
1787832003437500000,2026-08-27T07:00:03.437500,12.399499
1787832003468750000,2026-08-27T07:00:03.468750,12.453923
1787832003500000000,2026-08-27T07:00:03.500000,12.671617
1787832003531250000,2026-08-27T07:00:03.531250,12.762323
1787832003562500000,2026-08-27T07:00:03.562500,12.834888
1787832003593750000,2026-08-27T07:00:03.593750,13.016300
1787832003625000000,2026-08-27T07:00:03.625000,12.980017
1787832003656250000,2026-08-27T07:00:03.656250,12.798605
1787832003687500000,2026-08-27T07:00:03.687500,12.798605
1787832003718750000,2026-08-27T07:00:03.718750,13.233994
1787832003750000000,2026-08-27T07:00:03.750000,13.107005
1787832003781250000,2026-08-27T07:00:03.781250,13.342841
1787832003812500000,2026-08-27T07:00:03.812500,13.506111
1787832003843750000,2026-08-27T07:00:03.843750,13.633100
1787832003875000000,2026-08-27T07:00:03.875000,13.179570
1787832003906250000,2026-08-27T07:00:03.906250,13.415406
1787832003937500000,2026-08-27T07:00:03.937500,13.433547
1787832003968750000,2026-08-27T07:00:03.968750,13.433547
1787832004000000000,2026-08-27T07:00:04,13.487970
1787832004031250000,2026-08-27T07:00:04.031250,13.887076
1787832004062500000,2026-08-27T07:00:04.062500,13.760088
1787832004093750000,2026-08-27T07:00:04.093750,13.814512
1787832004125000000,2026-08-27T07:00:04.125000,13.778229
1787832004156250000,2026-08-27T07:00:04.156250,13.760088
1787832004187500000,2026-08-27T07:00:04.187500,13.542394
1787832004218750000,2026-08-27T07:00:04.218750,13.469829
1787832004250000000,2026-08-27T07:00:04.250000,13.469829
1787832004281250000,2026-08-27T07:00:04.281250,13.197711
1787832004312500000,2026-08-27T07:00:04.312500,13.288417
1787832004343750000,2026-08-27T07:00:04.343750,13.197711
1787832004375000000,2026-08-27T07:00:04.375000,13.288417
1787832004406250000,2026-08-27T07:00:04.406250,12.907452
1787832004437500000,2026-08-27T07:00:04.437500,13.107005
1787832004468750000,2026-08-27T07:00:04.468750,13.088864
1787832004500000000,2026-08-27T07:00:04.500000,12.980017
1787832004531250000,2026-08-27T07:00:04.531250,12.635335
1787832004562500000,2026-08-27T07:00:04.562500,12.889311
1787832004593750000,2026-08-27T07:00:04.593750,12.798605
1787832004625000000,2026-08-27T07:00:04.625000,12.417640
1787832004656250000,2026-08-27T07:00:04.656250,12.072958
1787832004687500000,2026-08-27T07:00:04.687500,12.018534
1787832004718750000,2026-08-27T07:00:04.718750,11.710134
1787832004750000000,2026-08-27T07:00:04.750000,11.238463
1787832004781250000,2026-08-27T07:00:04.781250,10.748652
1787832004812500000,2026-08-27T07:00:04.812500,10.567240
1787832004843750000,2026-08-27T07:00:04.843750,10.168134
1787832004875000000,2026-08-27T07:00:04.875000,9.896016
1787832004906250000,2026-08-27T07:00:04.906250,9.478769
1787832004937500000,2026-08-27T07:00:04.937500,9.569475
1787832004968750000,2026-08-27T07:00:04.968750,9.188510
1787832005000000000,2026-08-27T07:00:05,9.043380
1787832005031250000,2026-08-27T07:00:05.031250,8.698698
1787832005062500000,2026-08-27T07:00:05.062500,8.644274
1787832005093750000,2026-08-27T07:00:05.093750,7.991192
1787832005125000000,2026-08-27T07:00:05.125000,7.610227
1787832005156250000,2026-08-27T07:00:05.156250,7.065991
1787832005187500000,2026-08-27T07:00:05.187500,6.449191
1787832005218750000,2026-08-27T07:00:05.218750,5.995661
1787832005250000000,2026-08-27T07:00:05.250000,5.487708
1787832005281250000,2026-08-27T07:00:05.281250,4.852767
1787832005312500000,2026-08-27T07:00:05.312500,4.489943
1787832005343750000,2026-08-27T07:00:05.343750,4.018272
1787832005375000000,2026-08-27T07:00:05.375000,2.857236
1787832005406250000,2026-08-27T07:00:05.406250,2.349283
1787832005437500000,2026-08-27T07:00:05.437500,2.113448
1787832005468750000,2026-08-27T07:00:05.468750,1.006836
1787832005500000000,2026-08-27T07:00:05.500000,0.081635
1787832005531250000,2026-08-27T07:00:05.531250,-0.244906
1787832005562500000,2026-08-27T07:00:05.562500,-0.752859
1787832005593750000,2026-08-27T07:00:05.593750,-1.587354
1787832005625000000,2026-08-27T07:00:05.625000,-1.895754
1787832005656250000,2026-08-27T07:00:05.656250,-2.313001
1787832005687500000,2026-08-27T07:00:05.687500,-2.984225
1787832005718750000,2026-08-27T07:00:05.718750,-3.746154
1787832005750000000,2026-08-27T07:00:05.750000,-4.362955
1787832005781250000,2026-08-27T07:00:05.781250,-4.979755
1787832005812500000,2026-08-27T07:00:05.812500,-5.850532
1787832005843750000,2026-08-27T07:00:05.843750,-6.431050
1787832005875000000,2026-08-27T07:00:05.875000,-7.084132
1787832005906250000,2026-08-27T07:00:05.906250,-7.610227
1787832005937500000,2026-08-27T07:00:05.937500,-8.281450
1787832005968750000,2026-08-27T07:00:05.968750,-8.698698
1787832006000000000,2026-08-27T07:00:06,-9.007098
1787832006031250000,2026-08-27T07:00:06.031250,-9.533192
1787832006062500000,2026-08-27T07:00:06.062500,-10.077428
1787832006093750000,2026-08-27T07:00:06.093750,-10.494675
1787832006125000000,2026-08-27T07:00:06.125000,-11.057052
1787832006156250000,2026-08-27T07:00:06.156250,-11.637570
1787832006187500000,2026-08-27T07:00:06.187500,-12.091099
1787875200093750000,2026-08-27T19:00:00.093750,11.927828
1787875200125000000,2026-08-27T19:00:00.125000,11.673852
1787875200156250000,2026-08-27T19:00:00.156250,12.490205
1787875200187500000,2026-08-27T19:00:00.187500,12.036676
1787875200218750000,2026-08-27T19:00:00.218750,12.091099
1787875200250000000,2026-08-27T19:00:00.250000,12.109240
1787875200281250000,2026-08-27T19:00:00.281250,12.290652
1787875200312500000,2026-08-27T19:00:00.312500,11.909687
1787875200343750000,2026-08-27T19:00:00.343750,11.782699
1787875200375000000,2026-08-27T19:00:00.375000,11.583146
1787875200406250000,2026-08-27T19:00:00.406250,11.274746
1787875200437500000,2026-08-27T19:00:00.437500,11.184040
1787875200468750000,2026-08-27T19:00:00.468750,11.147758
1787875200500000000,2026-08-27T19:00:00.500000,11.238463
1787875200531250000,2026-08-27T19:00:00.531250,11.365452
1787875200562500000,2026-08-27T19:00:00.562500,11.329169
1787875200593750000,2026-08-27T19:00:00.593750,11.020769
1787875200625000000,2026-08-27T19:00:00.625000,10.549098
1787875200656250000,2026-08-27T19:00:00.656250,10.349545
1787875200687500000,2026-08-27T19:00:00.687500,10.095569
1787875200718750000,2026-08-27T19:00:00.718750,9.769028
1787875200750000000,2026-08-27T19:00:00.750000,9.660180
1787875200781250000,2026-08-27T19:00:00.781250,9.642039
1787875200812500000,2026-08-27T19:00:00.812500,9.424345
1787875200843750000,2026-08-27T19:00:00.843750,9.188510
1787875200875000000,2026-08-27T19:00:00.875000,9.188510
1787875200906250000,2026-08-27T19:00:00.906250,8.662415
1787875200937500000,2026-08-27T19:00:00.937500,8.335874
1787875200968750000,2026-08-27T19:00:00.968750,8.136321
1787875201000000000,2026-08-27T19:00:01,7.846062
1787875201031250000,2026-08-27T19:00:01.031250,7.374391
1787875201062500000,2026-08-27T19:00:01.062500,7.555803
1787875201093750000,2026-08-27T19:00:01.093750,7.047850
1787875201125000000,2026-08-27T19:00:01.125000,6.612462
1787875201156250000,2026-08-27T19:00:01.156250,5.977520
1787875201187500000,2026-08-27T19:00:01.187500,5.796108
1787875201218750000,2026-08-27T19:00:01.218750,5.034179
1787875201250000000,2026-08-27T19:00:01.250000,4.453661
1787875201281250000,2026-08-27T19:00:01.281250,3.746154
1787875201312500000,2026-08-27T19:00:01.312500,3.492178
1787875201343750000,2026-08-27T19:00:01.343750,2.820954
1787875201375000000,2026-08-27T19:00:01.375000,2.059024
1787875201406250000,2026-08-27T19:00:01.406250,1.678060
1787875201437500000,2026-08-27T19:00:01.437500,1.206389
1787875201468750000,2026-08-27T19:00:01.468750,0.517024
1787875201500000000,2026-08-27T19:00:01.500000,-0.099777
1787875201531250000,2026-08-27T19:00:01.531250,-0.625871
1787875201562500000,2026-08-27T19:00:01.562500,-1.206389
1787875201593750000,2026-08-27T19:00:01.593750,-1.587354
1787875201625000000,2026-08-27T19:00:01.625000,-2.149730
1787875201656250000,2026-08-27T19:00:01.656250,-2.766531
1787875201687500000,2026-08-27T19:00:01.687500,-3.020507
1787875201718750000,2026-08-27T19:00:01.718750,-3.455896
1787875201750000000,2026-08-27T19:00:01.750000,-4.054555
1787875201781250000,2026-08-27T19:00:01.781250,-4.689496
1787875201812500000,2026-08-27T19:00:01.812500,-4.907190
1787875201843750000,2026-08-27T19:00:01.843750,-5.487708
1787875201875000000,2026-08-27T19:00:01.875000,-6.031944
1787875201906250000,2026-08-27T19:00:01.906250,-6.594320
1787875201937500000,2026-08-27T19:00:01.937500,-6.630603
1787875201968750000,2026-08-27T19:00:01.968750,-7.319968
1787875202000000000,2026-08-27T19:00:02,-7.791639
1787875202031250000,2026-08-27T19:00:02.031250,-8.190745
1787875202062500000,2026-08-27T19:00:02.062500,-8.571709
1787875202093750000,2026-08-27T19:00:02.093750,-9.152227
1787875202125000000,2026-08-27T19:00:02.125000,-9.315498
1787875202156250000,2026-08-27T19:00:02.156250,-9.569475
1787875202187500000,2026-08-27T19:00:02.187500,-9.750886
1787875202218750000,2026-08-27T19:00:02.218750,-9.877875
1787875202250000000,2026-08-27T19:00:02.250000,-10.258840
1787875202281250000,2026-08-27T19:00:02.281250,-10.948205
1787875202312500000,2026-08-27T19:00:02.312500,-11.129616
1787875202343750000,2026-08-27T19:00:02.343750,-11.456158
1787875202375000000,2026-08-27T19:00:02.375000,-11.782699
1787875202406250000,2026-08-27T19:00:02.406250,-12.199946
1787875202437500000,2026-08-27T19:00:02.437500,-12.072958
1787875202468750000,2026-08-27T19:00:02.468750,-12.254370
1787875202500000000,2026-08-27T19:00:02.500000,-12.472064
1787875202531250000,2026-08-27T19:00:02.531250,-12.617193
1787875202562500000,2026-08-27T19:00:02.562500,-12.363217
1787875202593750000,2026-08-27T19:00:02.593750,-12.744182
1787875202625000000,2026-08-27T19:00:02.625000,-12.961876
1787875202656250000,2026-08-27T19:00:02.656250,-13.034441
1787875202687500000,2026-08-27T19:00:02.687500,-12.943735
1787875202718750000,2026-08-27T19:00:02.718750,-13.161429
1787875202750000000,2026-08-27T19:00:02.750000,-12.689758
1787875202781250000,2026-08-27T19:00:02.781250,-12.635335
1787875202812500000,2026-08-27T19:00:02.812500,-12.635335
1787875202843750000,2026-08-27T19:00:02.843750,-12.744182
1787875202875000000,2026-08-27T19:00:02.875000,-12.453923
1787875202906250000,2026-08-27T19:00:02.906250,-12.653476
1787875202937500000,2026-08-27T19:00:02.937500,-12.689758
1787875202968750000,2026-08-27T19:00:02.968750,-12.399499
1787875203000000000,2026-08-27T19:00:03,-12.127382
1787875203031250000,2026-08-27T19:00:03.031250,-12.091099
1787875203062500000,2026-08-27T19:00:03.062500,-11.945970
1787875203093750000,2026-08-27T19:00:03.093750,-11.583146
1787875203125000000,2026-08-27T19:00:03.125000,-11.528722
1787875203156250000,2026-08-27T19:00:03.156250,-11.619428
1787875203187500000,2026-08-27T19:00:03.187500,-11.438017
1787875203218750000,2026-08-27T19:00:03.218750,-11.165899
1787875203250000000,2026-08-27T19:00:03.250000,-10.930063
1787875203281250000,2026-08-27T19:00:03.281250,-10.422110
1787875203312500000,2026-08-27T19:00:03.312500,-9.805310
1787875203343750000,2026-08-27T19:00:03.343750,-9.369922
1787875203375000000,2026-08-27T19:00:03.375000,-8.880110
1787875203406250000,2026-08-27T19:00:03.406250,-8.571709
1787875203437500000,2026-08-27T19:00:03.437500,-8.190745
1787875203468750000,2026-08-27T19:00:03.468750,-7.864203
1787875203500000000,2026-08-27T19:00:03.500000,-7.682791
1787875203531250000,2026-08-27T19:00:03.531250,-7.047850
1787875203562500000,2026-08-27T19:00:03.562500,-6.648744
1787875203593750000,2026-08-27T19:00:03.593750,-6.249638
1787875203625000000,2026-08-27T19:00:03.625000,-5.741685
1787875203656250000,2026-08-27T19:00:03.656250,-5.270014
1787875203687500000,2026-08-27T19:00:03.687500,-5.124884
1787875203718750000,2026-08-27T19:00:03.718750,-4.562508
1787875203750000000,2026-08-27T19:00:03.750000,-4.217825
1787875203781250000,2026-08-27T19:00:03.781250,-3.764296
1787875203812500000,2026-08-27T19:00:03.812500,-2.984225
1787875203843750000,2026-08-27T19:00:03.843750,-2.367425
1787875203875000000,2026-08-27T19:00:03.875000,-1.805048
1787875203906250000,2026-08-27T19:00:03.906250,-1.351518
1787875203937500000,2026-08-27T19:00:03.937500,-0.698436
1787875203968750000,2026-08-27T19:00:03.968750,-0.281188
1787875204000000000,2026-08-27T19:00:04,-0.009071
1787875204031250000,2026-08-27T19:00:04.031250,0.299330
1787875204062500000,2026-08-27T19:00:04.062500,0.897989
1787875204093750000,2026-08-27T19:00:04.093750,1.623636
1787875204125000000,2026-08-27T19:00:04.125000,2.149730
1787875204156250000,2026-08-27T19:00:04.156250,3.002366
1787875204187500000,2026-08-27T19:00:04.187500,3.709872
1787875204218750000,2026-08-27T19:00:04.218750,4.199684
1787875204250000000,2026-08-27T19:00:04.250000,4.526225
1787875204281250000,2026-08-27T19:00:04.281250,5.106743
1787875204312500000,2026-08-27T19:00:04.312500,5.451426
1787875204343750000,2026-08-27T19:00:04.343750,5.959379
1787875204375000000,2026-08-27T19:00:04.375000,6.594320
1787875204406250000,2026-08-27T19:00:04.406250,6.739450
1787875204437500000,2026-08-27T19:00:04.437500,6.957144
1787875204468750000,2026-08-27T19:00:04.468750,7.156697
1787875204500000000,2026-08-27T19:00:04.500000,7.265544
1787875204531250000,2026-08-27T19:00:04.531250,7.283685
1787875204562500000,2026-08-27T19:00:04.562500,7.882344
1787875204593750000,2026-08-27T19:00:04.593750,8.136321
1787875204625000000,2026-08-27T19:00:04.625000,8.481004
1787875204656250000,2026-08-27T19:00:04.656250,8.789404
1787875204687500000,2026-08-27T19:00:04.687500,9.369922
1787875204718750000,2026-08-27T19:00:04.718750,9.351780
1787875204750000000,2026-08-27T19:00:04.750000,9.678322
1787875204781250000,2026-08-27T19:00:04.781250,10.113710
1787875204812500000,2026-08-27T19:00:04.812500,10.567240
1787875204843750000,2026-08-27T19:00:04.843750,10.657946
1787875204875000000,2026-08-27T19:00:04.875000,10.893781
1787875204906250000,2026-08-27T19:00:04.906250,11.093334
1787875204937500000,2026-08-27T19:00:04.937500,11.274746
1787875204968750000,2026-08-27T19:00:04.968750,11.274746
1787875205000000000,2026-08-27T19:00:05,11.365452
1787875205031250000,2026-08-27T19:00:05.031250,11.583146
1787875205062500000,2026-08-27T19:00:05.062500,11.691993
1787875205093750000,2026-08-27T19:00:05.093750,11.982252
1787875205125000000,2026-08-27T19:00:05.125000,12.490205
1787875205156250000,2026-08-27T19:00:05.156250,12.798605
1787875205187500000,2026-08-27T19:00:05.187500,12.834888
1787875205218750000,2026-08-27T19:00:05.218750,13.161429
1787875205250000000,2026-08-27T19:00:05.250000,13.088864
1787875205281250000,2026-08-27T19:00:05.281250,12.780464
1787875205312500000,2026-08-27T19:00:05.312500,12.707899
1787875205343750000,2026-08-27T19:00:05.343750,12.798605
1787875205375000000,2026-08-27T19:00:05.375000,12.544629
1787875205406250000,2026-08-27T19:00:05.406250,12.671617
1787875205437500000,2026-08-27T19:00:05.437500,12.653476
1787875205468750000,2026-08-27T19:00:05.468750,12.526488
1787875205500000000,2026-08-27T19:00:05.500000,12.726041
1787875205531250000,2026-08-27T19:00:05.531250,12.653476
1787875205562500000,2026-08-27T19:00:05.562500,12.508346
1787875205593750000,2026-08-27T19:00:05.593750,12.671617
1787875205625000000,2026-08-27T19:00:05.625000,12.853029
1787875205656250000,2026-08-27T19:00:05.656250,12.599052
1787875205687500000,2026-08-27T19:00:05.687500,12.980017
1787875205718750000,2026-08-27T19:00:05.718750,12.780464
1787875205750000000,2026-08-27T19:00:05.750000,12.689758
1787875205781250000,2026-08-27T19:00:05.781250,12.635335
1787875205812500000,2026-08-27T19:00:05.812500,12.689758
1787875205843750000,2026-08-27T19:00:05.843750,12.653476
1787875205875000000,2026-08-27T19:00:05.875000,12.689758
1787875205906250000,2026-08-27T19:00:05.906250,12.707899
1787875205937500000,2026-08-27T19:00:05.937500,12.907452
1787875205968750000,2026-08-27T19:00:05.968750,12.889311
1787875206000000000,2026-08-27T19:00:06,12.508346
1787875206031250000,2026-08-27T19:00:06.031250,12.599052
1787875206062500000,2026-08-27T19:00:06.062500,12.689758
1787875206093750000,2026-08-27T19:00:06.093750,12.490205
1787875206125000000,2026-08-27T19:00:06.125000,12.345076
1787875206156250000,2026-08-27T19:00:06.156250,12.580911
1787875206187500000,2026-08-27T19:00:06.187500,12.472064
1787918400093750000,2026-08-28T07:00:00.093750,-13.079794
1787918400125000000,2026-08-28T07:00:00.125000,-13.388194
1787918400156250000,2026-08-28T07:00:00.156250,-13.333770
1787918400187500000,2026-08-28T07:00:00.187500,-13.497041
1787918400218750000,2026-08-28T07:00:00.218750,-13.351911
1787918400250000000,2026-08-28T07:00:00.250000,-13.497041
1787918400281250000,2026-08-28T07:00:00.281250,-13.678453
1787918400312500000,2026-08-28T07:00:00.312500,-13.751017
1787918400343750000,2026-08-28T07:00:00.343750,-13.605888
1787918400375000000,2026-08-28T07:00:00.375000,-13.406335
1787918400406250000,2026-08-28T07:00:00.406250,-13.097935
1787918400437500000,2026-08-28T07:00:00.437500,-12.934664
1787918400468750000,2026-08-28T07:00:00.468750,-12.916523
1787918400500000000,2026-08-28T07:00:00.500000,-12.698829
1787918400531250000,2026-08-28T07:00:00.531250,-12.789535
1787918400562500000,2026-08-28T07:00:00.562500,-12.626264
1787918400593750000,2026-08-28T07:00:00.593750,-11.991323
1787918400625000000,2026-08-28T07:00:00.625000,-11.610358
1787918400656250000,2026-08-28T07:00:00.656250,-11.574075
1787918400687500000,2026-08-28T07:00:00.687500,-11.211252
1787918400718750000,2026-08-28T07:00:00.718750,-11.066122
1787918400750000000,2026-08-28T07:00:00.750000,-10.920993
1787918400781250000,2026-08-28T07:00:00.781250,-10.449322
1787918400812500000,2026-08-28T07:00:00.812500,-9.905086
1787918400843750000,2026-08-28T07:00:00.843750,-9.451557
1787918400875000000,2026-08-28T07:00:00.875000,-8.707768
1787918400906250000,2026-08-28T07:00:00.906250,-8.344945
1787918400937500000,2026-08-28T07:00:00.937500,-7.963980
1787918400968750000,2026-08-28T07:00:00.968750,-7.492309
1787918401000000000,2026-08-28T07:00:01,-6.784803
1787918401031250000,2026-08-28T07:00:01.031250,-6.512685
1787918401062500000,2026-08-28T07:00:01.062500,-5.859602
1787918401093750000,2026-08-28T07:00:01.093750,-5.351649
1787918401125000000,2026-08-28T07:00:01.125000,-4.752990
1787918401156250000,2026-08-28T07:00:01.156250,-4.245037
1787918401187500000,2026-08-28T07:00:01.187500,-3.410543
1787918401218750000,2026-08-28T07:00:01.218750,-2.975154
1787918401250000000,2026-08-28T07:00:01.250000,-2.358354
1787918401281250000,2026-08-28T07:00:01.281250,-1.523859
1787918401312500000,2026-08-28T07:00:01.312500,-1.052189
1787918401343750000,2026-08-28T07:00:01.343750,-0.798212
1787918401375000000,2026-08-28T07:00:01.375000,0.072565
1787918401406250000,2026-08-28T07:00:01.406250,0.689365
1787918401437500000,2026-08-28T07:00:01.437500,1.088471
1787918401468750000,2026-08-28T07:00:01.468750,1.777836
1787918401500000000,2026-08-28T07:00:01.500000,2.775601
1787918401531250000,2026-08-28T07:00:01.531250,3.464966
1787918401562500000,2026-08-28T07:00:01.562500,4.027343
1787918401593750000,2026-08-28T07:00:01.593750,4.771131
1787918401625000000,2026-08-28T07:00:01.625000,5.496779
1787918401656250000,2026-08-28T07:00:01.656250,5.932167
1787918401687500000,2026-08-28T07:00:01.687500,6.186144
1787918401718750000,2026-08-28T07:00:01.718750,6.675956
1787918401750000000,2026-08-28T07:00:01.750000,6.948073
1787918401781250000,2026-08-28T07:00:01.781250,7.256474
1787918401812500000,2026-08-28T07:00:01.812500,7.945839
1787918401843750000,2026-08-28T07:00:01.843750,8.653345
1787918401875000000,2026-08-28T07:00:01.875000,9.306427
1787918401906250000,2026-08-28T07:00:01.906250,9.796239
1787918401937500000,2026-08-28T07:00:01.937500,10.358616
1787918401968750000,2026-08-28T07:00:01.968750,10.558169
1787918402000000000,2026-08-28T07:00:02,10.794004
1787918402031250000,2026-08-28T07:00:02.031250,10.866569
1787918402062500000,2026-08-28T07:00:02.062500,11.410805
1787918402093750000,2026-08-28T07:00:02.093750,11.555934
1787918402125000000,2026-08-28T07:00:02.125000,11.773628
1787918402156250000,2026-08-28T07:00:02.156250,11.918758
1787918402187500000,2026-08-28T07:00:02.187500,12.408570
1787918402218750000,2026-08-28T07:00:02.218750,12.281582
1787918402250000000,2026-08-28T07:00:02.250000,12.481135
1787918402281250000,2026-08-28T07:00:02.281250,12.444852
1787918402312500000,2026-08-28T07:00:02.312500,12.843958
1787918402343750000,2026-08-28T07:00:02.343750,13.079794
1787918402375000000,2026-08-28T07:00:02.375000,13.478900
1787918402406250000,2026-08-28T07:00:02.406250,13.460759
1787918402437500000,2026-08-28T07:00:02.437500,14.041276
1787918402468750000,2026-08-28T07:00:02.468750,13.950570
1787918402500000000,2026-08-28T07:00:02.500000,13.696594
1787918402531250000,2026-08-28T07:00:02.531250,13.605888
1787918402562500000,2026-08-28T07:00:02.562500,13.805441
1787918402593750000,2026-08-28T07:00:02.593750,13.696594
1787918402625000000,2026-08-28T07:00:02.625000,13.769159
1787918402656250000,2026-08-28T07:00:02.656250,14.095700
1787918402687500000,2026-08-28T07:00:02.687500,13.878006
1787918402718750000,2026-08-28T07:00:02.718750,14.023135
1787918402750000000,2026-08-28T07:00:02.750000,13.950570
1787918402781250000,2026-08-28T07:00:02.781250,13.732876
1787918402812500000,2026-08-28T07:00:02.812500,13.587747
1787918402843750000,2026-08-28T07:00:02.843750,14.150124
1787918402875000000,2026-08-28T07:00:02.875000,14.004994
1787918402906250000,2026-08-28T07:00:02.906250,14.059418
1787918402937500000,2026-08-28T07:00:02.937500,14.041276
1787918402968750000,2026-08-28T07:00:02.968750,14.004994
1787918403000000000,2026-08-28T07:00:03,13.660312
1787918403031250000,2026-08-28T07:00:03.031250,13.424476
1787918403062500000,2026-08-28T07:00:03.062500,13.134217
1787918403093750000,2026-08-28T07:00:03.093750,13.442617
1787918403125000000,2026-08-28T07:00:03.125000,13.279347
1787918403156250000,2026-08-28T07:00:03.156250,13.152358
1787918403187500000,2026-08-28T07:00:03.187500,13.152358
1787918403218750000,2026-08-28T07:00:03.218750,13.333770
1787918403250000000,2026-08-28T07:00:03.250000,12.880241
1787918403281250000,2026-08-28T07:00:03.281250,12.862099
1787918403312500000,2026-08-28T07:00:03.312500,12.952805
1787918403343750000,2026-08-28T07:00:03.343750,12.934664
1787918403375000000,2026-08-28T07:00:03.375000,12.589982
1787918403406250000,2026-08-28T07:00:03.406250,12.716970
1787918403437500000,2026-08-28T07:00:03.437500,12.735111
1787918403468750000,2026-08-28T07:00:03.468750,12.245299
1787918403500000000,2026-08-28T07:00:03.500000,12.154593
1787918403531250000,2026-08-28T07:00:03.531250,12.190876
1787918403562500000,2026-08-28T07:00:03.562500,12.082029
1787918403593750000,2026-08-28T07:00:03.593750,11.574075
1787918403625000000,2026-08-28T07:00:03.625000,11.646640
1787918403656250000,2026-08-28T07:00:03.656250,11.229393
1787918403687500000,2026-08-28T07:00:03.687500,10.667016
1787918403718750000,2026-08-28T07:00:03.718750,10.068357
1787918403750000000,2026-08-28T07:00:03.750000,9.796239
1787918403781250000,2026-08-28T07:00:03.781250,9.233863
1787918403812500000,2026-08-28T07:00:03.812500,9.016168
1787918403843750000,2026-08-28T07:00:03.843750,8.871039
1787918403875000000,2026-08-28T07:00:03.875000,8.562639
1787918403906250000,2026-08-28T07:00:03.906250,8.363086
1787918403937500000,2026-08-28T07:00:03.937500,7.945839
1787918403968750000,2026-08-28T07:00:03.968750,7.183909
1787918404000000000,2026-08-28T07:00:04,6.403838
1787918404031250000,2026-08-28T07:00:04.031250,5.787038
1787918404062500000,2026-08-28T07:00:04.062500,5.097673
1787918404093750000,2026-08-28T07:00:04.093750,4.716708
1787918404125000000,2026-08-28T07:00:04.125000,4.499014
1787918404156250000,2026-08-28T07:00:04.156250,4.263178
1787918404187500000,2026-08-28T07:00:04.187500,3.737084
1787918404218750000,2026-08-28T07:00:04.218750,3.102142
1787918404250000000,2026-08-28T07:00:04.250000,2.267648
1787918404281250000,2026-08-28T07:00:04.281250,1.596424
1787918404312500000,2026-08-28T07:00:04.312500,0.997765
1787918404343750000,2026-08-28T07:00:04.343750,0.453530
1787918404375000000,2026-08-28T07:00:04.375000,-0.018141
1787918404406250000,2026-08-28T07:00:04.406250,-0.580518
1787918404437500000,2026-08-28T07:00:04.437500,-1.288024
1787918404468750000,2026-08-28T07:00:04.468750,-2.213224
1787918404500000000,2026-08-28T07:00:04.500000,-2.757460
1787918404531250000,2026-08-28T07:00:04.531250,-3.537531
1787918404562500000,2026-08-28T07:00:04.562500,-4.335743
1787918404593750000,2026-08-28T07:00:04.593750,-4.934402
1787918404625000000,2026-08-28T07:00:04.625000,-5.387932
1787918404656250000,2026-08-28T07:00:04.656250,-6.168003
1787918404687500000,2026-08-28T07:00:04.687500,-6.567109
1787918404718750000,2026-08-28T07:00:04.718750,-6.875509
1787918404750000000,2026-08-28T07:00:04.750000,-7.383462
1787918404781250000,2026-08-28T07:00:04.781250,-8.109109
1787918404812500000,2026-08-28T07:00:04.812500,-8.617062
1787918404843750000,2026-08-28T07:00:04.843750,-9.378992
1787918404875000000,2026-08-28T07:00:04.875000,-9.632969
1787918404906250000,2026-08-28T07:00:04.906250,-10.122781
1787918404937500000,2026-08-28T07:00:04.937500,-10.032075
1787918404968750000,2026-08-28T07:00:04.968750,-10.358616
1787918405000000000,2026-08-28T07:00:05,-10.902852
1787918405031250000,2026-08-28T07:00:05.031250,-11.682922
1787918405062500000,2026-08-28T07:00:05.062500,-11.719205
1787918405093750000,2026-08-28T07:00:05.093750,-12.354146
1787918405125000000,2026-08-28T07:00:05.125000,-12.789535
1787918405156250000,2026-08-28T07:00:05.156250,-12.807676
1787918405187500000,2026-08-28T07:00:05.187500,-12.989088
1787918405218750000,2026-08-28T07:00:05.218750,-13.787300
1787918405250000000,2026-08-28T07:00:05.250000,-13.932429
1787918405281250000,2026-08-28T07:00:05.281250,-14.150124
1787918405312500000,2026-08-28T07:00:05.312500,-14.131982
1787918405343750000,2026-08-28T07:00:05.343750,-13.787300
1787918405375000000,2026-08-28T07:00:05.375000,-13.515182
1787918405406250000,2026-08-28T07:00:05.406250,-13.605888
1787918405437500000,2026-08-28T07:00:05.437500,-13.442617
1787918405468750000,2026-08-28T07:00:05.468750,-13.424476
1787918405500000000,2026-08-28T07:00:05.500000,-13.424476
1787918405531250000,2026-08-28T07:00:05.531250,-13.442617
1787918405562500000,2026-08-28T07:00:05.562500,-13.243064
1787918405593750000,2026-08-28T07:00:05.593750,-13.025370
1787918405625000000,2026-08-28T07:00:05.625000,-12.880241
1787918405656250000,2026-08-28T07:00:05.656250,-12.843958
1787918405687500000,2026-08-28T07:00:05.687500,-12.372287
1787918405718750000,2026-08-28T07:00:05.718750,-11.900617
1787918405750000000,2026-08-28T07:00:05.750000,-11.265675
1787918405781250000,2026-08-28T07:00:05.781250,-10.848428
1787918405812500000,2026-08-28T07:00:05.812500,-10.322334
1787918405843750000,2026-08-28T07:00:05.843750,-9.995792
1787918405875000000,2026-08-28T07:00:05.875000,-9.542263
1787918405906250000,2026-08-28T07:00:05.906250,-9.342710
1787918405937500000,2026-08-28T07:00:05.937500,-8.979886
1787918405968750000,2026-08-28T07:00:05.968750,-8.363086
1787918406000000000,2026-08-28T07:00:06,-7.891415
1787918406031250000,2026-08-28T07:00:06.031250,-7.564874
1787918406062500000,2026-08-28T07:00:06.062500,-6.766662
1787918406093750000,2026-08-28T07:00:06.093750,-5.877744
1787918406125000000,2026-08-28T07:00:06.125000,-5.478638
1787918406156250000,2026-08-28T07:00:06.156250,-4.807414
1787918406187500000,2026-08-28T07:00:06.187500,-4.335743
1787961600093750000,2026-08-28T19:00:00.093750,-2.957013
1787961600125000000,2026-08-28T19:00:00.125000,-3.809649
1787961600156250000,2026-08-28T19:00:00.156250,-4.843696
1787961600187500000,2026-08-28T19:00:00.187500,-5.514920
1787961600218750000,2026-08-28T19:00:00.218750,-5.950308
1787961600250000000,2026-08-28T19:00:00.250000,-6.875509
1787961600281250000,2026-08-28T19:00:00.281250,-7.347180
1787961600312500000,2026-08-28T19:00:00.312500,-7.510450
1787961600343750000,2026-08-28T19:00:00.343750,-8.181674
1787961600375000000,2026-08-28T19:00:00.375000,-8.653345
1787961600406250000,2026-08-28T19:00:00.406250,-9.179439
1787961600437500000,2026-08-28T19:00:00.437500,-9.905086
1787961600468750000,2026-08-28T19:00:00.468750,-10.213487
1787961600500000000,2026-08-28T19:00:00.500000,-10.467463
1787961600531250000,2026-08-28T19:00:00.531250,-11.047981
1787961600562500000,2026-08-28T19:00:00.562500,-11.229393
1787961600593750000,2026-08-28T19:00:00.593750,-11.392664
1787961600625000000,2026-08-28T19:00:00.625000,-11.918758
1787961600656250000,2026-08-28T19:00:00.656250,-12.245299
1787961600687500000,2026-08-28T19:00:00.687500,-12.499276
1787961600718750000,2026-08-28T19:00:00.718750,-12.735111
1787961600750000000,2026-08-28T19:00:00.750000,-12.807676
1787961600781250000,2026-08-28T19:00:00.781250,-12.898382
1787961600812500000,2026-08-28T19:00:00.812500,-13.043511
1787961600843750000,2026-08-28T19:00:00.843750,-12.880241
1787961600875000000,2026-08-28T19:00:00.875000,-13.206782
1787961600906250000,2026-08-28T19:00:00.906250,-13.388194
1787961600937500000,2026-08-28T19:00:00.937500,-13.515182
1787961600968750000,2026-08-28T19:00:00.968750,-13.587747
1787961601000000000,2026-08-28T19:00:01,-13.624029
1787961601031250000,2026-08-28T19:00:01.031250,-13.587747
1787961601062500000,2026-08-28T19:00:01.062500,-13.261206
1787961601093750000,2026-08-28T19:00:01.093750,-13.261206
1787961601125000000,2026-08-28T19:00:01.125000,-13.079794
1787961601156250000,2026-08-28T19:00:01.156250,-13.297488
1787961601187500000,2026-08-28T19:00:01.187500,-12.825817
1787961601218750000,2026-08-28T19:00:01.218750,-12.862099
1787961601250000000,2026-08-28T19:00:01.250000,-12.372287
1787961601281250000,2026-08-28T19:00:01.281250,-12.190876
1787961601312500000,2026-08-28T19:00:01.312500,-11.410805
1787961601343750000,2026-08-28T19:00:01.343750,-11.320099
1787961601375000000,2026-08-28T19:00:01.375000,-10.848428
1787961601406250000,2026-08-28T19:00:01.406250,-10.413040
1787961601437500000,2026-08-28T19:00:01.437500,-9.741816
1787961601468750000,2026-08-28T19:00:01.468750,-9.687392
1787961601500000000,2026-08-28T19:00:01.500000,-9.088733
1787961601531250000,2026-08-28T19:00:01.531250,-8.744051
1787961601562500000,2026-08-28T19:00:01.562500,-8.272380
1787961601593750000,2026-08-28T19:00:01.593750,-8.072827
1787961601625000000,2026-08-28T19:00:01.625000,-7.437885
1787961601656250000,2026-08-28T19:00:01.656250,-6.839226
1787961601687500000,2026-08-28T19:00:01.687500,-6.186144
1787961601718750000,2026-08-28T19:00:01.718750,-5.641908
1787961601750000000,2026-08-28T19:00:01.750000,-5.025108
1787961601781250000,2026-08-28T19:00:01.781250,-4.390167
1787961601812500000,2026-08-28T19:00:01.812500,-3.972919
1787961601843750000,2026-08-28T19:00:01.843750,-3.591954
1787961601875000000,2026-08-28T19:00:01.875000,-3.102142
1787961601906250000,2026-08-28T19:00:01.906250,-2.376495
1787961601937500000,2026-08-28T19:00:01.937500,-1.814118
1787961601968750000,2026-08-28T19:00:01.968750,-1.342448
1787961602000000000,2026-08-28T19:00:02,-0.598659
1787961602031250000,2026-08-28T19:00:02.031250,0.072565
1787961602062500000,2026-08-28T19:00:02.062500,0.526094
1787961602093750000,2026-08-28T19:00:02.093750,1.269883
1787961602125000000,2026-08-28T19:00:02.125000,2.031813
1787961602156250000,2026-08-28T19:00:02.156250,2.739319
1787961602187500000,2026-08-28T19:00:02.187500,3.174707
1787961602218750000,2026-08-28T19:00:02.218750,3.791507
1787961602250000000,2026-08-28T19:00:02.250000,4.208755
1787961602281250000,2026-08-28T19:00:02.281250,4.988826
1787961602312500000,2026-08-28T19:00:02.312500,5.551202
1787961602343750000,2026-08-28T19:00:02.343750,6.258708
1787961602375000000,2026-08-28T19:00:02.375000,7.056921
1787961602406250000,2026-08-28T19:00:02.406250,7.601156
1787961602437500000,2026-08-28T19:00:02.437500,8.598921
1787961602468750000,2026-08-28T19:00:02.468750,9.161298
1787961602500000000,2026-08-28T19:00:02.500000,9.796239
1787961602531250000,2026-08-28T19:00:02.531250,10.104639
1787961602562500000,2026-08-28T19:00:02.562500,10.376757
1787961602593750000,2026-08-28T19:00:02.593750,10.122781
1787961602625000000,2026-08-28T19:00:02.625000,10.177204
1787961602656250000,2026-08-28T19:00:02.656250,10.286051
1787961602687500000,2026-08-28T19:00:02.687500,10.485604
1787961602718750000,2026-08-28T19:00:02.718750,10.939134
1787961602750000000,2026-08-28T19:00:02.750000,11.156828
1787961602781250000,2026-08-28T19:00:02.781250,11.646640
1787961602812500000,2026-08-28T19:00:02.812500,11.791770
1787961602843750000,2026-08-28T19:00:02.843750,12.190876
1787961602875000000,2026-08-28T19:00:02.875000,12.608123
1787961602906250000,2026-08-28T19:00:02.906250,13.079794
1787961602937500000,2026-08-28T19:00:02.937500,13.007229
1787961602968750000,2026-08-28T19:00:02.968750,13.116076
1787961603000000000,2026-08-28T19:00:03,12.934664
1787961603031250000,2026-08-28T19:00:03.031250,12.789535
1787961603062500000,2026-08-28T19:00:03.062500,12.608123
1787961603093750000,2026-08-28T19:00:03.093750,12.716970
1787961603125000000,2026-08-28T19:00:03.125000,12.825817
1787961603156250000,2026-08-28T19:00:03.156250,13.043511
1787961603187500000,2026-08-28T19:00:03.187500,13.007229
1787961603218750000,2026-08-28T19:00:03.218750,12.843958
1787961603250000000,2026-08-28T19:00:03.250000,13.079794
1787961603281250000,2026-08-28T19:00:03.281250,13.424476
1787961603312500000,2026-08-28T19:00:03.312500,13.497041
1787961603343750000,2026-08-28T19:00:03.343750,13.569606
1787961603375000000,2026-08-28T19:00:03.375000,13.660312
1787961603406250000,2026-08-28T19:00:03.406250,13.442617
1787961603437500000,2026-08-28T19:00:03.437500,13.188641
1787961603468750000,2026-08-28T19:00:03.468750,13.134217
1787961603500000000,2026-08-28T19:00:03.500000,13.188641
1787961603531250000,2026-08-28T19:00:03.531250,13.243064
1787961603562500000,2026-08-28T19:00:03.562500,13.333770
1787961603593750000,2026-08-28T19:00:03.593750,13.224923
1787961603625000000,2026-08-28T19:00:03.625000,13.079794
1787961603656250000,2026-08-28T19:00:03.656250,13.007229
1787961603687500000,2026-08-28T19:00:03.687500,12.989088
1787961603718750000,2026-08-28T19:00:03.718750,12.807676
1787961603750000000,2026-08-28T19:00:03.750000,12.571841
1787961603781250000,2026-08-28T19:00:03.781250,12.771394
1787961603812500000,2026-08-28T19:00:03.812500,12.843958
1787961603843750000,2026-08-28T19:00:03.843750,12.789535
1787961603875000000,2026-08-28T19:00:03.875000,12.644405
1787961603906250000,2026-08-28T19:00:03.906250,12.952805
1787961603937500000,2026-08-28T19:00:03.937500,12.517417
1787961603968750000,2026-08-28T19:00:03.968750,12.245299
1787961604000000000,2026-08-28T19:00:04,11.955040
1787961604031250000,2026-08-28T19:00:04.031250,11.864334
1787961604062500000,2026-08-28T19:00:04.062500,11.592217
1787961604093750000,2026-08-28T19:00:04.093750,11.628499
1787961604125000000,2026-08-28T19:00:04.125000,11.483369
1787961604156250000,2026-08-28T19:00:04.156250,11.501511
1787961604187500000,2026-08-28T19:00:04.187500,11.374522
1787961604218750000,2026-08-28T19:00:04.218750,11.211252
1787961604250000000,2026-08-28T19:00:04.250000,10.648875
1787961604281250000,2026-08-28T19:00:04.281250,10.159063
1787961604312500000,2026-08-28T19:00:04.312500,9.959510
1787961604343750000,2026-08-28T19:00:04.343750,9.614828
1787961604375000000,2026-08-28T19:00:04.375000,9.324569
1787961604406250000,2026-08-28T19:00:04.406250,9.088733
1787961604437500000,2026-08-28T19:00:04.437500,8.871039
1787961604468750000,2026-08-28T19:00:04.468750,8.199815
1787961604500000000,2026-08-28T19:00:04.500000,7.728144
1787961604531250000,2026-08-28T19:00:04.531250,7.111344
1787961604562500000,2026-08-28T19:00:04.562500,6.766662
1787961604593750000,2026-08-28T19:00:04.593750,6.367556
1787961604625000000,2026-08-28T19:00:04.625000,5.914026
1787961604656250000,2026-08-28T19:00:04.656250,5.460496
1787961604687500000,2026-08-28T19:00:04.687500,4.861837
1787961604718750000,2026-08-28T19:00:04.718750,4.571578
1787961604750000000,2026-08-28T19:00:04.750000,4.099908
1787961604781250000,2026-08-28T19:00:04.781250,3.755225
1787961604812500000,2026-08-28T19:00:04.812500,3.319837
1787961604843750000,2026-08-28T19:00:04.843750,2.739319
1787961604875000000,2026-08-28T19:00:04.875000,2.267648
1787961604906250000,2026-08-28T19:00:04.906250,1.705271
1787961604937500000,2026-08-28T19:00:04.937500,1.324306
1787961604968750000,2026-08-28T19:00:04.968750,0.671224
1787961605000000000,2026-08-28T19:00:05,0.362824
1787961605031250000,2026-08-28T19:00:05.031250,-0.435388
1787961605062500000,2026-08-28T19:00:05.062500,-1.034047
1787961605093750000,2026-08-28T19:00:05.093750,-2.031813
1787961605125000000,2026-08-28T19:00:05.125000,-2.594189
1787961605156250000,2026-08-28T19:00:05.156250,-3.446825
1787961605187500000,2026-08-28T19:00:05.187500,-4.190614
1787961605218750000,2026-08-28T19:00:05.218750,-4.934402
1787961605250000000,2026-08-28T19:00:05.250000,-5.406073
1787961605281250000,2026-08-28T19:00:05.281250,-5.823320
1787961605312500000,2026-08-28T19:00:05.312500,-6.258708
1787961605343750000,2026-08-28T19:00:05.343750,-6.802944
1787961605375000000,2026-08-28T19:00:05.375000,-7.329038
1787961605406250000,2026-08-28T19:00:05.406250,-8.145392
1787961605437500000,2026-08-28T19:00:05.437500,-8.653345
1787961605468750000,2026-08-28T19:00:05.468750,-9.215721
1787961605500000000,2026-08-28T19:00:05.500000,-9.741816
1787961605531250000,2026-08-28T19:00:05.531250,-10.286051
1787961605562500000,2026-08-28T19:00:05.562500,-10.812146
1787961605593750000,2026-08-28T19:00:05.593750,-11.664781
1787961605625000000,2026-08-28T19:00:05.625000,-12.009464
1787961605656250000,2026-08-28T19:00:05.656250,-12.444852
1787961605687500000,2026-08-28T19:00:05.687500,-12.535558
1787961605718750000,2026-08-28T19:00:05.718750,-12.354146
1787961605750000000,2026-08-28T19:00:05.750000,-12.227158
1787961605781250000,2026-08-28T19:00:05.781250,-12.481135
1787961605812500000,2026-08-28T19:00:05.812500,-12.644405
1787961605843750000,2026-08-28T19:00:05.843750,-13.116076
1787961605875000000,2026-08-28T19:00:05.875000,-13.333770
1787961605906250000,2026-08-28T19:00:05.906250,-13.460759
1787961605937500000,2026-08-28T19:00:05.937500,-13.569606
1787961605968750000,2026-08-28T19:00:05.968750,-13.605888
1787961606000000000,2026-08-28T19:00:06,-13.587747
1787961606031250000,2026-08-28T19:00:06.031250,-13.551464
1787961606062500000,2026-08-28T19:00:06.062500,-13.587747
1787961606093750000,2026-08-28T19:00:06.093750,-13.660312
1787961606125000000,2026-08-28T19:00:06.125000,-13.279347
1787961606156250000,2026-08-28T19:00:06.156250,-13.097935
1787961606187500000,2026-08-28T19:00:06.187500,-13.043511
1788004800093750000,2026-08-29T07:00:00.093750,4.526225
1788004800125000000,2026-08-29T07:00:00.125000,4.562508
1788004800156250000,2026-08-29T07:00:00.156250,5.433285
1788004800187500000,2026-08-29T07:00:00.187500,6.158932
1788004800218750000,2026-08-29T07:00:00.218750,6.793873
1788004800250000000,2026-08-29T07:00:00.250000,6.939003
1788004800281250000,2026-08-29T07:00:00.281250,7.682791
1788004800312500000,2026-08-29T07:00:00.312500,8.190745
1788004800343750000,2026-08-29T07:00:00.343750,8.680557
1788004800375000000,2026-08-29T07:00:00.375000,9.206651
1788004800406250000,2026-08-29T07:00:00.406250,10.295122
1788004800437500000,2026-08-29T07:00:00.437500,10.603522
1788004800468750000,2026-08-29T07:00:00.468750,10.748652
1788004800500000000,2026-08-29T07:00:00.500000,10.893781
1788004800531250000,2026-08-29T07:00:00.531250,11.347311
1788004800562500000,2026-08-29T07:00:00.562500,11.311028
1788004800593750000,2026-08-29T07:00:00.593750,11.438017
1788004800625000000,2026-08-29T07:00:00.625000,11.691993
1788004800656250000,2026-08-29T07:00:00.656250,11.909687
1788004800687500000,2026-08-29T07:00:00.687500,12.091099
1788004800718750000,2026-08-29T07:00:00.718750,12.417640
1788004800750000000,2026-08-29T07:00:00.750000,12.889311
1788004800781250000,2026-08-29T07:00:00.781250,12.925594
1788004800812500000,2026-08-29T07:00:00.812500,13.070723
1788004800843750000,2026-08-29T07:00:00.843750,12.998158
1788004800875000000,2026-08-29T07:00:00.875000,13.070723
1788004800906250000,2026-08-29T07:00:00.906250,13.016300
1788004800937500000,2026-08-29T07:00:00.937500,13.088864
1788004800968750000,2026-08-29T07:00:00.968750,12.907452
1788004801000000000,2026-08-29T07:00:01,13.016300
1788004801031250000,2026-08-29T07:00:01.031250,12.816746
1788004801062500000,2026-08-29T07:00:01.062500,12.653476
1788004801093750000,2026-08-29T07:00:01.093750,12.816746
1788004801125000000,2026-08-29T07:00:01.125000,12.871170
1788004801156250000,2026-08-29T07:00:01.156250,12.961876
1788004801187500000,2026-08-29T07:00:01.187500,13.342841
1788004801218750000,2026-08-29T07:00:01.218750,13.415406
1788004801250000000,2026-08-29T07:00:01.250000,13.360982
1788004801281250000,2026-08-29T07:00:01.281250,13.560535
1788004801312500000,2026-08-29T07:00:01.312500,13.433547
1788004801343750000,2026-08-29T07:00:01.343750,12.961876
1788004801375000000,2026-08-29T07:00:01.375000,12.998158
1788004801406250000,2026-08-29T07:00:01.406250,12.980017
1788004801437500000,2026-08-29T07:00:01.437500,12.834888
1788004801468750000,2026-08-29T07:00:01.468750,12.871170
1788004801500000000,2026-08-29T07:00:01.500000,12.998158
1788004801531250000,2026-08-29T07:00:01.531250,12.943735
1788004801562500000,2026-08-29T07:00:01.562500,13.107005
1788004801593750000,2026-08-29T07:00:01.593750,13.179570
1788004801625000000,2026-08-29T07:00:01.625000,13.052582
1788004801656250000,2026-08-29T07:00:01.656250,12.980017
1788004801687500000,2026-08-29T07:00:01.687500,12.689758
1788004801718750000,2026-08-29T07:00:01.718750,12.453923
1788004801750000000,2026-08-29T07:00:01.750000,12.363217
1788004801781250000,2026-08-29T07:00:01.781250,12.127382
1788004801812500000,2026-08-29T07:00:01.812500,12.127382
1788004801843750000,2026-08-29T07:00:01.843750,12.363217
1788004801875000000,2026-08-29T07:00:01.875000,11.945970
1788004801906250000,2026-08-29T07:00:01.906250,11.945970
1788004801937500000,2026-08-29T07:00:01.937500,12.000393
1788004801968750000,2026-08-29T07:00:01.968750,11.619428
1788004802000000000,2026-08-29T07:00:02,11.311028
1788004802031250000,2026-08-29T07:00:02.031250,11.401734
1788004802062500000,2026-08-29T07:00:02.062500,10.911922
1788004802093750000,2026-08-29T07:00:02.093750,10.331404
1788004802125000000,2026-08-29T07:00:02.125000,10.113710
1788004802156250000,2026-08-29T07:00:02.156250,9.805310
1788004802187500000,2026-08-29T07:00:02.187500,9.605757
1788004802218750000,2026-08-29T07:00:02.218750,9.533192
1788004802250000000,2026-08-29T07:00:02.250000,9.224792
1788004802281250000,2026-08-29T07:00:02.281250,8.952674
1788004802312500000,2026-08-29T07:00:02.312500,8.698698
1788004802343750000,2026-08-29T07:00:02.343750,7.664650
1788004802375000000,2026-08-29T07:00:02.375000,7.156697
1788004802406250000,2026-08-29T07:00:02.406250,7.084132
1788004802437500000,2026-08-29T07:00:02.437500,6.721309
1788004802468750000,2026-08-29T07:00:02.468750,6.086367
1788004802500000000,2026-08-29T07:00:02.500000,6.050085
1788004802531250000,2026-08-29T07:00:02.531250,5.723544
1788004802562500000,2026-08-29T07:00:02.562500,4.870908
1788004802593750000,2026-08-29T07:00:02.593750,4.018272
1788004802625000000,2026-08-29T07:00:02.625000,3.474037
1788004802656250000,2026-08-29T07:00:02.656250,2.911660
1788004802687500000,2026-08-29T07:00:02.687500,1.986460
1788004802718750000,2026-08-29T07:00:02.718750,1.605495
1788004802750000000,2026-08-29T07:00:02.750000,0.988695
1788004802781250000,2026-08-29T07:00:02.781250,0.571447
1788004802812500000,2026-08-29T07:00:02.812500,-0.154200
1788004802843750000,2026-08-29T07:00:02.843750,-0.662153
1788004802875000000,2026-08-29T07:00:02.875000,-1.333377
1788004802906250000,2026-08-29T07:00:02.906250,-1.605495
1788004802937500000,2026-08-29T07:00:02.937500,-2.385566
1788004802968750000,2026-08-29T07:00:02.968750,-2.893519
1788004803000000000,2026-08-29T07:00:03,-3.546601
1788004803031250000,2026-08-29T07:00:03.031250,-4.235966
1788004803062500000,2026-08-29T07:00:03.062500,-5.034179
1788004803093750000,2026-08-29T07:00:03.093750,-5.469567
1788004803125000000,2026-08-29T07:00:03.125000,-5.886814
1788004803156250000,2026-08-29T07:00:03.156250,-6.539897
1788004803187500000,2026-08-29T07:00:03.187500,-6.939003
1788004803218750000,2026-08-29T07:00:03.218750,-7.573944
1788004803250000000,2026-08-29T07:00:03.250000,-7.773497
1788004803281250000,2026-08-29T07:00:03.281250,-8.462862
1788004803312500000,2026-08-29T07:00:03.312500,-8.988957
1788004803343750000,2026-08-29T07:00:03.343750,-9.787169
1788004803375000000,2026-08-29T07:00:03.375000,-10.186275
1788004803406250000,2026-08-29T07:00:03.406250,-11.147758
1788004803437500000,2026-08-29T07:00:03.437500,-11.746417
1788004803468750000,2026-08-29T07:00:03.468750,-11.873405
1788004803500000000,2026-08-29T07:00:03.500000,-12.000393
1788004803531250000,2026-08-29T07:00:03.531250,-12.181805
1788004803562500000,2026-08-29T07:00:03.562500,-12.290652
1788004803593750000,2026-08-29T07:00:03.593750,-12.381358
1788004803625000000,2026-08-29T07:00:03.625000,-12.580911
1788004803656250000,2026-08-29T07:00:03.656250,-12.544629
1788004803687500000,2026-08-29T07:00:03.687500,-12.871170
1788004803718750000,2026-08-29T07:00:03.718750,-13.052582
1788004803750000000,2026-08-29T07:00:03.750000,-13.324700
1788004803781250000,2026-08-29T07:00:03.781250,-13.506111
1788004803812500000,2026-08-29T07:00:03.812500,-13.633100
1788004803843750000,2026-08-29T07:00:03.843750,-13.578676
1788004803875000000,2026-08-29T07:00:03.875000,-13.633100
1788004803906250000,2026-08-29T07:00:03.906250,-13.379123
1788004803937500000,2026-08-29T07:00:03.937500,-13.324700
1788004803968750000,2026-08-29T07:00:03.968750,-13.233994
1788004804000000000,2026-08-29T07:00:04,-12.907452
1788004804031250000,2026-08-29T07:00:04.031250,-12.617193
1788004804062500000,2026-08-29T07:00:04.062500,-12.417640
1788004804093750000,2026-08-29T07:00:04.093750,-12.181805
1788004804125000000,2026-08-29T07:00:04.125000,-12.054817
1788004804156250000,2026-08-29T07:00:04.156250,-11.964111
1788004804187500000,2026-08-29T07:00:04.187500,-11.691993
1788004804218750000,2026-08-29T07:00:04.218750,-11.419875
1788004804250000000,2026-08-29T07:00:04.250000,-11.274746
1788004804281250000,2026-08-29T07:00:04.281250,-10.766793
1788004804312500000,2026-08-29T07:00:04.312500,-10.186275
1788004804343750000,2026-08-29T07:00:04.343750,-9.787169
1788004804375000000,2026-08-29T07:00:04.375000,-9.315498
1788004804406250000,2026-08-29T07:00:04.406250,-8.390298
1788004804437500000,2026-08-29T07:00:04.437500,-8.027474
1788004804468750000,2026-08-29T07:00:04.468750,-7.755356
1788004804500000000,2026-08-29T07:00:04.500000,-7.428815
1788004804531250000,2026-08-29T07:00:04.531250,-7.011568
1788004804562500000,2026-08-29T07:00:04.562500,-6.539897
1788004804593750000,2026-08-29T07:00:04.593750,-5.886814
1788004804625000000,2026-08-29T07:00:04.625000,-5.360720
1788004804656250000,2026-08-29T07:00:04.656250,-4.598790
1788004804687500000,2026-08-29T07:00:04.687500,-3.637307
1788004804718750000,2026-08-29T07:00:04.718750,-2.984225
1788004804750000000,2026-08-29T07:00:04.750000,-2.603260
1788004804781250000,2026-08-29T07:00:04.781250,-1.859471
1788004804812500000,2026-08-29T07:00:04.812500,-1.369659
1788004804843750000,2026-08-29T07:00:04.843750,-0.916130
1788004804875000000,2026-08-29T07:00:04.875000,-0.517024
1788004804906250000,2026-08-29T07:00:04.906250,0.353753
1788004804937500000,2026-08-29T07:00:04.937500,1.115683
1788004804968750000,2026-08-29T07:00:04.968750,1.786907
1788004805000000000,2026-08-29T07:00:05,2.222295
1788004805031250000,2026-08-29T07:00:05.031250,3.002366
1788004805062500000,2026-08-29T07:00:05.062500,3.492178
1788004805093750000,2026-08-29T07:00:05.093750,4.054555
1788004805125000000,2026-08-29T07:00:05.125000,4.453661
1788004805156250000,2026-08-29T07:00:05.156250,5.143026
1788004805187500000,2026-08-29T07:00:05.187500,5.451426
1788004805218750000,2026-08-29T07:00:05.218750,5.995661
1788004805250000000,2026-08-29T07:00:05.250000,6.285920
1788004805281250000,2026-08-29T07:00:05.281250,6.957144
1788004805312500000,2026-08-29T07:00:05.312500,7.501380
1788004805343750000,2026-08-29T07:00:05.343750,8.081897
1788004805375000000,2026-08-29T07:00:05.375000,8.408439
1788004805406250000,2026-08-29T07:00:05.406250,8.825686
1788004805437500000,2026-08-29T07:00:05.437500,8.880110
1788004805468750000,2026-08-29T07:00:05.468750,9.115945
1788004805500000000,2026-08-29T07:00:05.500000,9.678322
1788004805531250000,2026-08-29T07:00:05.531250,10.059287
1788004805562500000,2026-08-29T07:00:05.562500,10.440251
1788004805593750000,2026-08-29T07:00:05.593750,10.694228
1788004805625000000,2026-08-29T07:00:05.625000,11.111475
1788004805656250000,2026-08-29T07:00:05.656250,11.292887
1788004805687500000,2026-08-29T07:00:05.687500,11.710134
1788004805718750000,2026-08-29T07:00:05.718750,11.800840
1788004805750000000,2026-08-29T07:00:05.750000,12.453923
1788004805781250000,2026-08-29T07:00:05.781250,12.453923
1788004805812500000,2026-08-29T07:00:05.812500,12.544629
1788004805843750000,2026-08-29T07:00:05.843750,12.653476
1788004805875000000,2026-08-29T07:00:05.875000,13.088864
1788004805906250000,2026-08-29T07:00:05.906250,13.215853
1788004805937500000,2026-08-29T07:00:05.937500,13.469829
1788004805968750000,2026-08-29T07:00:05.968750,13.633100
1788004806000000000,2026-08-29T07:00:06,13.542394
1788004806031250000,2026-08-29T07:00:06.031250,13.451688
1788004806062500000,2026-08-29T07:00:06.062500,13.560535
1788004806093750000,2026-08-29T07:00:06.093750,13.506111
1788004806125000000,2026-08-29T07:00:06.125000,13.215853
1788004806156250000,2026-08-29T07:00:06.156250,13.306558
1788004806187500000,2026-08-29T07:00:06.187500,13.197711
1788048000093750000,2026-08-29T19:00:00.093750,13.614959
1788048000125000000,2026-08-29T19:00:00.125000,13.360982
1788048000156250000,2026-08-29T19:00:00.156250,13.342841
1788048000187500000,2026-08-29T19:00:00.187500,13.143288
1788048000218750000,2026-08-29T19:00:00.218750,12.998158
1788048000250000000,2026-08-29T19:00:00.250000,12.943735
1788048000281250000,2026-08-29T19:00:00.281250,12.834888
1788048000312500000,2026-08-29T19:00:00.312500,12.907452
1788048000343750000,2026-08-29T19:00:00.343750,13.052582
1788048000375000000,2026-08-29T19:00:00.375000,12.925594
1788048000406250000,2026-08-29T19:00:00.406250,12.780464
1788048000437500000,2026-08-29T19:00:00.437500,12.653476
1788048000468750000,2026-08-29T19:00:00.468750,12.562770
1788048000500000000,2026-08-29T19:00:00.500000,12.508346
1788048000531250000,2026-08-29T19:00:00.531250,12.417640
1788048000562500000,2026-08-29T19:00:00.562500,12.199946
1788048000593750000,2026-08-29T19:00:00.593750,12.218087
1788048000625000000,2026-08-29T19:00:00.625000,12.000393
1788048000656250000,2026-08-29T19:00:00.656250,11.891546
1788048000687500000,2026-08-29T19:00:00.687500,11.945970
1788048000718750000,2026-08-29T19:00:00.718750,11.764558
1788048000750000000,2026-08-29T19:00:00.750000,11.818981
1788048000781250000,2026-08-29T19:00:00.781250,11.982252
1788048000812500000,2026-08-29T19:00:00.812500,11.655711
1788048000843750000,2026-08-29T19:00:00.843750,11.020769
1788048000875000000,2026-08-29T19:00:00.875000,10.766793
1788048000906250000,2026-08-29T19:00:00.906250,10.349545
1788048000937500000,2026-08-29T19:00:00.937500,9.823451
1788048000968750000,2026-08-29T19:00:00.968750,9.533192
1788048001000000000,2026-08-29T19:00:01,9.460627
1788048001031250000,2026-08-29T19:00:01.031250,9.478769
1788048001062500000,2026-08-29T19:00:01.062500,9.170369
1788048001093750000,2026-08-29T19:00:01.093750,8.988957
1788048001125000000,2026-08-29T19:00:01.125000,8.771262
1788048001156250000,2026-08-29T19:00:01.156250,8.444721
1788048001187500000,2026-08-29T19:00:01.187500,7.719074
1788048001218750000,2026-08-29T19:00:01.218750,7.338109
1788048001250000000,2026-08-29T19:00:01.250000,6.793873
1788048001281250000,2026-08-29T19:00:01.281250,6.068226
1788048001312500000,2026-08-29T19:00:01.312500,5.542132
1788048001343750000,2026-08-29T19:00:01.343750,5.052320
1788048001375000000,2026-08-29T19:00:01.375000,4.471802
1788048001406250000,2026-08-29T19:00:01.406250,4.072696
1788048001437500000,2026-08-29T19:00:01.437500,3.328907
1788048001468750000,2026-08-29T19:00:01.468750,2.839095
1788048001500000000,2026-08-29T19:00:01.500000,2.421848
1788048001531250000,2026-08-29T19:00:01.531250,1.913895
1788048001562500000,2026-08-29T19:00:01.562500,1.442224
1788048001593750000,2026-08-29T19:00:01.593750,1.278953
1788048001625000000,2026-08-29T19:00:01.625000,0.789142
1788048001656250000,2026-08-29T19:00:01.656250,-0.027212
1788048001687500000,2026-08-29T19:00:01.687500,-1.024977
1788048001718750000,2026-08-29T19:00:01.718750,-2.113448
1788048001750000000,2026-08-29T19:00:01.750000,-3.147495
1788048001781250000,2026-08-29T19:00:01.781250,-4.054555
1788048001812500000,2026-08-29T19:00:01.812500,-4.580649
1788048001843750000,2026-08-29T19:00:01.843750,-5.270014
1788048001875000000,2026-08-29T19:00:01.875000,-5.632838
1788048001906250000,2026-08-29T19:00:01.906250,-5.850532
1788048001937500000,2026-08-29T19:00:01.937500,-6.213356
1788048001968750000,2026-08-29T19:00:01.968750,-6.757591
1788048002000000000,2026-08-29T19:00:02,-7.084132
1788048002031250000,2026-08-29T19:00:02.031250,-7.573944
1788048002062500000,2026-08-29T19:00:02.062500,-8.535427
1788048002093750000,2026-08-29T19:00:02.093750,-9.043380
1788048002125000000,2026-08-29T19:00:02.125000,-9.351780
1788048002156250000,2026-08-29T19:00:02.156250,-9.605757
1788048002187500000,2026-08-29T19:00:02.187500,-9.787169
1788048002218750000,2026-08-29T19:00:02.218750,-9.877875
1788048002250000000,2026-08-29T19:00:02.250000,-10.403969
1788048002281250000,2026-08-29T19:00:02.281250,-11.002628
1788048002312500000,2026-08-29T19:00:02.312500,-11.474299
1788048002343750000,2026-08-29T19:00:02.343750,-12.054817
1788048002375000000,2026-08-29T19:00:02.375000,-12.435782
1788048002406250000,2026-08-29T19:00:02.406250,-12.780464
1788048002437500000,2026-08-29T19:00:02.437500,-13.034441
1788048002468750000,2026-08-29T19:00:02.468750,-13.324700
1788048002500000000,2026-08-29T19:00:02.500000,-13.687523
1788048002531250000,2026-08-29T19:00:02.531250,-13.796370
1788048002562500000,2026-08-29T19:00:02.562500,-13.905218
1788048002593750000,2026-08-29T19:00:02.593750,-13.778229
1788048002625000000,2026-08-29T19:00:02.625000,-13.705665
1788048002656250000,2026-08-29T19:00:02.656250,-13.524253
1788048002687500000,2026-08-29T19:00:02.687500,-13.342841
1788048002718750000,2026-08-29T19:00:02.718750,-12.961876
1788048002750000000,2026-08-29T19:00:02.750000,-13.070723
1788048002781250000,2026-08-29T19:00:02.781250,-13.107005
1788048002812500000,2026-08-29T19:00:02.812500,-12.834888
1788048002843750000,2026-08-29T19:00:02.843750,-12.853029
1788048002875000000,2026-08-29T19:00:02.875000,-12.798605
1788048002906250000,2026-08-29T19:00:02.906250,-12.453923
1788048002937500000,2026-08-29T19:00:02.937500,-12.127382
1788048002968750000,2026-08-29T19:00:02.968750,-12.091099
1788048003000000000,2026-08-29T19:00:03,-11.782699
1788048003031250000,2026-08-29T19:00:03.031250,-11.728275
1788048003062500000,2026-08-29T19:00:03.062500,-11.274746
1788048003093750000,2026-08-29T19:00:03.093750,-11.020769
1788048003125000000,2026-08-29T19:00:03.125000,-10.403969
1788048003156250000,2026-08-29T19:00:03.156250,-10.023004
1788048003187500000,2026-08-29T19:00:03.187500,-9.279216
1788048003218750000,2026-08-29T19:00:03.218750,-9.134086
1788048003250000000,2026-08-29T19:00:03.250000,-8.571709
1788048003281250000,2026-08-29T19:00:03.281250,-8.136321
1788048003312500000,2026-08-29T19:00:03.312500,-7.501380
1788048003343750000,2026-08-29T19:00:03.343750,-7.174838
1788048003375000000,2026-08-29T19:00:03.375000,-6.467332
1788048003406250000,2026-08-29T19:00:03.406250,-5.977520
1788048003437500000,2026-08-29T19:00:03.437500,-5.632838
1788048003468750000,2026-08-29T19:00:03.468750,-4.961614
1788048003500000000,2026-08-29T19:00:03.500000,-4.254108
1788048003531250000,2026-08-29T19:00:03.531250,-3.855002
1788048003562500000,2026-08-29T19:00:03.562500,-2.712107
1788048003593750000,2026-08-29T19:00:03.593750,-2.095307
1788048003625000000,2026-08-29T19:00:03.625000,-1.442224
1788048003656250000,2026-08-29T19:00:03.656250,-0.861706
1788048003687500000,2026-08-29T19:00:03.687500,-0.045353
1788048003718750000,2026-08-29T19:00:03.718750,0.371894
1788048003750000000,2026-08-29T19:00:03.750000,1.532930
1788048003781250000,2026-08-29T19:00:03.781250,2.022742
1788048003812500000,2026-08-29T19:00:03.812500,2.820954
1788048003843750000,2026-08-29T19:00:03.843750,3.165637
1788048003875000000,2026-08-29T19:00:03.875000,3.746154
1788048003906250000,2026-08-29T19:00:03.906250,3.981990
1788048003937500000,2026-08-29T19:00:03.937500,4.526225
1788048003968750000,2026-08-29T19:00:03.968750,5.016037
1788048004000000000,2026-08-29T19:00:04,5.868673
1788048004031250000,2026-08-29T19:00:04.031250,6.431050
1788048004062500000,2026-08-29T19:00:04.062500,6.757591
1788048004093750000,2026-08-29T19:00:04.093750,7.410674
1788048004125000000,2026-08-29T19:00:04.125000,7.628368
1788048004156250000,2026-08-29T19:00:04.156250,8.154462
1788048004187500000,2026-08-29T19:00:04.187500,8.607992
1788048004218750000,2026-08-29T19:00:04.218750,9.224792
1788048004250000000,2026-08-29T19:00:04.250000,9.587616
1788048004281250000,2026-08-29T19:00:04.281250,10.149992
1788048004312500000,2026-08-29T19:00:04.312500,10.385828
1788048004343750000,2026-08-29T19:00:04.343750,10.494675
1788048004375000000,2026-08-29T19:00:04.375000,10.730510
1788048004406250000,2026-08-29T19:00:04.406250,11.038910
1788048004437500000,2026-08-29T19:00:04.437500,11.546864
1788048004468750000,2026-08-29T19:00:04.468750,11.673852
1788048004500000000,2026-08-29T19:00:04.500000,11.873405
1788048004531250000,2026-08-29T19:00:04.531250,12.381358
1788048004562500000,2026-08-29T19:00:04.562500,12.490205
1788048004593750000,2026-08-29T19:00:04.593750,12.508346
1788048004625000000,2026-08-29T19:00:04.625000,12.780464
1788048004656250000,2026-08-29T19:00:04.656250,12.961876
1788048004687500000,2026-08-29T19:00:04.687500,12.544629
1788048004718750000,2026-08-29T19:00:04.718750,12.562770
1788048004750000000,2026-08-29T19:00:04.750000,12.417640
1788048004781250000,2026-08-29T19:00:04.781250,12.544629
1788048004812500000,2026-08-29T19:00:04.812500,12.617193
1788048004843750000,2026-08-29T19:00:04.843750,12.998158
1788048004875000000,2026-08-29T19:00:04.875000,13.215853
1788048004906250000,2026-08-29T19:00:04.906250,13.778229
1788048004937500000,2026-08-29T19:00:04.937500,13.760088
1788048004968750000,2026-08-29T19:00:04.968750,13.905218
1788048005000000000,2026-08-29T19:00:05,13.887076
1788048005031250000,2026-08-29T19:00:05.031250,13.905218
1788048005062500000,2026-08-29T19:00:05.062500,13.560535
1788048005093750000,2026-08-29T19:00:05.093750,13.524253
1788048005125000000,2026-08-29T19:00:05.125000,13.360982
1788048005156250000,2026-08-29T19:00:05.156250,13.252135
1788048005187500000,2026-08-29T19:00:05.187500,13.252135
1788048005218750000,2026-08-29T19:00:05.218750,13.070723
1788048005250000000,2026-08-29T19:00:05.250000,12.961876
1788048005281250000,2026-08-29T19:00:05.281250,12.834888
1788048005312500000,2026-08-29T19:00:05.312500,12.689758
1788048005343750000,2026-08-29T19:00:05.343750,12.435782
1788048005375000000,2026-08-29T19:00:05.375000,12.399499
1788048005406250000,2026-08-29T19:00:05.406250,12.490205
1788048005437500000,2026-08-29T19:00:05.437500,12.199946
1788048005468750000,2026-08-29T19:00:05.468750,12.254370
1788048005500000000,2026-08-29T19:00:05.500000,12.218087
1788048005531250000,2026-08-29T19:00:05.531250,12.163664
1788048005562500000,2026-08-29T19:00:05.562500,11.873405
1788048005593750000,2026-08-29T19:00:05.593750,12.018534
1788048005625000000,2026-08-29T19:00:05.625000,12.054817
1788048005656250000,2026-08-29T19:00:05.656250,11.927828
1788048005687500000,2026-08-29T19:00:05.687500,11.873405
1788048005718750000,2026-08-29T19:00:05.718750,11.927828
1788048005750000000,2026-08-29T19:00:05.750000,11.873405
1788048005781250000,2026-08-29T19:00:05.781250,11.528722
1788048005812500000,2026-08-29T19:00:05.812500,11.728275
1788048005843750000,2026-08-29T19:00:05.843750,11.691993
1788048005875000000,2026-08-29T19:00:05.875000,11.365452
1788048005906250000,2026-08-29T19:00:05.906250,11.256605
1788048005937500000,2026-08-29T19:00:05.937500,10.966346
1788048005968750000,2026-08-29T19:00:05.968750,10.168134
1788048006000000000,2026-08-29T19:00:06,9.551333
1788048006031250000,2026-08-29T19:00:06.031250,9.496910
1788048006062500000,2026-08-29T19:00:06.062500,9.115945
1788048006093750000,2026-08-29T19:00:06.093750,8.952674
1788048006125000000,2026-08-29T19:00:06.125000,8.880110
1788048006156250000,2026-08-29T19:00:06.156250,8.553568
1788048006187500000,2026-08-29T19:00:06.187500,8.208886
1788091200093750000,2026-08-30T07:00:00.093750,-11.773628
1788091200125000000,2026-08-30T07:00:00.125000,-12.045746
1788091200156250000,2026-08-30T07:00:00.156250,-12.227158
1788091200187500000,2026-08-30T07:00:00.187500,-12.517417
1788091200218750000,2026-08-30T07:00:00.218750,-12.753252
1788091200250000000,2026-08-30T07:00:00.250000,-12.880241
1788091200281250000,2026-08-30T07:00:00.281250,-12.934664
1788091200312500000,2026-08-30T07:00:00.312500,-13.134217
1788091200343750000,2026-08-30T07:00:00.343750,-12.916523
1788091200375000000,2026-08-30T07:00:00.375000,-12.698829
1788091200406250000,2026-08-30T07:00:00.406250,-12.680688
1788091200437500000,2026-08-30T07:00:00.437500,-12.753252
1788091200468750000,2026-08-30T07:00:00.468750,-12.843958
1788091200500000000,2026-08-30T07:00:00.500000,-12.680688
1788091200531250000,2026-08-30T07:00:00.531250,-12.716970
1788091200562500000,2026-08-30T07:00:00.562500,-12.644405
1788091200593750000,2026-08-30T07:00:00.593750,-12.390429
1788091200625000000,2026-08-30T07:00:00.625000,-12.082029
1788091200656250000,2026-08-30T07:00:00.656250,-12.190876
1788091200687500000,2026-08-30T07:00:00.687500,-11.574075
1788091200718750000,2026-08-30T07:00:00.718750,-11.410805
1788091200750000000,2026-08-30T07:00:00.750000,-11.211252
1788091200781250000,2026-08-30T07:00:00.781250,-10.884710
1788091200812500000,2026-08-30T07:00:00.812500,-10.485604
1788091200843750000,2026-08-30T07:00:00.843750,-10.685157
1788091200875000000,2026-08-30T07:00:00.875000,-10.068357
1788091200906250000,2026-08-30T07:00:00.906250,-9.741816
1788091200937500000,2026-08-30T07:00:00.937500,-9.378992
1788091200968750000,2026-08-30T07:00:00.968750,-8.834757
1788091201000000000,2026-08-30T07:00:01,-7.945839
1788091201031250000,2026-08-30T07:00:01.031250,-7.274615
1788091201062500000,2026-08-30T07:00:01.062500,-6.585250
1788091201093750000,2026-08-30T07:00:01.093750,-5.968450
1788091201125000000,2026-08-30T07:00:01.125000,-5.787038
1788091201156250000,2026-08-30T07:00:01.156250,-5.442355
1788091201187500000,2026-08-30T07:00:01.187500,-4.644143
1788091201218750000,2026-08-30T07:00:01.218750,-3.972919
1788091201250000000,2026-08-30T07:00:01.250000,-3.210990
1788091201281250000,2026-08-30T07:00:01.281250,-2.340213
1788091201312500000,2026-08-30T07:00:01.312500,-1.578283
1788091201343750000,2026-08-30T07:00:01.343750,-1.251742
1788091201375000000,2026-08-30T07:00:01.375000,-0.725647
1788091201406250000,2026-08-30T07:00:01.406250,-0.199553
1788091201437500000,2026-08-30T07:00:01.437500,0.544236
1788091201468750000,2026-08-30T07:00:01.468750,1.070330
1788091201500000000,2026-08-30T07:00:01.500000,1.814118
1788091201531250000,2026-08-30T07:00:01.531250,2.630472
1788091201562500000,2026-08-30T07:00:01.562500,3.084001
1788091201593750000,2026-08-30T07:00:01.593750,3.301695
1788091201625000000,2026-08-30T07:00:01.625000,3.882213
1788091201656250000,2026-08-30T07:00:01.656250,4.426449
1788091201687500000,2026-08-30T07:00:01.687500,4.825555
1788091201718750000,2026-08-30T07:00:01.718750,5.660049
1788091201750000000,2026-08-30T07:00:01.750000,6.186144
1788091201781250000,2026-08-30T07:00:01.781250,6.639673
1788091201812500000,2026-08-30T07:00:01.812500,7.238332
1788091201843750000,2026-08-30T07:00:01.843750,7.873274
1788091201875000000,2026-08-30T07:00:01.875000,8.272380
1788091201906250000,2026-08-30T07:00:01.906250,8.798474
1788091201937500000,2026-08-30T07:00:01.937500,9.451557
1788091201968750000,2026-08-30T07:00:01.968750,9.651110
1788091202000000000,2026-08-30T07:00:02,9.977651
1788091202031250000,2026-08-30T07:00:02.031250,10.467463
1788091202062500000,2026-08-30T07:00:02.062500,10.721440
1788091202093750000,2026-08-30T07:00:02.093750,10.957275
1788091202125000000,2026-08-30T07:00:02.125000,11.265675
1788091202156250000,2026-08-30T07:00:02.156250,11.465228
1788091202187500000,2026-08-30T07:00:02.187500,11.555934
1788091202218750000,2026-08-30T07:00:02.218750,12.009464
1788091202250000000,2026-08-30T07:00:02.250000,12.154593
1788091202281250000,2026-08-30T07:00:02.281250,12.227158
1788091202312500000,2026-08-30T07:00:02.312500,12.481135
1788091202343750000,2026-08-30T07:00:02.343750,12.589982
1788091202375000000,2026-08-30T07:00:02.375000,12.608123
1788091202406250000,2026-08-30T07:00:02.406250,12.608123
1788091202437500000,2026-08-30T07:00:02.437500,12.916523
1788091202468750000,2026-08-30T07:00:02.468750,12.934664
1788091202500000000,2026-08-30T07:00:02.500000,13.007229
1788091202531250000,2026-08-30T07:00:02.531250,13.333770
1788091202562500000,2026-08-30T07:00:02.562500,13.206782
1788091202593750000,2026-08-30T07:00:02.593750,13.116076
1788091202625000000,2026-08-30T07:00:02.625000,13.297488
1788091202656250000,2026-08-30T07:00:02.656250,13.370053
1788091202687500000,2026-08-30T07:00:02.687500,13.116076
1788091202718750000,2026-08-30T07:00:02.718750,13.333770
1788091202750000000,2026-08-30T07:00:02.750000,13.116076
1788091202781250000,2026-08-30T07:00:02.781250,12.680688
1788091202812500000,2026-08-30T07:00:02.812500,12.662546
1788091202843750000,2026-08-30T07:00:02.843750,12.862099
1788091202875000000,2026-08-30T07:00:02.875000,12.626264
1788091202906250000,2026-08-30T07:00:02.906250,12.898382
1788091202937500000,2026-08-30T07:00:02.937500,12.843958
1788091202968750000,2026-08-30T07:00:02.968750,12.753252
1788091203000000000,2026-08-30T07:00:03,12.680688
1788091203031250000,2026-08-30T07:00:03.031250,12.843958
1788091203062500000,2026-08-30T07:00:03.062500,12.735111
1788091203093750000,2026-08-30T07:00:03.093750,12.753252
1788091203125000000,2026-08-30T07:00:03.125000,12.680688
1788091203156250000,2026-08-30T07:00:03.156250,12.662546
1788091203187500000,2026-08-30T07:00:03.187500,12.481135
1788091203218750000,2026-08-30T07:00:03.218750,12.317864
1788091203250000000,2026-08-30T07:00:03.250000,12.317864
1788091203281250000,2026-08-30T07:00:03.281250,12.408570
1788091203312500000,2026-08-30T07:00:03.312500,12.517417
1788091203343750000,2026-08-30T07:00:03.343750,12.626264
1788091203375000000,2026-08-30T07:00:03.375000,12.408570
1788091203406250000,2026-08-30T07:00:03.406250,12.571841
1788091203437500000,2026-08-30T07:00:03.437500,12.372287
1788091203468750000,2026-08-30T07:00:03.468750,11.809911
1788091203500000000,2026-08-30T07:00:03.500000,11.447087
1788091203531250000,2026-08-30T07:00:03.531250,11.483369
1788091203562500000,2026-08-30T07:00:03.562500,11.156828
1788091203593750000,2026-08-30T07:00:03.593750,11.338240
1788091203625000000,2026-08-30T07:00:03.625000,11.465228
1788091203656250000,2026-08-30T07:00:03.656250,11.501511
1788091203687500000,2026-08-30T07:00:03.687500,11.410805
1788091203718750000,2026-08-30T07:00:03.718750,11.174969
1788091203750000000,2026-08-30T07:00:03.750000,10.594451
1788091203781250000,2026-08-30T07:00:03.781250,10.213487
1788091203812500000,2026-08-30T07:00:03.812500,9.941369
1788091203843750000,2026-08-30T07:00:03.843750,9.433416
1788091203875000000,2026-08-30T07:00:03.875000,9.179439
1788091203906250000,2026-08-30T07:00:03.906250,8.943604
1788091203937500000,2026-08-30T07:00:03.937500,8.562639
1788091203968750000,2026-08-30T07:00:03.968750,7.818850
1788091204000000000,2026-08-30T07:00:04,7.347180
1788091204031250000,2026-08-30T07:00:04.031250,6.821085
1788091204062500000,2026-08-30T07:00:04.062500,6.186144
1788091204093750000,2026-08-30T07:00:04.093750,5.623767
1788091204125000000,2026-08-30T07:00:04.125000,5.369790
1788091204156250000,2026-08-30T07:00:04.156250,4.807414
1788091204187500000,2026-08-30T07:00:04.187500,4.245037
1788091204218750000,2026-08-30T07:00:04.218750,3.392401
1788091204250000000,2026-08-30T07:00:04.250000,2.467201
1788091204281250000,2026-08-30T07:00:04.281250,1.868542
1788091204312500000,2026-08-30T07:00:04.312500,1.396871
1788091204343750000,2026-08-30T07:00:04.343750,0.852636
1788091204375000000,2026-08-30T07:00:04.375000,0.580518
1788091204406250000,2026-08-30T07:00:04.406250,0.308400
1788091204437500000,2026-08-30T07:00:04.437500,-0.199553
1788091204468750000,2026-08-30T07:00:04.468750,-0.979624
1788091204500000000,2026-08-30T07:00:04.500000,-1.832260
1788091204531250000,2026-08-30T07:00:04.531250,-2.811884
1788091204562500000,2026-08-30T07:00:04.562500,-3.882213
1788091204593750000,2026-08-30T07:00:04.593750,-4.716708
1788091204625000000,2026-08-30T07:00:04.625000,-5.206520
1788091204656250000,2026-08-30T07:00:04.656250,-5.805179
1788091204687500000,2026-08-30T07:00:04.687500,-6.331273
1788091204718750000,2026-08-30T07:00:04.718750,-6.784803
1788091204750000000,2026-08-30T07:00:04.750000,-7.365321
1788091204781250000,2026-08-30T07:00:04.781250,-8.000262
1788091204812500000,2026-08-30T07:00:04.812500,-8.381227
1788091204843750000,2026-08-30T07:00:04.843750,-8.762192
1788091204875000000,2026-08-30T07:00:04.875000,-9.016168
1788091204906250000,2026-08-30T07:00:04.906250,-9.433416
1788091204937500000,2026-08-30T07:00:04.937500,-9.632969
1788091204968750000,2026-08-30T07:00:04.968750,-10.140922
1788091205000000000,2026-08-30T07:00:05,-10.594451
1788091205031250000,2026-08-30T07:00:05.031250,-10.920993
1788091205062500000,2026-08-30T07:00:05.062500,-11.211252
1788091205093750000,2026-08-30T07:00:05.093750,-11.537793
1788091205125000000,2026-08-30T07:00:05.125000,-11.918758
1788091205156250000,2026-08-30T07:00:05.156250,-11.955040
1788091205187500000,2026-08-30T07:00:05.187500,-12.118311
1788091205218750000,2026-08-30T07:00:05.218750,-12.299723
1788091205250000000,2026-08-30T07:00:05.250000,-12.535558
1788091205281250000,2026-08-30T07:00:05.281250,-12.462993
1788091205312500000,2026-08-30T07:00:05.312500,-12.753252
1788091205343750000,2026-08-30T07:00:05.343750,-12.934664
1788091205375000000,2026-08-30T07:00:05.375000,-12.898382
1788091205406250000,2026-08-30T07:00:05.406250,-13.061652
1788091205437500000,2026-08-30T07:00:05.437500,-13.370053
1788091205468750000,2026-08-30T07:00:05.468750,-13.243064
1788091205500000000,2026-08-30T07:00:05.500000,-13.043511
1788091205531250000,2026-08-30T07:00:05.531250,-13.025370
1788091205562500000,2026-08-30T07:00:05.562500,-12.771394
1788091205593750000,2026-08-30T07:00:05.593750,-12.299723
1788091205625000000,2026-08-30T07:00:05.625000,-12.227158
1788091205656250000,2026-08-30T07:00:05.656250,-11.846193
1788091205687500000,2026-08-30T07:00:05.687500,-11.809911
1788091205718750000,2026-08-30T07:00:05.718750,-11.737346
1788091205750000000,2026-08-30T07:00:05.750000,-11.773628
1788091205781250000,2026-08-30T07:00:05.781250,-11.374522
1788091205812500000,2026-08-30T07:00:05.812500,-11.574075
1788091205843750000,2026-08-30T07:00:05.843750,-11.120546
1788091205875000000,2026-08-30T07:00:05.875000,-10.721440
1788091205906250000,2026-08-30T07:00:05.906250,-10.104639
1788091205937500000,2026-08-30T07:00:05.937500,-9.796239
1788091205968750000,2026-08-30T07:00:05.968750,-9.106874
1788091206000000000,2026-08-30T07:00:06,-8.725910
1788091206031250000,2026-08-30T07:00:06.031250,-7.982121
1788091206062500000,2026-08-30T07:00:06.062500,-7.419744
1788091206093750000,2026-08-30T07:00:06.093750,-7.056921
1788091206125000000,2026-08-30T07:00:06.125000,-6.603391
1788091206156250000,2026-08-30T07:00:06.156250,-5.841461
1788091206187500000,2026-08-30T07:00:06.187500,-5.478638
1788134400093750000,2026-08-30T19:00:00.093750,1.097542
1788134400125000000,2026-08-30T19:00:00.125000,1.877613
1788134400156250000,2026-08-30T19:00:00.156250,2.585119
1788134400187500000,2026-08-30T19:00:00.187500,2.966084
1788134400218750000,2026-08-30T19:00:00.218750,3.437754
1788134400250000000,2026-08-30T19:00:00.250000,3.836860
1788134400281250000,2026-08-30T19:00:00.281250,4.181543
1788134400312500000,2026-08-30T19:00:00.312500,4.616931
1788134400343750000,2026-08-30T19:00:00.343750,5.251873
1788134400375000000,2026-08-30T19:00:00.375000,6.086367
1788134400406250000,2026-08-30T19:00:00.406250,6.939003
1788134400437500000,2026-08-30T19:00:00.437500,7.719074
1788134400468750000,2026-08-30T19:00:00.468750,8.118180
1788134400500000000,2026-08-30T19:00:00.500000,8.553568
1788134400531250000,2026-08-30T19:00:00.531250,8.680557
1788134400562500000,2026-08-30T19:00:00.562500,9.043380
1788134400593750000,2026-08-30T19:00:00.593750,9.279216
1788134400625000000,2026-08-30T19:00:00.625000,9.696463
1788134400656250000,2026-08-30T19:00:00.656250,9.968581
1788134400687500000,2026-08-30T19:00:00.687500,10.530957
1788134400718750000,2026-08-30T19:00:00.718750,10.766793
1788134400750000000,2026-08-30T19:00:00.750000,11.111475
1788134400781250000,2026-08-30T19:00:00.781250,11.438017
1788134400812500000,2026-08-30T19:00:00.812500,11.855264
1788134400843750000,2026-08-30T19:00:00.843750,11.891546
1788134400875000000,2026-08-30T19:00:00.875000,11.945970
1788134400906250000,2026-08-30T19:00:00.906250,12.199946
1788134400937500000,2026-08-30T19:00:00.937500,12.272511
1788134400968750000,2026-08-30T19:00:00.968750,12.218087
1788134401000000000,2026-08-30T19:00:01,12.326935
1788134401031250000,2026-08-30T19:00:01.031250,12.381358
1788134401062500000,2026-08-30T19:00:01.062500,12.145523
1788134401093750000,2026-08-30T19:00:01.093750,12.490205
1788134401125000000,2026-08-30T19:00:01.125000,12.635335
1788134401156250000,2026-08-30T19:00:01.156250,12.762323
1788134401187500000,2026-08-30T19:00:01.187500,12.707899
1788134401218750000,2026-08-30T19:00:01.218750,13.143288
1788134401250000000,2026-08-30T19:00:01.250000,13.143288
1788134401281250000,2026-08-30T19:00:01.281250,13.161429
1788134401312500000,2026-08-30T19:00:01.312500,13.107005
1788134401343750000,2026-08-30T19:00:01.343750,13.469829
1788134401375000000,2026-08-30T19:00:01.375000,13.088864
1788134401406250000,2026-08-30T19:00:01.406250,12.780464
1788134401437500000,2026-08-30T19:00:01.437500,12.816746
1788134401468750000,2026-08-30T19:00:01.468750,12.744182
1788134401500000000,2026-08-30T19:00:01.500000,12.617193
1788134401531250000,2026-08-30T19:00:01.531250,12.816746
1788134401562500000,2026-08-30T19:00:01.562500,12.599052
1788134401593750000,2026-08-30T19:00:01.593750,12.689758
1788134401625000000,2026-08-30T19:00:01.625000,12.508346
1788134401656250000,2026-08-30T19:00:01.656250,12.308793
1788134401687500000,2026-08-30T19:00:01.687500,12.526488
1788134401718750000,2026-08-30T19:00:01.718750,12.744182
1788134401750000000,2026-08-30T19:00:01.750000,12.453923
1788134401781250000,2026-08-30T19:00:01.781250,12.453923
1788134401812500000,2026-08-30T19:00:01.812500,12.308793
1788134401843750000,2026-08-30T19:00:01.843750,12.072958
1788134401875000000,2026-08-30T19:00:01.875000,11.746417
1788134401906250000,2026-08-30T19:00:01.906250,11.945970
1788134401937500000,2026-08-30T19:00:01.937500,12.036676
1788134401968750000,2026-08-30T19:00:01.968750,12.399499
1788134402000000000,2026-08-30T19:00:02,12.163664
1788134402031250000,2026-08-30T19:00:02.031250,12.036676
1788134402062500000,2026-08-30T19:00:02.062500,11.764558
1788134402093750000,2026-08-30T19:00:02.093750,11.818981
1788134402125000000,2026-08-30T19:00:02.125000,11.347311
1788134402156250000,2026-08-30T19:00:02.156250,11.492440
1788134402187500000,2026-08-30T19:00:02.187500,11.601287
1788134402218750000,2026-08-30T19:00:02.218750,11.510581
1788134402250000000,2026-08-30T19:00:02.250000,10.839357
1788134402281250000,2026-08-30T19:00:02.281250,10.748652
1788134402312500000,2026-08-30T19:00:02.312500,10.276981
1788134402343750000,2026-08-30T19:00:02.343750,10.168134
1788134402375000000,2026-08-30T19:00:02.375000,9.823451
1788134402406250000,2026-08-30T19:00:02.406250,9.587616
1788134402437500000,2026-08-30T19:00:02.437500,9.079663
1788134402468750000,2026-08-30T19:00:02.468750,8.571709
1788134402500000000,2026-08-30T19:00:02.500000,8.299592
1788134402531250000,2026-08-30T19:00:02.531250,7.719074
1788134402562500000,2026-08-30T19:00:02.562500,7.483238
1788134402593750000,2026-08-30T19:00:02.593750,6.975285
1788134402625000000,2026-08-30T19:00:02.625000,6.793873
1788134402656250000,2026-08-30T19:00:02.656250,6.086367
1788134402687500000,2026-08-30T19:00:02.687500,5.687261
1788134402718750000,2026-08-30T19:00:02.718750,5.433285
1788134402750000000,2026-08-30T19:00:02.750000,5.016037
1788134402781250000,2026-08-30T19:00:02.781250,4.362955
1788134402812500000,2026-08-30T19:00:02.812500,3.836860
1788134402843750000,2026-08-30T19:00:02.843750,3.274484
1788134402875000000,2026-08-30T19:00:02.875000,2.476272
1788134402906250000,2026-08-30T19:00:02.906250,2.040883
1788134402937500000,2026-08-30T19:00:02.937500,1.242671
1788134402968750000,2026-08-30T19:00:02.968750,0.535165
1788134403000000000,2026-08-30T19:00:03,-0.045353
1788134403031250000,2026-08-30T19:00:03.031250,-0.952412
1788134403062500000,2026-08-30T19:00:03.062500,-1.786907
1788134403093750000,2026-08-30T19:00:03.093750,-2.421848
1788134403125000000,2026-08-30T19:00:03.125000,-2.947942
1788134403156250000,2026-08-30T19:00:03.156250,-3.492178
1788134403187500000,2026-08-30T19:00:03.187500,-3.891284
1788134403218750000,2026-08-30T19:00:03.218750,-4.417378
1788134403250000000,2026-08-30T19:00:03.250000,-4.852767
1788134403281250000,2026-08-30T19:00:03.281250,-5.596555
1788134403312500000,2026-08-30T19:00:03.312500,-6.177073
1788134403343750000,2026-08-30T19:00:03.343750,-6.739450
1788134403375000000,2026-08-30T19:00:03.375000,-7.174838
1788134403406250000,2026-08-30T19:00:03.406250,-7.827921
1788134403437500000,2026-08-30T19:00:03.437500,-8.408439
1788134403468750000,2026-08-30T19:00:03.468750,-8.607992
1788134403500000000,2026-08-30T19:00:03.500000,-9.007098
1788134403531250000,2026-08-30T19:00:03.531250,-9.478769
1788134403562500000,2026-08-30T19:00:03.562500,-9.714604
1788134403593750000,2026-08-30T19:00:03.593750,-9.896016
1788134403625000000,2026-08-30T19:00:03.625000,-10.712369
1788134403656250000,2026-08-30T19:00:03.656250,-11.274746
1788134403687500000,2026-08-30T19:00:03.687500,-11.673852
1788134403718750000,2026-08-30T19:00:03.718750,-11.710134
1788134403750000000,2026-08-30T19:00:03.750000,-12.018534
1788134403781250000,2026-08-30T19:00:03.781250,-12.109240
1788134403812500000,2026-08-30T19:00:03.812500,-12.072958
1788134403843750000,2026-08-30T19:00:03.843750,-12.417640
1788134403875000000,2026-08-30T19:00:03.875000,-12.907452
1788134403906250000,2026-08-30T19:00:03.906250,-13.125147
1788134403937500000,2026-08-30T19:00:03.937500,-13.415406
1788134403968750000,2026-08-30T19:00:03.968750,-13.469829
1788134404000000000,2026-08-30T19:00:04,-13.415406
1788134404031250000,2026-08-30T19:00:04.031250,-13.288417
1788134404062500000,2026-08-30T19:00:04.062500,-13.197711
1788134404093750000,2026-08-30T19:00:04.093750,-13.125147
1788134404125000000,2026-08-30T19:00:04.125000,-13.125147
1788134404156250000,2026-08-30T19:00:04.156250,-13.034441
1788134404187500000,2026-08-30T19:00:04.187500,-13.415406
1788134404218750000,2026-08-30T19:00:04.218750,-13.360982
1788134404250000000,2026-08-30T19:00:04.250000,-13.052582
1788134404281250000,2026-08-30T19:00:04.281250,-12.707899
1788134404312500000,2026-08-30T19:00:04.312500,-12.635335
1788134404343750000,2026-08-30T19:00:04.343750,-12.181805
1788134404375000000,2026-08-30T19:00:04.375000,-11.927828
1788134404406250000,2026-08-30T19:00:04.406250,-11.673852
1788134404437500000,2026-08-30T19:00:04.437500,-11.510581
1788134404468750000,2026-08-30T19:00:04.468750,-10.911922
1788134404500000000,2026-08-30T19:00:04.500000,-10.349545
1788134404531250000,2026-08-30T19:00:04.531250,-9.896016
1788134404562500000,2026-08-30T19:00:04.562500,-9.642039
1788134404593750000,2026-08-30T19:00:04.593750,-9.115945
1788134404625000000,2026-08-30T19:00:04.625000,-8.771262
1788134404656250000,2026-08-30T19:00:04.656250,-8.553568
1788134404687500000,2026-08-30T19:00:04.687500,-7.809780
1788134404718750000,2026-08-30T19:00:04.718750,-7.011568
1788134404750000000,2026-08-30T19:00:04.750000,-6.576179
1788134404781250000,2026-08-30T19:00:04.781250,-5.832391
1788134404812500000,2026-08-30T19:00:04.812500,-5.124884
1788134404843750000,2026-08-30T19:00:04.843750,-4.508084
1788134404875000000,2026-08-30T19:00:04.875000,-3.873143
1788134404906250000,2026-08-30T19:00:04.906250,-3.256343
1788134404937500000,2026-08-30T19:00:04.937500,-2.802813
1788134404968750000,2026-08-30T19:00:04.968750,-2.040883
1788134405000000000,2026-08-30T19:00:05,-1.714342
1788134405031250000,2026-08-30T19:00:05.031250,-1.333377
1788134405062500000,2026-08-30T19:00:05.062500,-0.698436
1788134405093750000,2026-08-30T19:00:05.093750,-0.027212
1788134405125000000,2026-08-30T19:00:05.125000,0.752859
1788134405156250000,2026-08-30T19:00:05.156250,1.805048
1788134405187500000,2026-08-30T19:00:05.187500,2.566978
1788134405218750000,2026-08-30T19:00:05.218750,3.238201
1788134405250000000,2026-08-30T19:00:05.250000,3.945708
1788134405281250000,2026-08-30T19:00:05.281250,4.399237
1788134405312500000,2026-08-30T19:00:05.312500,4.471802
1788134405343750000,2026-08-30T19:00:05.343750,5.088602
1788134405375000000,2026-08-30T19:00:05.375000,5.542132
1788134405406250000,2026-08-30T19:00:05.406250,5.959379
1788134405437500000,2026-08-30T19:00:05.437500,6.249638
1788134405468750000,2026-08-30T19:00:05.468750,7.029709
1788134405500000000,2026-08-30T19:00:05.500000,7.192979
1788134405531250000,2026-08-30T19:00:05.531250,7.737215
1788134405562500000,2026-08-30T19:00:05.562500,8.317733
1788134405593750000,2026-08-30T19:00:05.593750,8.843827
1788134405625000000,2026-08-30T19:00:05.625000,8.988957
1788134405656250000,2026-08-30T19:00:05.656250,9.787169
1788134405687500000,2026-08-30T19:00:05.687500,10.295122
1788134405718750000,2026-08-30T19:00:05.718750,10.440251
1788134405750000000,2026-08-30T19:00:05.750000,10.839357
1788134405781250000,2026-08-30T19:00:05.781250,11.165899
1788134405812500000,2026-08-30T19:00:05.812500,11.129616
1788134405843750000,2026-08-30T19:00:05.843750,11.220322
1788134405875000000,2026-08-30T19:00:05.875000,11.492440
1788134405906250000,2026-08-30T19:00:05.906250,11.800840
1788134405937500000,2026-08-30T19:00:05.937500,11.964111
1788134405968750000,2026-08-30T19:00:05.968750,12.109240
1788134406000000000,2026-08-30T19:00:06,12.272511
1788134406031250000,2026-08-30T19:00:06.031250,12.272511
1788134406062500000,2026-08-30T19:00:06.062500,12.091099
1788134406093750000,2026-08-30T19:00:06.093750,12.181805
1788134406125000000,2026-08-30T19:00:06.125000,12.490205
1788134406156250000,2026-08-30T19:00:06.156250,12.508346
1788134406187500000,2026-08-30T19:00:06.187500,12.490205
1788177600093750000,2026-08-31T07:00:00.093750,11.247534
1788177600125000000,2026-08-31T07:00:00.125000,11.029840
1788177600156250000,2026-08-31T07:00:00.156250,10.648875
1788177600187500000,2026-08-31T07:00:00.187500,10.249769
1788177600218750000,2026-08-31T07:00:00.218750,10.013934
1788177600250000000,2026-08-31T07:00:00.250000,9.741816
1788177600281250000,2026-08-31T07:00:00.281250,9.651110
1788177600312500000,2026-08-31T07:00:00.312500,9.360851
1788177600343750000,2026-08-31T07:00:00.343750,9.197580
1788177600375000000,2026-08-31T07:00:00.375000,8.907321
1788177600406250000,2026-08-31T07:00:00.406250,8.471933
1788177600437500000,2026-08-31T07:00:00.437500,7.873274
1788177600468750000,2026-08-31T07:00:00.468750,7.365321
1788177600500000000,2026-08-31T07:00:00.500000,6.948073
1788177600531250000,2026-08-31T07:00:00.531250,6.331273
1788177600562500000,2026-08-31T07:00:00.562500,5.641908
1788177600593750000,2026-08-31T07:00:00.593750,5.242802
1788177600625000000,2026-08-31T07:00:00.625000,4.970684
1788177600656250000,2026-08-31T07:00:00.656250,4.517155
1788177600687500000,2026-08-31T07:00:00.687500,4.009202
1788177600718750000,2026-08-31T07:00:00.718750,3.936637
1788177600750000000,2026-08-31T07:00:00.750000,3.120284
1788177600781250000,2026-08-31T07:00:00.781250,2.176942
1788177600812500000,2026-08-31T07:00:00.812500,1.342448
1788177600843750000,2026-08-31T07:00:00.843750,0.761930
1788177600875000000,2026-08-31T07:00:00.875000,-0.145129
1788177600906250000,2026-08-31T07:00:00.906250,-0.634941
1788177600937500000,2026-08-31T07:00:00.937500,-0.925200
1788177600968750000,2026-08-31T07:00:00.968750,-1.578283
1788177601000000000,2026-08-31T07:00:01,-1.868542
1788177601031250000,2026-08-31T07:00:01.031250,-2.195083
1788177601062500000,2026-08-31T07:00:01.062500,-3.084001
1788177601093750000,2026-08-31T07:00:01.093750,-3.773366
1788177601125000000,2026-08-31T07:00:01.125000,-4.226896
1788177601156250000,2026-08-31T07:00:01.156250,-4.825555
1788177601187500000,2026-08-31T07:00:01.187500,-5.787038
1788177601218750000,2026-08-31T07:00:01.218750,-5.932167
1788177601250000000,2026-08-31T07:00:01.250000,-6.240567
1788177601281250000,2026-08-31T07:00:01.281250,-6.948073
1788177601312500000,2026-08-31T07:00:01.312500,-7.782568
1788177601343750000,2026-08-31T07:00:01.343750,-8.290521
1788177601375000000,2026-08-31T07:00:01.375000,-8.780333
1788177601406250000,2026-08-31T07:00:01.406250,-9.215721
1788177601437500000,2026-08-31T07:00:01.437500,-9.451557
1788177601468750000,2026-08-31T07:00:01.468750,-9.759957
1788177601500000000,2026-08-31T07:00:01.500000,-10.013934
1788177601531250000,2026-08-31T07:00:01.531250,-10.413040
1788177601562500000,2026-08-31T07:00:01.562500,-10.957275
1788177601593750000,2026-08-31T07:00:01.593750,-11.138687
1788177601625000000,2026-08-31T07:00:01.625000,-11.356381
1788177601656250000,2026-08-31T07:00:01.656250,-11.755487
1788177601687500000,2026-08-31T07:00:01.687500,-12.118311
1788177601718750000,2026-08-31T07:00:01.718750,-12.317864
1788177601750000000,2026-08-31T07:00:01.750000,-12.916523
1788177601781250000,2026-08-31T07:00:01.781250,-13.279347
1788177601812500000,2026-08-31T07:00:01.812500,-13.497041
1788177601843750000,2026-08-31T07:00:01.843750,-13.460759
1788177601875000000,2026-08-31T07:00:01.875000,-13.533323
1788177601906250000,2026-08-31T07:00:01.906250,-13.551464
1788177601937500000,2026-08-31T07:00:01.937500,-13.460759
1788177601968750000,2026-08-31T07:00:01.968750,-13.206782
1788177602000000000,2026-08-31T07:00:02,-13.007229
1788177602031250000,2026-08-31T07:00:02.031250,-12.970947
1788177602062500000,2026-08-31T07:00:02.062500,-12.916523
1788177602093750000,2026-08-31T07:00:02.093750,-12.735111
1788177602125000000,2026-08-31T07:00:02.125000,-12.680688
1788177602156250000,2026-08-31T07:00:02.156250,-12.952805
1788177602187500000,2026-08-31T07:00:02.187500,-12.952805
1788177602218750000,2026-08-31T07:00:02.218750,-12.698829
1788177602250000000,2026-08-31T07:00:02.250000,-12.408570
1788177602281250000,2026-08-31T07:00:02.281250,-12.009464
1788177602312500000,2026-08-31T07:00:02.312500,-11.410805
1788177602343750000,2026-08-31T07:00:02.343750,-10.975416
1788177602375000000,2026-08-31T07:00:02.375000,-10.122781
1788177602406250000,2026-08-31T07:00:02.406250,-9.778098
1788177602437500000,2026-08-31T07:00:02.437500,-9.324569
1788177602468750000,2026-08-31T07:00:02.468750,-9.052451
1788177602500000000,2026-08-31T07:00:02.500000,-8.490074
1788177602531250000,2026-08-31T07:00:02.531250,-8.272380
1788177602562500000,2026-08-31T07:00:02.562500,-7.927697
1788177602593750000,2026-08-31T07:00:02.593750,-7.601156
1788177602625000000,2026-08-31T07:00:02.625000,-7.147626
1788177602656250000,2026-08-31T07:00:02.656250,-6.603391
1788177602687500000,2026-08-31T07:00:02.687500,-6.168003
1788177602718750000,2026-08-31T07:00:02.718750,-5.442355
1788177602750000000,2026-08-31T07:00:02.750000,-4.734849
1788177602781250000,2026-08-31T07:00:02.781250,-4.045484
1788177602812500000,2026-08-31T07:00:02.812500,-3.410543
1788177602843750000,2026-08-31T07:00:02.843750,-2.521625
1788177602875000000,2026-08-31T07:00:02.875000,-1.995530
1788177602906250000,2026-08-31T07:00:02.906250,-1.215459
1788177602937500000,2026-08-31T07:00:02.937500,-0.417247
1788177602968750000,2026-08-31T07:00:02.968750,0.126988
1788177603000000000,2026-08-31T07:00:03,0.725647
1788177603031250000,2026-08-31T07:00:03.031250,1.269883
1788177603062500000,2026-08-31T07:00:03.062500,1.723412
1788177603093750000,2026-08-31T07:00:03.093750,1.904824
1788177603125000000,2026-08-31T07:00:03.125000,2.467201
1788177603156250000,2026-08-31T07:00:03.156250,2.957013
1788177603187500000,2026-08-31T07:00:03.187500,3.737084
1788177603218750000,2026-08-31T07:00:03.218750,4.190614
1788177603250000000,2026-08-31T07:00:03.250000,5.097673
1788177603281250000,2026-08-31T07:00:03.281250,5.478638
1788177603312500000,2026-08-31T07:00:03.312500,6.059155
1788177603343750000,2026-08-31T07:00:03.343750,6.421979
1788177603375000000,2026-08-31T07:00:03.375000,6.929932
1788177603406250000,2026-08-31T07:00:03.406250,7.564874
1788177603437500000,2026-08-31T07:00:03.437500,8.363086
1788177603468750000,2026-08-31T07:00:03.468750,8.834757
1788177603500000000,2026-08-31T07:00:03.500000,8.925463
1788177603531250000,2026-08-31T07:00:03.531250,9.469698
1788177603562500000,2026-08-31T07:00:03.562500,9.868804
1788177603593750000,2026-08-31T07:00:03.593750,9.868804
1788177603625000000,2026-08-31T07:00:03.625000,10.159063
1788177603656250000,2026-08-31T07:00:03.656250,10.703299
1788177603687500000,2026-08-31T07:00:03.687500,11.138687
1788177603718750000,2026-08-31T07:00:03.718750,11.120546
1788177603750000000,2026-08-31T07:00:03.750000,11.338240
1788177603781250000,2026-08-31T07:00:03.781250,11.447087
1788177603812500000,2026-08-31T07:00:03.812500,11.882476
1788177603843750000,2026-08-31T07:00:03.843750,11.791770
1788177603875000000,2026-08-31T07:00:03.875000,11.864334
1788177603906250000,2026-08-31T07:00:03.906250,12.100170
1788177603937500000,2026-08-31T07:00:03.937500,12.281582
1788177603968750000,2026-08-31T07:00:03.968750,12.336005
1788177604000000000,2026-08-31T07:00:04,12.426711
1788177604031250000,2026-08-31T07:00:04.031250,12.462993
1788177604062500000,2026-08-31T07:00:04.062500,12.789535
1788177604093750000,2026-08-31T07:00:04.093750,12.843958
1788177604125000000,2026-08-31T07:00:04.125000,12.698829
1788177604156250000,2026-08-31T07:00:04.156250,12.608123
1788177604187500000,2026-08-31T07:00:04.187500,13.007229
1788177604218750000,2026-08-31T07:00:04.218750,13.007229
1788177604250000000,2026-08-31T07:00:04.250000,13.097935
1788177604281250000,2026-08-31T07:00:04.281250,13.315629
1788177604312500000,2026-08-31T07:00:04.312500,13.551464
1788177604343750000,2026-08-31T07:00:04.343750,13.243064
1788177604375000000,2026-08-31T07:00:04.375000,13.351911
1788177604406250000,2026-08-31T07:00:04.406250,13.279347
1788177604437500000,2026-08-31T07:00:04.437500,13.243064
1788177604468750000,2026-08-31T07:00:04.468750,13.243064
1788177604500000000,2026-08-31T07:00:04.500000,13.188641
1788177604531250000,2026-08-31T07:00:04.531250,12.698829
1788177604562500000,2026-08-31T07:00:04.562500,12.589982
1788177604593750000,2026-08-31T07:00:04.593750,12.372287
1788177604625000000,2026-08-31T07:00:04.625000,12.263440
1788177604656250000,2026-08-31T07:00:04.656250,12.680688
1788177604687500000,2026-08-31T07:00:04.687500,13.025370
1788177604718750000,2026-08-31T07:00:04.718750,13.116076
1788177604750000000,2026-08-31T07:00:04.750000,13.097935
1788177604781250000,2026-08-31T07:00:04.781250,12.916523
1788177604812500000,2026-08-31T07:00:04.812500,12.608123
1788177604843750000,2026-08-31T07:00:04.843750,12.390429
1788177604875000000,2026-08-31T07:00:04.875000,12.172734
1788177604906250000,2026-08-31T07:00:04.906250,12.299723
1788177604937500000,2026-08-31T07:00:04.937500,12.281582
1788177604968750000,2026-08-31T07:00:04.968750,12.245299
1788177605000000000,2026-08-31T07:00:05,11.773628
1788177605031250000,2026-08-31T07:00:05.031250,11.537793
1788177605062500000,2026-08-31T07:00:05.062500,11.283816
1788177605093750000,2026-08-31T07:00:05.093750,11.120546
1788177605125000000,2026-08-31T07:00:05.125000,10.939134
1788177605156250000,2026-08-31T07:00:05.156250,11.138687
1788177605187500000,2026-08-31T07:00:05.187500,11.011699
1788177605218750000,2026-08-31T07:00:05.218750,10.812146
1788177605250000000,2026-08-31T07:00:05.250000,10.540028
1788177605281250000,2026-08-31T07:00:05.281250,10.213487
1788177605312500000,2026-08-31T07:00:05.312500,9.850663
1788177605343750000,2026-08-31T07:00:05.343750,9.596686
1788177605375000000,2026-08-31T07:00:05.375000,9.324569
1788177605406250000,2026-08-31T07:00:05.406250,9.252004
1788177605437500000,2026-08-31T07:00:05.437500,8.653345
1788177605468750000,2026-08-31T07:00:05.468750,8.290521
1788177605500000000,2026-08-31T07:00:05.500000,7.927697
1788177605531250000,2026-08-31T07:00:05.531250,7.310897
1788177605562500000,2026-08-31T07:00:05.562500,6.494544
1788177605593750000,2026-08-31T07:00:05.593750,5.968450
1788177605625000000,2026-08-31T07:00:05.625000,5.406073
1788177605656250000,2026-08-31T07:00:05.656250,4.789273
1788177605687500000,2026-08-31T07:00:05.687500,4.118049
1788177605718750000,2026-08-31T07:00:05.718750,3.845931
1788177605750000000,2026-08-31T07:00:05.750000,3.573813
1788177605781250000,2026-08-31T07:00:05.781250,2.830025
1788177605812500000,2026-08-31T07:00:05.812500,2.140660
1788177605843750000,2026-08-31T07:00:05.843750,1.723412
1788177605875000000,2026-08-31T07:00:05.875000,1.106612
1788177605906250000,2026-08-31T07:00:05.906250,0.489812
1788177605937500000,2026-08-31T07:00:05.937500,-0.126988
1788177605968750000,2026-08-31T07:00:05.968750,-0.526094
1788177606000000000,2026-08-31T07:00:06,-1.215459
1788177606031250000,2026-08-31T07:00:06.031250,-2.140660
1788177606062500000,2026-08-31T07:00:06.062500,-2.775601
1788177606093750000,2026-08-31T07:00:06.093750,-3.247272
1788177606125000000,2026-08-31T07:00:06.125000,-4.045484
1788177606156250000,2026-08-31T07:00:06.156250,-4.426449
1788177606187500000,2026-08-31T07:00:06.187500,-4.843696
1788220800093750000,2026-08-31T19:00:00.093750,-12.218087
1788220800125000000,2026-08-31T19:00:00.125000,-12.127382
1788220800156250000,2026-08-31T19:00:00.156250,-11.673852
1788220800187500000,2026-08-31T19:00:00.187500,-11.438017
1788220800218750000,2026-08-31T19:00:00.218750,-11.274746
1788220800250000000,2026-08-31T19:00:00.250000,-11.002628
1788220800281250000,2026-08-31T19:00:00.281250,-11.038910
1788220800312500000,2026-08-31T19:00:00.312500,-10.694228
1788220800343750000,2026-08-31T19:00:00.343750,-10.222557
1788220800375000000,2026-08-31T19:00:00.375000,-9.787169
1788220800406250000,2026-08-31T19:00:00.406250,-9.660180
1788220800437500000,2026-08-31T19:00:00.437500,-9.061521
1788220800468750000,2026-08-31T19:00:00.468750,-8.789404
1788220800500000000,2026-08-31T19:00:00.500000,-8.281450
1788220800531250000,2026-08-31T19:00:00.531250,-7.918627
1788220800562500000,2026-08-31T19:00:00.562500,-7.247403
1788220800593750000,2026-08-31T19:00:00.593750,-6.376626
1788220800625000000,2026-08-31T19:00:00.625000,-5.977520
1788220800656250000,2026-08-31T19:00:00.656250,-5.451426
1788220800687500000,2026-08-31T19:00:00.687500,-4.798343
1788220800718750000,2026-08-31T19:00:00.718750,-4.036413
1788220800750000000,2026-08-31T19:00:00.750000,-3.474037
1788220800781250000,2026-08-31T19:00:00.781250,-2.766531
1788220800812500000,2026-08-31T19:00:00.812500,-2.022742
1788220800843750000,2026-08-31T19:00:00.843750,-1.424083
1788220800875000000,2026-08-31T19:00:00.875000,-0.553306
1788220800906250000,2026-08-31T19:00:00.906250,-0.226765
1788220800937500000,2026-08-31T19:00:00.937500,0.571447
1788220800968750000,2026-08-31T19:00:00.968750,1.133824
1788220801000000000,2026-08-31T19:00:01,1.895754
1788220801031250000,2026-08-31T19:00:01.031250,2.240436
1788220801062500000,2026-08-31T19:00:01.062500,3.002366
1788220801093750000,2026-08-31T19:00:01.093750,3.546601
1788220801125000000,2026-08-31T19:00:01.125000,4.090837
1788220801156250000,2026-08-31T19:00:01.156250,4.580649
1788220801187500000,2026-08-31T19:00:01.187500,5.397002
1788220801218750000,2026-08-31T19:00:01.218750,5.850532
1788220801250000000,2026-08-31T19:00:01.250000,6.231497
1788220801281250000,2026-08-31T19:00:01.281250,6.666885
1788220801312500000,2026-08-31T19:00:01.312500,7.138556
1788220801343750000,2026-08-31T19:00:01.343750,7.374391
1788220801375000000,2026-08-31T19:00:01.375000,7.846062
1788220801406250000,2026-08-31T19:00:01.406250,8.390298
1788220801437500000,2026-08-31T19:00:01.437500,9.025239
1788220801468750000,2026-08-31T19:00:01.468750,9.279216
1788220801500000000,2026-08-31T19:00:01.500000,9.769028
1788220801531250000,2026-08-31T19:00:01.531250,10.331404
1788220801562500000,2026-08-31T19:00:01.562500,10.712369
1788220801593750000,2026-08-31T19:00:01.593750,10.821216
1788220801625000000,2026-08-31T19:00:01.625000,11.129616
1788220801656250000,2026-08-31T19:00:01.656250,11.383593
1788220801687500000,2026-08-31T19:00:01.687500,11.764558
1788220801718750000,2026-08-31T19:00:01.718750,12.127382
1788220801750000000,2026-08-31T19:00:01.750000,12.254370
1788220801781250000,2026-08-31T19:00:01.781250,12.544629
1788220801812500000,2026-08-31T19:00:01.812500,12.798605
1788220801843750000,2026-08-31T19:00:01.843750,12.689758
1788220801875000000,2026-08-31T19:00:01.875000,12.381358
1788220801906250000,2026-08-31T19:00:01.906250,12.653476
1788220801937500000,2026-08-31T19:00:01.937500,12.925594
1788220801968750000,2026-08-31T19:00:01.968750,12.834888
1788220802000000000,2026-08-31T19:00:02,12.798605
1788220802031250000,2026-08-31T19:00:02.031250,13.161429
1788220802062500000,2026-08-31T19:00:02.062500,13.107005
1788220802093750000,2026-08-31T19:00:02.093750,12.780464
1788220802125000000,2026-08-31T19:00:02.125000,12.635335
1788220802156250000,2026-08-31T19:00:02.156250,12.689758
1788220802187500000,2026-08-31T19:00:02.187500,12.762323
1788220802218750000,2026-08-31T19:00:02.218750,12.617193
1788220802250000000,2026-08-31T19:00:02.250000,12.689758
1788220802281250000,2026-08-31T19:00:02.281250,12.762323
1788220802312500000,2026-08-31T19:00:02.312500,12.689758
1788220802343750000,2026-08-31T19:00:02.343750,12.635335
1788220802375000000,2026-08-31T19:00:02.375000,13.052582
1788220802406250000,2026-08-31T19:00:02.406250,13.052582
1788220802437500000,2026-08-31T19:00:02.437500,12.780464
1788220802468750000,2026-08-31T19:00:02.468750,12.943735
1788220802500000000,2026-08-31T19:00:02.500000,12.980017
1788220802531250000,2026-08-31T19:00:02.531250,12.925594
1788220802562500000,2026-08-31T19:00:02.562500,12.907452
1788220802593750000,2026-08-31T19:00:02.593750,13.306558
1788220802625000000,2026-08-31T19:00:02.625000,13.143288
1788220802656250000,2026-08-31T19:00:02.656250,12.671617
1788220802687500000,2026-08-31T19:00:02.687500,12.272511
1788220802718750000,2026-08-31T19:00:02.718750,12.218087
1788220802750000000,2026-08-31T19:00:02.750000,12.072958
1788220802781250000,2026-08-31T19:00:02.781250,12.199946
1788220802812500000,2026-08-31T19:00:02.812500,12.326935
1788220802843750000,2026-08-31T19:00:02.843750,12.272511
1788220802875000000,2026-08-31T19:00:02.875000,12.091099
1788220802906250000,2026-08-31T19:00:02.906250,11.891546
1788220802937500000,2026-08-31T19:00:02.937500,11.746417
1788220802968750000,2026-08-31T19:00:02.968750,11.565005
1788220803000000000,2026-08-31T19:00:03,11.619428
1788220803031250000,2026-08-31T19:00:03.031250,11.419875
1788220803062500000,2026-08-31T19:00:03.062500,11.256605
1788220803093750000,2026-08-31T19:00:03.093750,10.621663
1788220803125000000,2026-08-31T19:00:03.125000,10.149992
1788220803156250000,2026-08-31T19:00:03.156250,9.877875
1788220803187500000,2026-08-31T19:00:03.187500,9.859734
1788220803218750000,2026-08-31T19:00:03.218750,9.424345
1788220803250000000,2026-08-31T19:00:03.250000,9.533192
1788220803281250000,2026-08-31T19:00:03.281250,9.533192
1788220803312500000,2026-08-31T19:00:03.312500,9.315498
1788220803343750000,2026-08-31T19:00:03.343750,9.007098
1788220803375000000,2026-08-31T19:00:03.375000,8.716839
1788220803406250000,2026-08-31T19:00:03.406250,8.317733
1788220803437500000,2026-08-31T19:00:03.437500,7.918627
1788220803468750000,2026-08-31T19:00:03.468750,7.519521
1788220803500000000,2026-08-31T19:00:03.500000,6.703167
1788220803531250000,2026-08-31T19:00:03.531250,6.322203
1788220803562500000,2026-08-31T19:00:03.562500,5.687261
1788220803593750000,2026-08-31T19:00:03.593750,5.251873
1788220803625000000,2026-08-31T19:00:03.625000,4.435519
1788220803656250000,2026-08-31T19:00:03.656250,4.163402
1788220803687500000,2026-08-31T19:00:03.687500,3.764296
1788220803718750000,2026-08-31T19:00:03.718750,3.220060
1788220803750000000,2026-08-31T19:00:03.750000,2.512554
1788220803781250000,2026-08-31T19:00:03.781250,1.986460
1788220803812500000,2026-08-31T19:00:03.812500,1.551071
1788220803843750000,2026-08-31T19:00:03.843750,0.807283
1788220803875000000,2026-08-31T19:00:03.875000,0.226765
1788220803906250000,2026-08-31T19:00:03.906250,-0.371894
1788220803937500000,2026-08-31T19:00:03.937500,-1.024977
1788220803968750000,2026-08-31T19:00:03.968750,-1.841330
1788220804000000000,2026-08-31T19:00:04,-2.294860
1788220804031250000,2026-08-31T19:00:04.031250,-2.929801
1788220804062500000,2026-08-31T19:00:04.062500,-3.564743
1788220804093750000,2026-08-31T19:00:04.093750,-4.054555
1788220804125000000,2026-08-31T19:00:04.125000,-4.743920
1788220804156250000,2026-08-31T19:00:04.156250,-5.433285
1788220804187500000,2026-08-31T19:00:04.187500,-5.941238
1788220804218750000,2026-08-31T19:00:04.218750,-6.558038
1788220804250000000,2026-08-31T19:00:04.250000,-7.156697
1788220804281250000,2026-08-31T19:00:04.281250,-7.846062
1788220804312500000,2026-08-31T19:00:04.312500,-8.481004
1788220804343750000,2026-08-31T19:00:04.343750,-9.025239
1788220804375000000,2026-08-31T19:00:04.375000,-9.460627
1788220804406250000,2026-08-31T19:00:04.406250,-9.841592
1788220804437500000,2026-08-31T19:00:04.437500,-9.896016
1788220804468750000,2026-08-31T19:00:04.468750,-10.295122
1788220804500000000,2026-08-31T19:00:04.500000,-10.530957
1788220804531250000,2026-08-31T19:00:04.531250,-10.748652
1788220804562500000,2026-08-31T19:00:04.562500,-11.075193
1788220804593750000,2026-08-31T19:00:04.593750,-11.383593
1788220804625000000,2026-08-31T19:00:04.625000,-11.655711
1788220804656250000,2026-08-31T19:00:04.656250,-12.036676
1788220804687500000,2026-08-31T19:00:04.687500,-12.345076
1788220804718750000,2026-08-31T19:00:04.718750,-12.544629
1788220804750000000,2026-08-31T19:00:04.750000,-12.780464
1788220804781250000,2026-08-31T19:00:04.781250,-12.653476
1788220804812500000,2026-08-31T19:00:04.812500,-12.544629
1788220804843750000,2026-08-31T19:00:04.843750,-12.472064
1788220804875000000,2026-08-31T19:00:04.875000,-12.599052
1788220804906250000,2026-08-31T19:00:04.906250,-12.816746
1788220804937500000,2026-08-31T19:00:04.937500,-13.107005
1788220804968750000,2026-08-31T19:00:04.968750,-13.270276
1788220805000000000,2026-08-31T19:00:05,-13.306558
1788220805031250000,2026-08-31T19:00:05.031250,-13.179570
1788220805062500000,2026-08-31T19:00:05.062500,-12.889311
1788220805093750000,2026-08-31T19:00:05.093750,-12.707899
1788220805125000000,2026-08-31T19:00:05.125000,-12.599052
1788220805156250000,2026-08-31T19:00:05.156250,-12.490205
1788220805187500000,2026-08-31T19:00:05.187500,-12.345076
1788220805218750000,2026-08-31T19:00:05.218750,-11.927828
1788220805250000000,2026-08-31T19:00:05.250000,-11.619428
1788220805281250000,2026-08-31T19:00:05.281250,-11.383593
1788220805312500000,2026-08-31T19:00:05.312500,-11.129616
1788220805343750000,2026-08-31T19:00:05.343750,-10.839357
1788220805375000000,2026-08-31T19:00:05.375000,-10.948205
1788220805406250000,2026-08-31T19:00:05.406250,-10.512816
1788220805437500000,2026-08-31T19:00:05.437500,-9.986722
1788220805468750000,2026-08-31T19:00:05.468750,-9.533192
1788220805500000000,2026-08-31T19:00:05.500000,-8.898251
1788220805531250000,2026-08-31T19:00:05.531250,-8.100039
1788220805562500000,2026-08-31T19:00:05.562500,-7.410674
1788220805593750000,2026-08-31T19:00:05.593750,-6.957144
1788220805625000000,2026-08-31T19:00:05.625000,-5.959379
1788220805656250000,2026-08-31T19:00:05.656250,-5.650979
1788220805687500000,2026-08-31T19:00:05.687500,-5.179308
1788220805718750000,2026-08-31T19:00:05.718750,-4.780202
1788220805750000000,2026-08-31T19:00:05.750000,-4.290390
1788220805781250000,2026-08-31T19:00:05.781250,-3.855002
1788220805812500000,2026-08-31T19:00:05.812500,-3.183778
1788220805843750000,2026-08-31T19:00:05.843750,-2.566978
1788220805875000000,2026-08-31T19:00:05.875000,-2.186013
1788220805906250000,2026-08-31T19:00:05.906250,-1.333377
1788220805937500000,2026-08-31T19:00:05.937500,-0.916130
1788220805968750000,2026-08-31T19:00:05.968750,0.027212
1788220806000000000,2026-08-31T19:00:06,0.644012
1788220806031250000,2026-08-31T19:00:06.031250,1.478506
1788220806062500000,2026-08-31T19:00:06.062500,2.004601
1788220806093750000,2026-08-31T19:00:06.093750,2.875378
1788220806125000000,2026-08-31T19:00:06.125000,3.564743
1788220806156250000,2026-08-31T19:00:06.156250,4.598790
1788220806187500000,2026-08-31T19:00:06.187500,5.088602
1788264000093750000,2026-09-01T07:00:00.093750,12.599052
1788264000125000000,2026-09-01T07:00:00.125000,12.762323
1788264000156250000,2026-09-01T07:00:00.156250,13.179570
1788264000187500000,2026-09-01T07:00:00.187500,13.578676
1788264000218750000,2026-09-01T07:00:00.218750,13.506111
1788264000250000000,2026-09-01T07:00:00.250000,13.324700
1788264000281250000,2026-09-01T07:00:00.281250,13.107005
1788264000312500000,2026-09-01T07:00:00.312500,12.762323
1788264000343750000,2026-09-01T07:00:00.343750,12.526488
1788264000375000000,2026-09-01T07:00:00.375000,12.472064
1788264000406250000,2026-09-01T07:00:00.406250,12.526488
1788264000437500000,2026-09-01T07:00:00.437500,12.472064
1788264000468750000,2026-09-01T07:00:00.468750,12.707899
1788264000500000000,2026-09-01T07:00:00.500000,12.562770
1788264000531250000,2026-09-01T07:00:00.531250,12.707899
1788264000562500000,2026-09-01T07:00:00.562500,12.345076
1788264000593750000,2026-09-01T07:00:00.593750,12.254370
1788264000625000000,2026-09-01T07:00:00.625000,12.036676
1788264000656250000,2026-09-01T07:00:00.656250,12.199946
1788264000687500000,2026-09-01T07:00:00.687500,12.091099
1788264000718750000,2026-09-01T07:00:00.718750,12.399499
1788264000750000000,2026-09-01T07:00:00.750000,12.363217
1788264000781250000,2026-09-01T07:00:00.781250,12.308793
1788264000812500000,2026-09-01T07:00:00.812500,11.964111
1788264000843750000,2026-09-01T07:00:00.843750,11.800840
1788264000875000000,2026-09-01T07:00:00.875000,11.474299
1788264000906250000,2026-09-01T07:00:00.906250,11.492440
1788264000937500000,2026-09-01T07:00:00.937500,11.202181
1788264000968750000,2026-09-01T07:00:00.968750,11.329169
1788264001000000000,2026-09-01T07:00:01,11.274746
1788264001031250000,2026-09-01T07:00:01.031250,11.202181
1788264001062500000,2026-09-01T07:00:01.062500,10.875640
1788264001093750000,2026-09-01T07:00:01.093750,10.875640
1788264001125000000,2026-09-01T07:00:01.125000,10.549098
1788264001156250000,2026-09-01T07:00:01.156250,10.059287
1788264001187500000,2026-09-01T07:00:01.187500,10.059287
1788264001218750000,2026-09-01T07:00:01.218750,9.787169
1788264001250000000,2026-09-01T07:00:01.250000,9.242933
1788264001281250000,2026-09-01T07:00:01.281250,8.898251
1788264001312500000,2026-09-01T07:00:01.312500,8.517286
1788264001343750000,2026-09-01T07:00:01.343750,7.882344
1788264001375000000,2026-09-01T07:00:01.375000,7.356250
1788264001406250000,2026-09-01T07:00:01.406250,6.848297
1788264001437500000,2026-09-01T07:00:01.437500,6.213356
1788264001468750000,2026-09-01T07:00:01.468750,5.705402
1788264001500000000,2026-09-01T07:00:01.500000,5.306296
1788264001531250000,2026-09-01T07:00:01.531250,4.671355
1788264001562500000,2026-09-01T07:00:01.562500,4.217825
1788264001593750000,2026-09-01T07:00:01.593750,3.637307
1788264001625000000,2026-09-01T07:00:01.625000,2.966084
1788264001656250000,2026-09-01T07:00:01.656250,2.349283
1788264001687500000,2026-09-01T07:00:01.687500,1.950177
1788264001718750000,2026-09-01T07:00:01.718750,0.916130
1788264001750000000,2026-09-01T07:00:01.750000,0.408177
1788264001781250000,2026-09-01T07:00:01.781250,-0.099777
1788264001812500000,2026-09-01T07:00:01.812500,-0.789142
1788264001843750000,2026-09-01T07:00:01.843750,-1.514789
1788264001875000000,2026-09-01T07:00:01.875000,-1.859471
1788264001906250000,2026-09-01T07:00:01.906250,-2.530695
1788264001937500000,2026-09-01T07:00:01.937500,-3.129354
1788264001968750000,2026-09-01T07:00:01.968750,-3.673590
1788264002000000000,2026-09-01T07:00:02,-4.272249
1788264002031250000,2026-09-01T07:00:02.031250,-4.852767
1788264002062500000,2026-09-01T07:00:02.062500,-5.741685
1788264002093750000,2026-09-01T07:00:02.093750,-6.485473
1788264002125000000,2026-09-01T07:00:02.125000,-7.011568
1788264002156250000,2026-09-01T07:00:02.156250,-7.682791
1788264002187500000,2026-09-01T07:00:02.187500,-8.045615
1788264002218750000,2026-09-01T07:00:02.218750,-8.317733
1788264002250000000,2026-09-01T07:00:02.250000,-8.553568
1788264002281250000,2026-09-01T07:00:02.281250,-8.934533
1788264002312500000,2026-09-01T07:00:02.312500,-9.424345
1788264002343750000,2026-09-01T07:00:02.343750,-9.877875
1788264002375000000,2026-09-01T07:00:02.375000,-10.313263
1788264002406250000,2026-09-01T07:00:02.406250,-10.784934
1788264002437500000,2026-09-01T07:00:02.437500,-11.274746
1788264002468750000,2026-09-01T07:00:02.468750,-11.383593
1788264002500000000,2026-09-01T07:00:02.500000,-11.619428
1788264002531250000,2026-09-01T07:00:02.531250,-11.800840
1788264002562500000,2026-09-01T07:00:02.562500,-12.091099
1788264002593750000,2026-09-01T07:00:02.593750,-12.544629
1788264002625000000,2026-09-01T07:00:02.625000,-12.726041
1788264002656250000,2026-09-01T07:00:02.656250,-13.016300
1788264002687500000,2026-09-01T07:00:02.687500,-13.270276
1788264002718750000,2026-09-01T07:00:02.718750,-13.306558
1788264002750000000,2026-09-01T07:00:02.750000,-13.306558
1788264002781250000,2026-09-01T07:00:02.781250,-13.433547
1788264002812500000,2026-09-01T07:00:02.812500,-13.415406
1788264002843750000,2026-09-01T07:00:02.843750,-13.578676
1788264002875000000,2026-09-01T07:00:02.875000,-13.578676
1788264002906250000,2026-09-01T07:00:02.906250,-13.469829
1788264002937500000,2026-09-01T07:00:02.937500,-13.052582
1788264002968750000,2026-09-01T07:00:02.968750,-13.070723
1788264003000000000,2026-09-01T07:00:03,-12.508346
1788264003031250000,2026-09-01T07:00:03.031250,-12.490205
1788264003062500000,2026-09-01T07:00:03.062500,-12.145523
1788264003093750000,2026-09-01T07:00:03.093750,-12.036676
1788264003125000000,2026-09-01T07:00:03.125000,-11.528722
1788264003156250000,2026-09-01T07:00:03.156250,-11.184040
1788264003187500000,2026-09-01T07:00:03.187500,-10.712369
1788264003218750000,2026-09-01T07:00:03.218750,-10.603522
1788264003250000000,2026-09-01T07:00:03.250000,-10.603522
1788264003281250000,2026-09-01T07:00:03.281250,-10.204416
1788264003312500000,2026-09-01T07:00:03.312500,-10.168134
1788264003343750000,2026-09-01T07:00:03.343750,-9.714604
1788264003375000000,2026-09-01T07:00:03.375000,-9.224792
1788264003406250000,2026-09-01T07:00:03.406250,-8.444721
1788264003437500000,2026-09-01T07:00:03.437500,-8.136321
1788264003468750000,2026-09-01T07:00:03.468750,-7.827921
1788264003500000000,2026-09-01T07:00:03.500000,-7.392532
1788264003531250000,2026-09-01T07:00:03.531250,-6.884579
1788264003562500000,2026-09-01T07:00:03.562500,-6.521756
1788264003593750000,2026-09-01T07:00:03.593750,-5.741685
1788264003625000000,2026-09-01T07:00:03.625000,-4.689496
1788264003656250000,2026-09-01T07:00:03.656250,-3.963849
1788264003687500000,2026-09-01T07:00:03.687500,-3.474037
1788264003718750000,2026-09-01T07:00:03.718750,-2.911660
1788264003750000000,2026-09-01T07:00:03.750000,-2.476272
1788264003781250000,2026-09-01T07:00:03.781250,-1.786907
1788264003812500000,2026-09-01T07:00:03.812500,-1.224530
1788264003843750000,2026-09-01T07:00:03.843750,-0.208624
1788264003875000000,2026-09-01T07:00:03.875000,0.644012
1788264003906250000,2026-09-01T07:00:03.906250,1.206389
1788264003937500000,2026-09-01T07:00:03.937500,1.424083
1788264003968750000,2026-09-01T07:00:03.968750,1.641777
1788264004000000000,2026-09-01T07:00:04,1.968318
1788264004031250000,2026-09-01T07:00:04.031250,2.204154
1788264004062500000,2026-09-01T07:00:04.062500,2.820954
1788264004093750000,2026-09-01T07:00:04.093750,3.601025
1788264004125000000,2026-09-01T07:00:04.125000,4.671355
1788264004156250000,2026-09-01T07:00:04.156250,5.523991
1788264004187500000,2026-09-01T07:00:04.187500,6.104508
1788264004218750000,2026-09-01T07:00:04.218750,6.630603
1788264004250000000,2026-09-01T07:00:04.250000,6.975285
1788264004281250000,2026-09-01T07:00:04.281250,7.138556
1788264004312500000,2026-09-01T07:00:04.312500,7.465097
1788264004343750000,2026-09-01T07:00:04.343750,8.045615
1788264004375000000,2026-09-01T07:00:04.375000,8.880110
1788264004406250000,2026-09-01T07:00:04.406250,9.333639
1788264004437500000,2026-09-01T07:00:04.437500,9.787169
1788264004468750000,2026-09-01T07:00:04.468750,9.859734
1788264004500000000,2026-09-01T07:00:04.500000,10.023004
1788264004531250000,2026-09-01T07:00:04.531250,10.023004
1788264004562500000,2026-09-01T07:00:04.562500,10.530957
1788264004593750000,2026-09-01T07:00:04.593750,11.093334
1788264004625000000,2026-09-01T07:00:04.625000,11.510581
1788264004656250000,2026-09-01T07:00:04.656250,11.891546
1788264004687500000,2026-09-01T07:00:04.687500,12.109240
1788264004718750000,2026-09-01T07:00:04.718750,12.036676
1788264004750000000,2026-09-01T07:00:04.750000,11.691993
1788264004781250000,2026-09-01T07:00:04.781250,11.855264
1788264004812500000,2026-09-01T07:00:04.812500,11.818981
1788264004843750000,2026-09-01T07:00:04.843750,11.945970
1788264004875000000,2026-09-01T07:00:04.875000,12.018534
1788264004906250000,2026-09-01T07:00:04.906250,12.526488
1788264004937500000,2026-09-01T07:00:04.937500,12.308793
1788264004968750000,2026-09-01T07:00:04.968750,12.417640
1788264005000000000,2026-09-01T07:00:05,12.127382
1788264005031250000,2026-09-01T07:00:05.031250,12.254370
1788264005062500000,2026-09-01T07:00:05.062500,12.236229
1788264005093750000,2026-09-01T07:00:05.093750,12.617193
1788264005125000000,2026-09-01T07:00:05.125000,12.526488
1788264005156250000,2026-09-01T07:00:05.156250,12.580911
1788264005187500000,2026-09-01T07:00:05.187500,12.617193
1788264005218750000,2026-09-01T07:00:05.218750,12.653476
1788264005250000000,2026-09-01T07:00:05.250000,12.544629
1788264005281250000,2026-09-01T07:00:05.281250,12.635335
1788264005312500000,2026-09-01T07:00:05.312500,12.834888
1788264005343750000,2026-09-01T07:00:05.343750,12.780464
1788264005375000000,2026-09-01T07:00:05.375000,12.326935
1788264005406250000,2026-09-01T07:00:05.406250,12.326935
1788264005437500000,2026-09-01T07:00:05.437500,12.472064
1788264005468750000,2026-09-01T07:00:05.468750,12.127382
1788264005500000000,2026-09-01T07:00:05.500000,11.964111
1788264005531250000,2026-09-01T07:00:05.531250,12.199946
1788264005562500000,2026-09-01T07:00:05.562500,12.109240
1788264005593750000,2026-09-01T07:00:05.593750,12.018534
1788264005625000000,2026-09-01T07:00:05.625000,12.018534
1788264005656250000,2026-09-01T07:00:05.656250,11.873405
1788264005687500000,2026-09-01T07:00:05.687500,11.800840
1788264005718750000,2026-09-01T07:00:05.718750,12.091099
1788264005750000000,2026-09-01T07:00:05.750000,12.000393
1788264005781250000,2026-09-01T07:00:05.781250,12.109240
1788264005812500000,2026-09-01T07:00:05.812500,12.326935
1788264005843750000,2026-09-01T07:00:05.843750,12.218087
1788264005875000000,2026-09-01T07:00:05.875000,11.837123
1788264005906250000,2026-09-01T07:00:05.906250,11.691993
1788264005937500000,2026-09-01T07:00:05.937500,11.510581
1788264005968750000,2026-09-01T07:00:05.968750,11.456158
1788264006000000000,2026-09-01T07:00:06,11.165899
1788264006031250000,2026-09-01T07:00:06.031250,11.220322
1788264006062500000,2026-09-01T07:00:06.062500,11.093334
1788264006093750000,2026-09-01T07:00:06.093750,11.111475
1788264006125000000,2026-09-01T07:00:06.125000,10.621663
1788264006156250000,2026-09-01T07:00:06.156250,10.476534
1788264006187500000,2026-09-01T07:00:06.187500,9.859734
1788307200093750000,2026-09-01T19:00:00.093750,6.920862
1788307200125000000,2026-09-01T19:00:00.125000,6.376626
1788307200156250000,2026-09-01T19:00:00.156250,5.886814
1788307200187500000,2026-09-01T19:00:00.187500,5.179308
1788307200218750000,2026-09-01T19:00:00.218750,4.870908
1788307200250000000,2026-09-01T19:00:00.250000,4.326672
1788307200281250000,2026-09-01T19:00:00.281250,3.909425
1788307200312500000,2026-09-01T19:00:00.312500,3.292625
1788307200343750000,2026-09-01T19:00:00.343750,3.220060
1788307200375000000,2026-09-01T19:00:00.375000,2.548836
1788307200406250000,2026-09-01T19:00:00.406250,1.986460
1788307200437500000,2026-09-01T19:00:00.437500,1.460365
1788307200468750000,2026-09-01T19:00:00.468750,0.970553
1788307200500000000,2026-09-01T19:00:00.500000,0.190482
1788307200531250000,2026-09-01T19:00:00.531250,-0.644012
1788307200562500000,2026-09-01T19:00:00.562500,-1.387801
1788307200593750000,2026-09-01T19:00:00.593750,-2.367425
1788307200625000000,2026-09-01T19:00:00.625000,-3.056790
1788307200656250000,2026-09-01T19:00:00.656250,-3.782437
1788307200687500000,2026-09-01T19:00:00.687500,-4.235966
1788307200718750000,2026-09-01T19:00:00.718750,-4.762061
1788307200750000000,2026-09-01T19:00:00.750000,-5.124884
1788307200781250000,2026-09-01T19:00:00.781250,-5.270014
1788307200812500000,2026-09-01T19:00:00.812500,-6.213356
1788307200843750000,2026-09-01T19:00:00.843750,-6.576179
1788307200875000000,2026-09-01T19:00:00.875000,-7.084132
1788307200906250000,2026-09-01T19:00:00.906250,-7.719074
1788307200937500000,2026-09-01T19:00:00.937500,-8.499145
1788307200968750000,2026-09-01T19:00:00.968750,-8.589851
1788307201000000000,2026-09-01T19:00:01,-9.315498
1788307201031250000,2026-09-01T19:00:01.031250,-9.623898
1788307201062500000,2026-09-01T19:00:01.062500,-9.896016
1788307201093750000,2026-09-01T19:00:01.093750,-10.276981
1788307201125000000,2026-09-01T19:00:01.125000,-10.803075
1788307201156250000,2026-09-01T19:00:01.156250,-11.093334
1788307201187500000,2026-09-01T19:00:01.187500,-11.601287
1788307201218750000,2026-09-01T19:00:01.218750,-12.036676
1788307201250000000,2026-09-01T19:00:01.250000,-12.453923
1788307201281250000,2026-09-01T19:00:01.281250,-12.671617
1788307201312500000,2026-09-01T19:00:01.312500,-12.707899
1788307201343750000,2026-09-01T19:00:01.343750,-13.034441
1788307201375000000,2026-09-01T19:00:01.375000,-13.179570
1788307201406250000,2026-09-01T19:00:01.406250,-13.161429
1788307201437500000,2026-09-01T19:00:01.437500,-13.161429
1788307201468750000,2026-09-01T19:00:01.468750,-13.324700
1788307201500000000,2026-09-01T19:00:01.500000,-13.252135
1788307201531250000,2026-09-01T19:00:01.531250,-13.360982
1788307201562500000,2026-09-01T19:00:01.562500,-13.379123
1788307201593750000,2026-09-01T19:00:01.593750,-13.360982
1788307201625000000,2026-09-01T19:00:01.625000,-13.451688
1788307201656250000,2026-09-01T19:00:01.656250,-13.088864
1788307201687500000,2026-09-01T19:00:01.687500,-12.889311
1788307201718750000,2026-09-01T19:00:01.718750,-13.016300
1788307201750000000,2026-09-01T19:00:01.750000,-12.907452
1788307201781250000,2026-09-01T19:00:01.781250,-12.345076
1788307201812500000,2026-09-01T19:00:01.812500,-12.018534
1788307201843750000,2026-09-01T19:00:01.843750,-11.401734
1788307201875000000,2026-09-01T19:00:01.875000,-10.948205
1788307201906250000,2026-09-01T19:00:01.906250,-10.476534
1788307201937500000,2026-09-01T19:00:01.937500,-10.204416
1788307201968750000,2026-09-01T19:00:01.968750,-9.914157
1788307202000000000,2026-09-01T19:00:02,-9.714604
1788307202031250000,2026-09-01T19:00:02.031250,-9.224792
1788307202062500000,2026-09-01T19:00:02.062500,-8.916392
1788307202093750000,2026-09-01T19:00:02.093750,-8.607992
1788307202125000000,2026-09-01T19:00:02.125000,-8.227027
1788307202156250000,2026-09-01T19:00:02.156250,-7.719074
1788307202187500000,2026-09-01T19:00:02.187500,-7.174838
1788307202218750000,2026-09-01T19:00:02.218750,-6.503614
1788307202250000000,2026-09-01T19:00:02.250000,-6.050085
1788307202281250000,2026-09-01T19:00:02.281250,-5.397002
1788307202312500000,2026-09-01T19:00:02.312500,-4.798343
1788307202343750000,2026-09-01T19:00:02.343750,-4.072696
1788307202375000000,2026-09-01T19:00:02.375000,-3.619166
1788307202406250000,2026-09-01T19:00:02.406250,-3.093072
1788307202437500000,2026-09-01T19:00:02.437500,-2.585119
1788307202468750000,2026-09-01T19:00:02.468750,-2.095307
1788307202500000000,2026-09-01T19:00:02.500000,-1.351518
1788307202531250000,2026-09-01T19:00:02.531250,-0.662153
1788307202562500000,2026-09-01T19:00:02.562500,0.136059
1788307202593750000,2026-09-01T19:00:02.593750,0.807283
1788307202625000000,2026-09-01T19:00:02.625000,1.460365
1788307202656250000,2026-09-01T19:00:02.656250,1.768765
1788307202687500000,2026-09-01T19:00:02.687500,2.367425
1788307202718750000,2026-09-01T19:00:02.718750,2.947942
1788307202750000000,2026-09-01T19:00:02.750000,3.746154
1788307202781250000,2026-09-01T19:00:02.781250,4.181543
1788307202812500000,2026-09-01T19:00:02.812500,4.798343
1788307202843750000,2026-09-01T19:00:02.843750,5.505849
1788307202875000000,2026-09-01T19:00:02.875000,6.050085
1788307202906250000,2026-09-01T19:00:02.906250,6.285920
1788307202937500000,2026-09-01T19:00:02.937500,7.084132
1788307202968750000,2026-09-01T19:00:02.968750,7.501380
1788307203000000000,2026-09-01T19:00:03,7.791639
1788307203031250000,2026-09-01T19:00:03.031250,8.118180
1788307203062500000,2026-09-01T19:00:03.062500,8.680557
1788307203093750000,2026-09-01T19:00:03.093750,9.134086
1788307203125000000,2026-09-01T19:00:03.125000,9.642039
1788307203156250000,2026-09-01T19:00:03.156250,10.059287
1788307203187500000,2026-09-01T19:00:03.187500,10.766793
1788307203218750000,2026-09-01T19:00:03.218750,11.038910
1788307203250000000,2026-09-01T19:00:03.250000,11.184040
1788307203281250000,2026-09-01T19:00:03.281250,11.492440
1788307203312500000,2026-09-01T19:00:03.312500,11.782699
1788307203343750000,2026-09-01T19:00:03.343750,11.746417
1788307203375000000,2026-09-01T19:00:03.375000,11.982252
1788307203406250000,2026-09-01T19:00:03.406250,11.891546
1788307203437500000,2026-09-01T19:00:03.437500,12.091099
1788307203468750000,2026-09-01T19:00:03.468750,12.218087
1788307203500000000,2026-09-01T19:00:03.500000,12.508346
1788307203531250000,2026-09-01T19:00:03.531250,12.562770
1788307203562500000,2026-09-01T19:00:03.562500,12.889311
1788307203593750000,2026-09-01T19:00:03.593750,12.744182
1788307203625000000,2026-09-01T19:00:03.625000,12.780464
1788307203656250000,2026-09-01T19:00:03.656250,12.943735
1788307203687500000,2026-09-01T19:00:03.687500,12.980017
1788307203718750000,2026-09-01T19:00:03.718750,13.088864
1788307203750000000,2026-09-01T19:00:03.750000,13.233994
1788307203781250000,2026-09-01T19:00:03.781250,13.451688
1788307203812500000,2026-09-01T19:00:03.812500,13.161429
1788307203843750000,2026-09-01T19:00:03.843750,13.197711
1788307203875000000,2026-09-01T19:00:03.875000,12.998158
1788307203906250000,2026-09-01T19:00:03.906250,13.215853
1788307203937500000,2026-09-01T19:00:03.937500,12.853029
1788307203968750000,2026-09-01T19:00:03.968750,12.762323
1788307204000000000,2026-09-01T19:00:04,12.653476
1788307204031250000,2026-09-01T19:00:04.031250,12.671617
1788307204062500000,2026-09-01T19:00:04.062500,12.580911
1788307204093750000,2026-09-01T19:00:04.093750,12.707899
1788307204125000000,2026-09-01T19:00:04.125000,12.943735
1788307204156250000,2026-09-01T19:00:04.156250,12.980017
1788307204187500000,2026-09-01T19:00:04.187500,13.070723
1788307204218750000,2026-09-01T19:00:04.218750,12.980017
1788307204250000000,2026-09-01T19:00:04.250000,12.998158
1788307204281250000,2026-09-01T19:00:04.281250,12.762323
1788307204312500000,2026-09-01T19:00:04.312500,12.780464
1788307204343750000,2026-09-01T19:00:04.343750,12.617193
1788307204375000000,2026-09-01T19:00:04.375000,12.435782
1788307204406250000,2026-09-01T19:00:04.406250,12.399499
1788307204437500000,2026-09-01T19:00:04.437500,12.399499
1788307204468750000,2026-09-01T19:00:04.468750,12.435782
1788307204500000000,2026-09-01T19:00:04.500000,12.435782
1788307204531250000,2026-09-01T19:00:04.531250,12.308793
1788307204562500000,2026-09-01T19:00:04.562500,11.945970
1788307204593750000,2026-09-01T19:00:04.593750,11.710134
1788307204625000000,2026-09-01T19:00:04.625000,11.383593
1788307204656250000,2026-09-01T19:00:04.656250,11.165899
1788307204687500000,2026-09-01T19:00:04.687500,10.948205
1788307204718750000,2026-09-01T19:00:04.718750,10.857499
1788307204750000000,2026-09-01T19:00:04.750000,10.893781
1788307204781250000,2026-09-01T19:00:04.781250,10.803075
1788307204812500000,2026-09-01T19:00:04.812500,10.748652
1788307204843750000,2026-09-01T19:00:04.843750,10.784934
1788307204875000000,2026-09-01T19:00:04.875000,10.730510
1788307204906250000,2026-09-01T19:00:04.906250,10.476534
1788307204937500000,2026-09-01T19:00:04.937500,10.295122
1788307204968750000,2026-09-01T19:00:04.968750,9.914157
1788307205000000000,2026-09-01T19:00:05,9.388063
1788307205031250000,2026-09-01T19:00:05.031250,8.934533
1788307205062500000,2026-09-01T19:00:05.062500,8.481004
1788307205093750000,2026-09-01T19:00:05.093750,7.864203
1788307205125000000,2026-09-01T19:00:05.125000,7.465097
1788307205156250000,2026-09-01T19:00:05.156250,7.120415
1788307205187500000,2026-09-01T19:00:05.187500,6.866438
1788307205218750000,2026-09-01T19:00:05.218750,6.322203
1788307205250000000,2026-09-01T19:00:05.250000,5.741685
1788307205281250000,2026-09-01T19:00:05.281250,5.161167
1788307205312500000,2026-09-01T19:00:05.312500,4.508084
1788307205343750000,2026-09-01T19:00:05.343750,3.546601
1788307205375000000,2026-09-01T19:00:05.375000,3.056790
1788307205406250000,2026-09-01T19:00:05.406250,2.512554
1788307205437500000,2026-09-01T19:00:05.437500,1.968318
1788307205468750000,2026-09-01T19:00:05.468750,1.678060
1788307205500000000,2026-09-01T19:00:05.500000,1.333377
1788307205531250000,2026-09-01T19:00:05.531250,0.553306
1788307205562500000,2026-09-01T19:00:05.562500,-0.317471
1788307205593750000,2026-09-01T19:00:05.593750,-1.115683
1788307205625000000,2026-09-01T19:00:05.625000,-2.222295
1788307205656250000,2026-09-01T19:00:05.656250,-2.929801
1788307205687500000,2026-09-01T19:00:05.687500,-3.419613
1788307205718750000,2026-09-01T19:00:05.718750,-3.782437
1788307205750000000,2026-09-01T19:00:05.750000,-4.235966
1788307205781250000,2026-09-01T19:00:05.781250,-4.852767
1788307205812500000,2026-09-01T19:00:05.812500,-5.705402
1788307205843750000,2026-09-01T19:00:05.843750,-6.322203
1788307205875000000,2026-09-01T19:00:05.875000,-6.812015
1788307205906250000,2026-09-01T19:00:05.906250,-7.156697
1788307205937500000,2026-09-01T19:00:05.937500,-7.700933
1788307205968750000,2026-09-01T19:00:05.968750,-8.172603
1788307206000000000,2026-09-01T19:00:06,-8.680557
1788307206031250000,2026-09-01T19:00:06.031250,-9.279216
1788307206062500000,2026-09-01T19:00:06.062500,-9.968581
1788307206093750000,2026-09-01T19:00:06.093750,-10.331404
1788307206125000000,2026-09-01T19:00:06.125000,-10.367687
1788307206156250000,2026-09-01T19:00:06.156250,-10.766793
1788307206187500000,2026-09-01T19:00:06.187500,-11.256605
1788350400093750000,2026-09-02T07:00:00.093750,-9.469698
1788350400125000000,2026-09-02T07:00:00.125000,-9.143157
1788350400156250000,2026-09-02T07:00:00.156250,-8.780333
1788350400187500000,2026-09-02T07:00:00.187500,-8.580780
1788350400218750000,2026-09-02T07:00:00.218750,-7.909556
1788350400250000000,2026-09-02T07:00:00.250000,-7.401603
1788350400281250000,2026-09-02T07:00:00.281250,-6.911791
1788350400312500000,2026-09-02T07:00:00.312500,-6.149861
1788350400343750000,2026-09-02T07:00:00.343750,-5.315367
1788350400375000000,2026-09-02T07:00:00.375000,-4.662284
1788350400406250000,2026-09-02T07:00:00.406250,-4.172472
1788350400437500000,2026-09-02T07:00:00.437500,-3.610096
1788350400468750000,2026-09-02T07:00:00.468750,-3.120284
1788350400500000000,2026-09-02T07:00:00.500000,-2.757460
1788350400531250000,2026-09-02T07:00:00.531250,-2.213224
1788350400562500000,2026-09-02T07:00:00.562500,-1.342448
1788350400593750000,2026-09-02T07:00:00.593750,-0.634941
1788350400625000000,2026-09-02T07:00:00.625000,0.000000
1788350400656250000,2026-09-02T07:00:00.656250,0.562377
1788350400687500000,2026-09-02T07:00:00.687500,1.106612
1788350400718750000,2026-09-02T07:00:00.718750,1.469436
1788350400750000000,2026-09-02T07:00:00.750000,2.086236
1788350400781250000,2026-09-02T07:00:00.781250,2.775601
1788350400812500000,2026-09-02T07:00:00.812500,3.718943
1788350400843750000,2026-09-02T07:00:00.843750,4.263178
1788350400875000000,2026-09-02T07:00:00.875000,4.843696
1788350400906250000,2026-09-02T07:00:00.906250,5.569343
1788350400937500000,2026-09-02T07:00:00.937500,6.168003
1788350400968750000,2026-09-02T07:00:00.968750,6.694097
1788350401000000000,2026-09-02T07:00:01,7.274615
1788350401031250000,2026-09-02T07:00:01.031250,7.891415
1788350401062500000,2026-09-02T07:00:01.062500,8.127250
1788350401093750000,2026-09-02T07:00:01.093750,8.526356
1788350401125000000,2026-09-02T07:00:01.125000,8.780333
1788350401156250000,2026-09-02T07:00:01.156250,9.215721
1788350401187500000,2026-09-02T07:00:01.187500,9.759957
1788350401218750000,2026-09-02T07:00:01.218750,10.050216
1788350401250000000,2026-09-02T07:00:01.250000,10.431181
1788350401281250000,2026-09-02T07:00:01.281250,10.775863
1788350401312500000,2026-09-02T07:00:01.312500,10.975416
1788350401343750000,2026-09-02T07:00:01.343750,11.047981
1788350401375000000,2026-09-02T07:00:01.375000,11.737346
1788350401406250000,2026-09-02T07:00:01.406250,11.483369
1788350401437500000,2026-09-02T07:00:01.437500,11.737346
1788350401468750000,2026-09-02T07:00:01.468750,12.063887
1788350401500000000,2026-09-02T07:00:01.500000,12.462993
1788350401531250000,2026-09-02T07:00:01.531250,12.499276
1788350401562500000,2026-09-02T07:00:01.562500,13.170500
1788350401593750000,2026-09-02T07:00:01.593750,13.388194
1788350401625000000,2026-09-02T07:00:01.625000,13.351911
1788350401656250000,2026-09-02T07:00:01.656250,13.079794
1788350401687500000,2026-09-02T07:00:01.687500,12.843958
1788350401718750000,2026-09-02T07:00:01.718750,12.608123
1788350401750000000,2026-09-02T07:00:01.750000,12.626264
1788350401781250000,2026-09-02T07:00:01.781250,12.880241
1788350401812500000,2026-09-02T07:00:01.812500,13.243064
1788350401843750000,2026-09-02T07:00:01.843750,13.660312
1788350401875000000,2026-09-02T07:00:01.875000,13.841723
1788350401906250000,2026-09-02T07:00:01.906250,13.605888
1788350401937500000,2026-09-02T07:00:01.937500,13.370053
1788350401968750000,2026-09-02T07:00:01.968750,13.079794
1788350402000000000,2026-09-02T07:00:02,12.735111
1788350402031250000,2026-09-02T07:00:02.031250,12.753252
1788350402062500000,2026-09-02T07:00:02.062500,13.043511
1788350402093750000,2026-09-02T07:00:02.093750,13.134217
1788350402125000000,2026-09-02T07:00:02.125000,13.442617
1788350402156250000,2026-09-02T07:00:02.156250,13.678453
1788350402187500000,2026-09-02T07:00:02.187500,13.932429
1788350402218750000,2026-09-02T07:00:02.218750,14.004994
1788350402250000000,2026-09-02T07:00:02.250000,14.041276
1788350402281250000,2026-09-02T07:00:02.281250,13.968712
1788350402312500000,2026-09-02T07:00:02.312500,13.950570
1788350402343750000,2026-09-02T07:00:02.343750,13.660312
1788350402375000000,2026-09-02T07:00:02.375000,13.642170
1788350402406250000,2026-09-02T07:00:02.406250,13.678453
1788350402437500000,2026-09-02T07:00:02.437500,13.424476
1788350402468750000,2026-09-02T07:00:02.468750,13.152358
1788350402500000000,2026-09-02T07:00:02.500000,13.243064
1788350402531250000,2026-09-02T07:00:02.531250,12.934664
1788350402562500000,2026-09-02T07:00:02.562500,12.662546
1788350402593750000,2026-09-02T07:00:02.593750,12.680688
1788350402625000000,2026-09-02T07:00:02.625000,12.698829
1788350402656250000,2026-09-02T07:00:02.656250,12.716970
1788350402687500000,2026-09-02T07:00:02.687500,12.680688
1788350402718750000,2026-09-02T07:00:02.718750,12.626264
1788350402750000000,2026-09-02T07:00:02.750000,12.517417
1788350402781250000,2026-09-02T07:00:02.781250,11.991323
1788350402812500000,2026-09-02T07:00:02.812500,11.574075
1788350402843750000,2026-09-02T07:00:02.843750,11.428946
1788350402875000000,2026-09-02T07:00:02.875000,11.410805
1788350402906250000,2026-09-02T07:00:02.906250,11.102405
1788350402937500000,2026-09-02T07:00:02.937500,10.920993
1788350402968750000,2026-09-02T07:00:02.968750,10.449322
1788350403000000000,2026-09-02T07:00:03,10.177204
1788350403031250000,2026-09-02T07:00:03.031250,9.705533
1788350403062500000,2026-09-02T07:00:03.062500,9.324569
1788350403093750000,2026-09-02T07:00:03.093750,9.161298
1788350403125000000,2026-09-02T07:00:03.125000,9.034310
1788350403156250000,2026-09-02T07:00:03.156250,8.290521
1788350403187500000,2026-09-02T07:00:03.187500,7.583015
1788350403218750000,2026-09-02T07:00:03.218750,7.183909
1788350403250000000,2026-09-02T07:00:03.250000,6.621532
1788350403281250000,2026-09-02T07:00:03.281250,5.950308
1788350403312500000,2026-09-02T07:00:03.312500,5.660049
1788350403343750000,2026-09-02T07:00:03.343750,5.351649
1788350403375000000,2026-09-02T07:00:03.375000,4.680425
1788350403406250000,2026-09-02T07:00:03.406250,4.408308
1788350403437500000,2026-09-02T07:00:03.437500,3.700802
1788350403468750000,2026-09-02T07:00:03.468750,2.920731
1788350403500000000,2026-09-02T07:00:03.500000,2.285789
1788350403531250000,2026-09-02T07:00:03.531250,1.759695
1788350403562500000,2026-09-02T07:00:03.562500,0.925200
1788350403593750000,2026-09-02T07:00:03.593750,0.616800
1788350403625000000,2026-09-02T07:00:03.625000,0.072565
1788350403656250000,2026-09-02T07:00:03.656250,-0.290259
1788350403687500000,2026-09-02T07:00:03.687500,-0.997765
1788350403718750000,2026-09-02T07:00:03.718750,-1.487577
1788350403750000000,2026-09-02T07:00:03.750000,-2.485342
1788350403781250000,2026-09-02T07:00:03.781250,-3.065860
1788350403812500000,2026-09-02T07:00:03.812500,-4.154331
1788350403843750000,2026-09-02T07:00:03.843750,-4.680425
1788350403875000000,2026-09-02T07:00:03.875000,-5.678191
1788350403906250000,2026-09-02T07:00:03.906250,-6.113579
1788350403937500000,2026-09-02T07:00:03.937500,-6.766662
1788350403968750000,2026-09-02T07:00:03.968750,-7.147626
1788350404000000000,2026-09-02T07:00:04,-8.072827
1788350404031250000,2026-09-02T07:00:04.031250,-8.508215
1788350404062500000,2026-09-02T07:00:04.062500,-9.324569
1788350404093750000,2026-09-02T07:00:04.093750,-9.905086
1788350404125000000,2026-09-02T07:00:04.125000,-10.485604
1788350404156250000,2026-09-02T07:00:04.156250,-10.794004
1788350404187500000,2026-09-02T07:00:04.187500,-11.138687
1788350404218750000,2026-09-02T07:00:04.218750,-11.537793
1788350404250000000,2026-09-02T07:00:04.250000,-11.955040
1788350404281250000,2026-09-02T07:00:04.281250,-12.172734
1788350404312500000,2026-09-02T07:00:04.312500,-12.063887
1788350404343750000,2026-09-02T07:00:04.343750,-12.281582
1788350404375000000,2026-09-02T07:00:04.375000,-12.263440
1788350404406250000,2026-09-02T07:00:04.406250,-12.227158
1788350404437500000,2026-09-02T07:00:04.437500,-12.390429
1788350404468750000,2026-09-02T07:00:04.468750,-12.680688
1788350404500000000,2026-09-02T07:00:04.500000,-12.970947
1788350404531250000,2026-09-02T07:00:04.531250,-13.007229
1788350404562500000,2026-09-02T07:00:04.562500,-13.297488
1788350404593750000,2026-09-02T07:00:04.593750,-13.551464
1788350404625000000,2026-09-02T07:00:04.625000,-13.751017
1788350404656250000,2026-09-02T07:00:04.656250,-14.041276
1788350404687500000,2026-09-02T07:00:04.687500,-13.896147
1788350404718750000,2026-09-02T07:00:04.718750,-13.751017
1788350404750000000,2026-09-02T07:00:04.750000,-13.533323
1788350404781250000,2026-09-02T07:00:04.781250,-13.370053
1788350404812500000,2026-09-02T07:00:04.812500,-12.916523
1788350404843750000,2026-09-02T07:00:04.843750,-12.898382
1788350404875000000,2026-09-02T07:00:04.875000,-12.753252
1788350404906250000,2026-09-02T07:00:04.906250,-12.390429
1788350404937500000,2026-09-02T07:00:04.937500,-11.918758
1788350404968750000,2026-09-02T07:00:04.968750,-11.610358
1788350405000000000,2026-09-02T07:00:05,-11.193111
1788350405031250000,2026-09-02T07:00:05.031250,-11.011699
1788350405062500000,2026-09-02T07:00:05.062500,-10.630734
1788350405093750000,2026-09-02T07:00:05.093750,-10.558169
1788350405125000000,2026-09-02T07:00:05.125000,-10.195345
1788350405156250000,2026-09-02T07:00:05.156250,-9.687392
1788350405187500000,2026-09-02T07:00:05.187500,-9.125016
1788350405218750000,2026-09-02T07:00:05.218750,-8.562639
1788350405250000000,2026-09-02T07:00:05.250000,-8.036545
1788350405281250000,2026-09-02T07:00:05.281250,-7.474168
1788350405312500000,2026-09-02T07:00:05.312500,-7.147626
1788350405343750000,2026-09-02T07:00:05.343750,-6.585250
1788350405375000000,2026-09-02T07:00:05.375000,-6.240567
1788350405406250000,2026-09-02T07:00:05.406250,-5.496779
1788350405437500000,2026-09-02T07:00:05.437500,-4.716708
1788350405468750000,2026-09-02T07:00:05.468750,-3.954778
1788350405500000000,2026-09-02T07:00:05.500000,-3.156566
1788350405531250000,2026-09-02T07:00:05.531250,-2.721178
1788350405562500000,2026-09-02T07:00:05.562500,-2.340213
1788350405593750000,2026-09-02T07:00:05.593750,-1.886683
1788350405625000000,2026-09-02T07:00:05.625000,-1.269883
1788350405656250000,2026-09-02T07:00:05.656250,-0.798212
1788350405687500000,2026-09-02T07:00:05.687500,-0.181412
1788350405718750000,2026-09-02T07:00:05.718750,0.743789
1788350405750000000,2026-09-02T07:00:05.750000,1.687130
1788350405781250000,2026-09-02T07:00:05.781250,2.340213
1788350405812500000,2026-09-02T07:00:05.812500,3.192848
1788350405843750000,2026-09-02T07:00:05.843750,4.190614
1788350405875000000,2026-09-02T07:00:05.875000,4.807414
1788350405906250000,2026-09-02T07:00:05.906250,5.115814
1788350405937500000,2026-09-02T07:00:05.937500,5.333508
1788350405968750000,2026-09-02T07:00:05.968750,5.605626
1788350406000000000,2026-09-02T07:00:06,6.004732
1788350406031250000,2026-09-02T07:00:06.031250,6.403838
1788350406062500000,2026-09-02T07:00:06.062500,6.875509
1788350406093750000,2026-09-02T07:00:06.093750,7.691862
1788350406125000000,2026-09-02T07:00:06.125000,8.435651
1788350406156250000,2026-09-02T07:00:06.156250,8.780333
1788350406187500000,2026-09-02T07:00:06.187500,9.179439
1788393600093750000,2026-09-02T19:00:00.093750,12.853029
1788393600125000000,2026-09-02T19:00:00.125000,12.980017
1788393600156250000,2026-09-02T19:00:00.156250,12.834888
1788393600187500000,2026-09-02T19:00:00.187500,12.798605
1788393600218750000,2026-09-02T19:00:00.218750,12.544629
1788393600250000000,2026-09-02T19:00:00.250000,12.707899
1788393600281250000,2026-09-02T19:00:00.281250,12.363217
1788393600312500000,2026-09-02T19:00:00.312500,12.580911
1788393600343750000,2026-09-02T19:00:00.343750,12.798605
1788393600375000000,2026-09-02T19:00:00.375000,12.653476
1788393600406250000,2026-09-02T19:00:00.406250,12.290652
1788393600437500000,2026-09-02T19:00:00.437500,12.399499
1788393600468750000,2026-09-02T19:00:00.468750,12.091099
1788393600500000000,2026-09-02T19:00:00.500000,11.637570
1788393600531250000,2026-09-02T19:00:00.531250,11.691993
1788393600562500000,2026-09-02T19:00:00.562500,11.546864
1788393600593750000,2026-09-02T19:00:00.593750,11.347311
1788393600625000000,2026-09-02T19:00:00.625000,11.238463
1788393600656250000,2026-09-02T19:00:00.656250,11.220322
1788393600687500000,2026-09-02T19:00:00.687500,10.766793
1788393600718750000,2026-09-02T19:00:00.718750,10.530957
1788393600750000000,2026-09-02T19:00:00.750000,10.222557
1788393600781250000,2026-09-02T19:00:00.781250,10.059287
1788393600812500000,2026-09-02T19:00:00.812500,9.823451
1788393600843750000,2026-09-02T19:00:00.843750,9.896016
1788393600875000000,2026-09-02T19:00:00.875000,9.496910
1788393600906250000,2026-09-02T19:00:00.906250,9.279216
1788393600937500000,2026-09-02T19:00:00.937500,9.043380
1788393600968750000,2026-09-02T19:00:00.968750,8.825686
1788393601000000000,2026-09-02T19:00:01,8.227027
1788393601031250000,2026-09-02T19:00:01.031250,7.991192
1788393601062500000,2026-09-02T19:00:01.062500,7.465097
1788393601093750000,2026-09-02T19:00:01.093750,6.612462
1788393601125000000,2026-09-02T19:00:01.125000,5.705402
1788393601156250000,2026-09-02T19:00:01.156250,5.270014
1788393601187500000,2026-09-02T19:00:01.187500,4.798343
1788393601218750000,2026-09-02T19:00:01.218750,4.326672
1788393601250000000,2026-09-02T19:00:01.250000,3.836860
1788393601281250000,2026-09-02T19:00:01.281250,3.474037
1788393601312500000,2026-09-02T19:00:01.312500,2.893519
1788393601343750000,2026-09-02T19:00:01.343750,2.186013
1788393601375000000,2026-09-02T19:00:01.375000,1.496648
1788393601406250000,2026-09-02T19:00:01.406250,0.789142
1788393601437500000,2026-09-02T19:00:01.437500,0.390035
1788393601468750000,2026-09-02T19:00:01.468750,-0.263047
1788393601500000000,2026-09-02T19:00:01.500000,-0.825424
1788393601531250000,2026-09-02T19:00:01.531250,-1.297095
1788393601562500000,2026-09-02T19:00:01.562500,-2.022742
1788393601593750000,2026-09-02T19:00:01.593750,-2.947942
1788393601625000000,2026-09-02T19:00:01.625000,-3.582884
1788393601656250000,2026-09-02T19:00:01.656250,-4.453661
1788393601687500000,2026-09-02T19:00:01.687500,-5.179308
1788393601718750000,2026-09-02T19:00:01.718750,-5.596555
1788393601750000000,2026-09-02T19:00:01.750000,-6.104508
1788393601781250000,2026-09-02T19:00:01.781250,-6.920862
1788393601812500000,2026-09-02T19:00:01.812500,-7.537662
1788393601843750000,2026-09-02T19:00:01.843750,-7.900486
1788393601875000000,2026-09-02T19:00:01.875000,-8.462862
1788393601906250000,2026-09-02T19:00:01.906250,-8.952674
1788393601937500000,2026-09-02T19:00:01.937500,-9.224792
1788393601968750000,2026-09-02T19:00:01.968750,-9.696463
1788393602000000000,2026-09-02T19:00:02,-10.186275
1788393602031250000,2026-09-02T19:00:02.031250,-10.403969
1788393602062500000,2026-09-02T19:00:02.062500,-10.603522
1788393602093750000,2026-09-02T19:00:02.093750,-10.766793
1788393602125000000,2026-09-02T19:00:02.125000,-10.930063
1788393602156250000,2026-09-02T19:00:02.156250,-11.256605
1788393602187500000,2026-09-02T19:00:02.187500,-11.818981
1788393602218750000,2026-09-02T19:00:02.218750,-12.054817
1788393602250000000,2026-09-02T19:00:02.250000,-12.544629
1788393602281250000,2026-09-02T19:00:02.281250,-12.707899
1788393602312500000,2026-09-02T19:00:02.312500,-12.943735
1788393602343750000,2026-09-02T19:00:02.343750,-12.853029
1788393602375000000,2026-09-02T19:00:02.375000,-13.088864
1788393602406250000,2026-09-02T19:00:02.406250,-13.125147
1788393602437500000,2026-09-02T19:00:02.437500,-13.306558
1788393602468750000,2026-09-02T19:00:02.468750,-13.143288
1788393602500000000,2026-09-02T19:00:02.500000,-13.125147
1788393602531250000,2026-09-02T19:00:02.531250,-13.288417
1788393602562500000,2026-09-02T19:00:02.562500,-13.397264
1788393602593750000,2026-09-02T19:00:02.593750,-13.306558
1788393602625000000,2026-09-02T19:00:02.625000,-13.433547
1788393602656250000,2026-09-02T19:00:02.656250,-13.542394
1788393602687500000,2026-09-02T19:00:02.687500,-13.143288
1788393602718750000,2026-09-02T19:00:02.718750,-12.635335
1788393602750000000,2026-09-02T19:00:02.750000,-12.490205
1788393602781250000,2026-09-02T19:00:02.781250,-12.036676
1788393602812500000,2026-09-02T19:00:02.812500,-11.565005
1788393602843750000,2026-09-02T19:00:02.843750,-11.691993
1788393602875000000,2026-09-02T19:00:02.875000,-11.583146
1788393602906250000,2026-09-02T19:00:02.906250,-11.002628
1788393602937500000,2026-09-02T19:00:02.937500,-10.803075
1788393602968750000,2026-09-02T19:00:02.968750,-10.694228
1788393603000000000,2026-09-02T19:00:03,-10.095569
1788393603031250000,2026-09-02T19:00:03.031250,-9.587616
1788393603062500000,2026-09-02T19:00:03.062500,-9.061521
1788393603093750000,2026-09-02T19:00:03.093750,-8.861968
1788393603125000000,2026-09-02T19:00:03.125000,-8.208886
1788393603156250000,2026-09-02T19:00:03.156250,-7.827921
1788393603187500000,2026-09-02T19:00:03.187500,-7.356250
1788393603218750000,2026-09-02T19:00:03.218750,-6.975285
1788393603250000000,2026-09-02T19:00:03.250000,-6.358485
1788393603281250000,2026-09-02T19:00:03.281250,-5.904955
1788393603312500000,2026-09-02T19:00:03.312500,-5.124884
1788393603343750000,2026-09-02T19:00:03.343750,-4.417378
1788393603375000000,2026-09-02T19:00:03.375000,-3.963849
1788393603406250000,2026-09-02T19:00:03.406250,-3.147495
1788393603437500000,2026-09-02T19:00:03.437500,-2.276719
1788393603468750000,2026-09-02T19:00:03.468750,-1.714342
1788393603500000000,2026-09-02T19:00:03.500000,-0.970553
1788393603531250000,2026-09-02T19:00:03.531250,-0.081635
1788393603562500000,2026-09-02T19:00:03.562500,0.317471
1788393603593750000,2026-09-02T19:00:03.593750,0.734718
1788393603625000000,2026-09-02T19:00:03.625000,1.405942
1788393603656250000,2026-09-02T19:00:03.656250,1.859471
1788393603687500000,2026-09-02T19:00:03.687500,2.149730
1788393603718750000,2026-09-02T19:00:03.718750,3.020507
1788393603750000000,2026-09-02T19:00:03.750000,3.800578
1788393603781250000,2026-09-02T19:00:03.781250,4.272249
1788393603812500000,2026-09-02T19:00:03.812500,5.016037
1788393603843750000,2026-09-02T19:00:03.843750,6.177073
1788393603875000000,2026-09-02T19:00:03.875000,6.322203
1788393603906250000,2026-09-02T19:00:03.906250,6.848297
1788393603937500000,2026-09-02T19:00:03.937500,7.573944
1788393603968750000,2026-09-02T19:00:03.968750,7.737215
1788393604000000000,2026-09-02T19:00:04,7.900486
1788393604031250000,2026-09-02T19:00:04.031250,8.952674
1788393604062500000,2026-09-02T19:00:04.062500,9.333639
1788393604093750000,2026-09-02T19:00:04.093750,9.769028
1788393604125000000,2026-09-02T19:00:04.125000,10.204416
1788393604156250000,2026-09-02T19:00:04.156250,10.549098
1788393604187500000,2026-09-02T19:00:04.187500,10.331404
1788393604218750000,2026-09-02T19:00:04.218750,10.549098
1788393604250000000,2026-09-02T19:00:04.250000,10.422110
1788393604281250000,2026-09-02T19:00:04.281250,10.676087
1788393604312500000,2026-09-02T19:00:04.312500,10.784934
1788393604343750000,2026-09-02T19:00:04.343750,11.202181
1788393604375000000,2026-09-02T19:00:04.375000,11.492440
1788393604406250000,2026-09-02T19:00:04.406250,11.764558
1788393604437500000,2026-09-02T19:00:04.437500,11.945970
1788393604468750000,2026-09-02T19:00:04.468750,11.964111
1788393604500000000,2026-09-02T19:00:04.500000,11.837123
1788393604531250000,2026-09-02T19:00:04.531250,11.891546
1788393604562500000,2026-09-02T19:00:04.562500,12.036676
1788393604593750000,2026-09-02T19:00:04.593750,12.326935
1788393604625000000,2026-09-02T19:00:04.625000,12.707899
1788393604656250000,2026-09-02T19:00:04.656250,12.871170
1788393604687500000,2026-09-02T19:00:04.687500,12.871170
1788393604718750000,2026-09-02T19:00:04.718750,12.998158
1788393604750000000,2026-09-02T19:00:04.750000,13.161429
1788393604781250000,2026-09-02T19:00:04.781250,13.088864
1788393604812500000,2026-09-02T19:00:04.812500,13.288417
1788393604843750000,2026-09-02T19:00:04.843750,13.542394
1788393604875000000,2026-09-02T19:00:04.875000,13.524253
1788393604906250000,2026-09-02T19:00:04.906250,13.306558
1788393604937500000,2026-09-02T19:00:04.937500,13.179570
1788393604968750000,2026-09-02T19:00:04.968750,13.161429
1788393605000000000,2026-09-02T19:00:05,13.143288
1788393605031250000,2026-09-02T19:00:05.031250,13.324700
1788393605062500000,2026-09-02T19:00:05.062500,13.161429
1788393605093750000,2026-09-02T19:00:05.093750,13.397264
1788393605125000000,2026-09-02T19:00:05.125000,13.487970
1788393605156250000,2026-09-02T19:00:05.156250,13.125147
1788393605187500000,2026-09-02T19:00:05.187500,12.726041
1788393605218750000,2026-09-02T19:00:05.218750,12.744182
1788393605250000000,2026-09-02T19:00:05.250000,12.580911
1788393605281250000,2026-09-02T19:00:05.281250,12.453923
1788393605312500000,2026-09-02T19:00:05.312500,12.599052
1788393605343750000,2026-09-02T19:00:05.343750,12.653476
1788393605375000000,2026-09-02T19:00:05.375000,12.689758
1788393605406250000,2026-09-02T19:00:05.406250,12.653476
1788393605437500000,2026-09-02T19:00:05.437500,12.526488
1788393605468750000,2026-09-02T19:00:05.468750,12.599052
1788393605500000000,2026-09-02T19:00:05.500000,12.381358
1788393605531250000,2026-09-02T19:00:05.531250,11.873405
1788393605562500000,2026-09-02T19:00:05.562500,11.546864
1788393605593750000,2026-09-02T19:00:05.593750,11.510581
1788393605625000000,2026-09-02T19:00:05.625000,11.220322
1788393605656250000,2026-09-02T19:00:05.656250,11.093334
1788393605687500000,2026-09-02T19:00:05.687500,10.857499
1788393605718750000,2026-09-02T19:00:05.718750,10.748652
1788393605750000000,2026-09-02T19:00:05.750000,10.512816
1788393605781250000,2026-09-02T19:00:05.781250,10.422110
1788393605812500000,2026-09-02T19:00:05.812500,10.422110
1788393605843750000,2026-09-02T19:00:05.843750,10.295122
1788393605875000000,2026-09-02T19:00:05.875000,10.004863
1788393605906250000,2026-09-02T19:00:05.906250,9.678322
1788393605937500000,2026-09-02T19:00:05.937500,9.134086
1788393605968750000,2026-09-02T19:00:05.968750,8.698698
1788393606000000000,2026-09-02T19:00:06,8.481004
1788393606031250000,2026-09-02T19:00:06.031250,7.900486
1788393606062500000,2026-09-02T19:00:06.062500,7.682791
1788393606093750000,2026-09-02T19:00:06.093750,7.229262
1788393606125000000,2026-09-02T19:00:06.125000,6.685026
1788393606156250000,2026-09-02T19:00:06.156250,6.050085
1788393606187500000,2026-09-02T19:00:06.187500,5.505849
1788436800093750000,2026-09-03T07:00:00.093750,-12.372287
1788436800125000000,2026-09-03T07:00:00.125000,-12.807676
1788436800156250000,2026-09-03T07:00:00.156250,-13.025370
1788436800187500000,2026-09-03T07:00:00.187500,-13.079794
1788436800218750000,2026-09-03T07:00:00.218750,-13.297488
1788436800250000000,2026-09-03T07:00:00.250000,-13.351911
1788436800281250000,2026-09-03T07:00:00.281250,-13.406335
1788436800312500000,2026-09-03T07:00:00.312500,-13.569606
1788436800343750000,2026-09-03T07:00:00.343750,-13.533323
1788436800375000000,2026-09-03T07:00:00.375000,-13.279347
1788436800406250000,2026-09-03T07:00:00.406250,-13.351911
1788436800437500000,2026-09-03T07:00:00.437500,-13.170500
1788436800468750000,2026-09-03T07:00:00.468750,-13.079794
1788436800500000000,2026-09-03T07:00:00.500000,-12.753252
1788436800531250000,2026-09-03T07:00:00.531250,-12.499276
1788436800562500000,2026-09-03T07:00:00.562500,-12.118311
1788436800593750000,2026-09-03T07:00:00.593750,-12.009464
1788436800625000000,2026-09-03T07:00:00.625000,-11.537793
1788436800656250000,2026-09-03T07:00:00.656250,-11.592217
1788436800687500000,2026-09-03T07:00:00.687500,-11.374522
1788436800718750000,2026-09-03T07:00:00.718750,-11.084263
1788436800750000000,2026-09-03T07:00:00.750000,-10.703299
1788436800781250000,2026-09-03T07:00:00.781250,-10.267910
1788436800812500000,2026-09-03T07:00:00.812500,-9.977651
1788436800843750000,2026-09-03T07:00:00.843750,-9.524122
1788436800875000000,2026-09-03T07:00:00.875000,-9.378992
1788436800906250000,2026-09-03T07:00:00.906250,-8.780333
1788436800937500000,2026-09-03T07:00:00.937500,-8.508215
1788436800968750000,2026-09-03T07:00:00.968750,-7.728144
1788436801000000000,2026-09-03T07:00:01,-7.129485
1788436801031250000,2026-09-03T07:00:01.031250,-6.222426
1788436801062500000,2026-09-03T07:00:01.062500,-5.551202
1788436801093750000,2026-09-03T07:00:01.093750,-4.771131
1788436801125000000,2026-09-03T07:00:01.125000,-4.444590
1788436801156250000,2026-09-03T07:00:01.156250,-3.664519
1788436801187500000,2026-09-03T07:00:01.187500,-3.283554
1788436801218750000,2026-09-03T07:00:01.218750,-2.866307
1788436801250000000,2026-09-03T07:00:01.250000,-2.340213
1788436801281250000,2026-09-03T07:00:01.281250,-1.487577
1788436801312500000,2026-09-03T07:00:01.312500,-1.106612
1788436801343750000,2026-09-03T07:00:01.343750,-0.344682
1788436801375000000,2026-09-03T07:00:01.375000,0.326541
1788436801406250000,2026-09-03T07:00:01.406250,0.725647
1788436801437500000,2026-09-03T07:00:01.437500,1.288024
1788436801468750000,2026-09-03T07:00:01.468750,2.086236
1788436801500000000,2026-09-03T07:00:01.500000,2.975154
1788436801531250000,2026-09-03T07:00:01.531250,3.700802
1788436801562500000,2026-09-03T07:00:01.562500,4.662284
1788436801593750000,2026-09-03T07:00:01.593750,5.551202
1788436801625000000,2026-09-03T07:00:01.625000,5.950308
1788436801656250000,2026-09-03T07:00:01.656250,6.458262
1788436801687500000,2026-09-03T07:00:01.687500,6.984356
1788436801718750000,2026-09-03T07:00:01.718750,7.546733
1788436801750000000,2026-09-03T07:00:01.750000,7.927697
1788436801781250000,2026-09-03T07:00:01.781250,8.471933
1788436801812500000,2026-09-03T07:00:01.812500,8.998027
1788436801843750000,2026-09-03T07:00:01.843750,9.324569
1788436801875000000,2026-09-03T07:00:01.875000,9.687392
1788436801906250000,2026-09-03T07:00:01.906250,9.995792
1788436801937500000,2026-09-03T07:00:01.937500,10.431181
1788436801968750000,2026-09-03T07:00:01.968750,10.503746
1788436802000000000,2026-09-03T07:00:02,10.739581
1788436802031250000,2026-09-03T07:00:02.031250,11.156828
1788436802062500000,2026-09-03T07:00:02.062500,11.174969
1788436802093750000,2026-09-03T07:00:02.093750,11.066122
1788436802125000000,2026-09-03T07:00:02.125000,11.283816
1788436802156250000,2026-09-03T07:00:02.156250,11.719205
1788436802187500000,2026-09-03T07:00:02.187500,11.755487
1788436802218750000,2026-09-03T07:00:02.218750,12.136452
1788436802250000000,2026-09-03T07:00:02.250000,12.426711
1788436802281250000,2026-09-03T07:00:02.281250,12.481135
1788436802312500000,2026-09-03T07:00:02.312500,12.662546
1788436802343750000,2026-09-03T07:00:02.343750,12.807676
1788436802375000000,2026-09-03T07:00:02.375000,12.952805
1788436802406250000,2026-09-03T07:00:02.406250,13.152358
1788436802437500000,2026-09-03T07:00:02.437500,13.279347
1788436802468750000,2026-09-03T07:00:02.468750,13.243064
1788436802500000000,2026-09-03T07:00:02.500000,13.261206
1788436802531250000,2026-09-03T07:00:02.531250,13.170500
1788436802562500000,2026-09-03T07:00:02.562500,12.934664
1788436802593750000,2026-09-03T07:00:02.593750,13.079794
1788436802625000000,2026-09-03T07:00:02.625000,12.970947
1788436802656250000,2026-09-03T07:00:02.656250,13.170500
1788436802687500000,2026-09-03T07:00:02.687500,13.224923
1788436802718750000,2026-09-03T07:00:02.718750,13.460759
1788436802750000000,2026-09-03T07:00:02.750000,13.569606
1788436802781250000,2026-09-03T07:00:02.781250,13.533323
1788436802812500000,2026-09-03T07:00:02.812500,13.333770
1788436802843750000,2026-09-03T07:00:02.843750,13.315629
1788436802875000000,2026-09-03T07:00:02.875000,13.079794
1788436802906250000,2026-09-03T07:00:02.906250,12.916523
1788436802937500000,2026-09-03T07:00:02.937500,12.898382
1788436802968750000,2026-09-03T07:00:02.968750,12.880241
1788436803000000000,2026-09-03T07:00:03,12.843958
1788436803031250000,2026-09-03T07:00:03.031250,12.843958
1788436803062500000,2026-09-03T07:00:03.062500,12.898382
1788436803093750000,2026-09-03T07:00:03.093750,12.952805
1788436803125000000,2026-09-03T07:00:03.125000,13.043511
1788436803156250000,2026-09-03T07:00:03.156250,12.880241
1788436803187500000,2026-09-03T07:00:03.187500,12.898382
1788436803218750000,2026-09-03T07:00:03.218750,12.662546
1788436803250000000,2026-09-03T07:00:03.250000,12.462993
1788436803281250000,2026-09-03T07:00:03.281250,12.027605
1788436803312500000,2026-09-03T07:00:03.312500,12.136452
1788436803343750000,2026-09-03T07:00:03.343750,11.973181
1788436803375000000,2026-09-03T07:00:03.375000,11.828052
1788436803406250000,2026-09-03T07:00:03.406250,11.537793
1788436803437500000,2026-09-03T07:00:03.437500,11.410805
1788436803468750000,2026-09-03T07:00:03.468750,11.193111
1788436803500000000,2026-09-03T07:00:03.500000,10.884710
1788436803531250000,2026-09-03T07:00:03.531250,10.540028
1788436803562500000,2026-09-03T07:00:03.562500,10.630734
1788436803593750000,2026-09-03T07:00:03.593750,10.394898
1788436803625000000,2026-09-03T07:00:03.625000,9.850663
1788436803656250000,2026-09-03T07:00:03.656250,9.850663
1788436803687500000,2026-09-03T07:00:03.687500,9.814381
1788436803718750000,2026-09-03T07:00:03.718750,9.306427
1788436803750000000,2026-09-03T07:00:03.750000,8.943604
1788436803781250000,2026-09-03T07:00:03.781250,8.744051
1788436803812500000,2026-09-03T07:00:03.812500,8.344945
1788436803843750000,2026-09-03T07:00:03.843750,8.000262
1788436803875000000,2026-09-03T07:00:03.875000,7.764427
1788436803906250000,2026-09-03T07:00:03.906250,7.619297
1788436803937500000,2026-09-03T07:00:03.937500,7.401603
1788436803968750000,2026-09-03T07:00:03.968750,6.730379
1788436804000000000,2026-09-03T07:00:04,6.240567
1788436804031250000,2026-09-03T07:00:04.031250,5.514920
1788436804062500000,2026-09-03T07:00:04.062500,4.716708
1788436804093750000,2026-09-03T07:00:04.093750,3.864072
1788436804125000000,2026-09-03T07:00:04.125000,3.374260
1788436804156250000,2026-09-03T07:00:04.156250,2.539766
1788436804187500000,2026-09-03T07:00:04.187500,1.941107
1788436804218750000,2026-09-03T07:00:04.218750,1.542001
1788436804250000000,2026-09-03T07:00:04.250000,0.943342
1788436804281250000,2026-09-03T07:00:04.281250,0.471671
1788436804312500000,2026-09-03T07:00:04.312500,0.145129
1788436804343750000,2026-09-03T07:00:04.343750,-0.435388
1788436804375000000,2026-09-03T07:00:04.375000,-1.106612
1788436804406250000,2026-09-03T07:00:04.406250,-1.469436
1788436804437500000,2026-09-03T07:00:04.437500,-2.104377
1788436804468750000,2026-09-03T07:00:04.468750,-2.884448
1788436804500000000,2026-09-03T07:00:04.500000,-3.210990
1788436804531250000,2026-09-03T07:00:04.531250,-3.827790
1788436804562500000,2026-09-03T07:00:04.562500,-4.535296
1788436804593750000,2026-09-03T07:00:04.593750,-5.133955
1788436804625000000,2026-09-03T07:00:04.625000,-5.732614
1788436804656250000,2026-09-03T07:00:04.656250,-6.639673
1788436804687500000,2026-09-03T07:00:04.687500,-7.093203
1788436804718750000,2026-09-03T07:00:04.718750,-7.601156
1788436804750000000,2026-09-03T07:00:04.750000,-8.018403
1788436804781250000,2026-09-03T07:00:04.781250,-8.635204
1788436804812500000,2026-09-03T07:00:04.812500,-9.016168
1788436804843750000,2026-09-03T07:00:04.843750,-9.524122
1788436804875000000,2026-09-03T07:00:04.875000,-10.213487
1788436804906250000,2026-09-03T07:00:04.906250,-11.029840
1788436804937500000,2026-09-03T07:00:04.937500,-11.320099
1788436804968750000,2026-09-03T07:00:04.968750,-11.682922
1788436805000000000,2026-09-03T07:00:05,-12.045746
1788436805031250000,2026-09-03T07:00:05.031250,-12.227158
1788436805062500000,2026-09-03T07:00:05.062500,-12.063887
1788436805093750000,2026-09-03T07:00:05.093750,-12.190876
1788436805125000000,2026-09-03T07:00:05.125000,-12.317864
1788436805156250000,2026-09-03T07:00:05.156250,-12.517417
1788436805187500000,2026-09-03T07:00:05.187500,-12.735111
1788436805218750000,2026-09-03T07:00:05.218750,-12.880241
1788436805250000000,2026-09-03T07:00:05.250000,-13.061652
1788436805281250000,2026-09-03T07:00:05.281250,-13.279347
1788436805312500000,2026-09-03T07:00:05.312500,-13.351911
1788436805343750000,2026-09-03T07:00:05.343750,-13.388194
1788436805375000000,2026-09-03T07:00:05.375000,-13.551464
1788436805406250000,2026-09-03T07:00:05.406250,-13.515182
1788436805437500000,2026-09-03T07:00:05.437500,-13.351911
1788436805468750000,2026-09-03T07:00:05.468750,-13.460759
1788436805500000000,2026-09-03T07:00:05.500000,-13.224923
1788436805531250000,2026-09-03T07:00:05.531250,-13.116076
1788436805562500000,2026-09-03T07:00:05.562500,-12.771394
1788436805593750000,2026-09-03T07:00:05.593750,-12.807676
1788436805625000000,2026-09-03T07:00:05.625000,-12.408570
1788436805656250000,2026-09-03T07:00:05.656250,-12.009464
1788436805687500000,2026-09-03T07:00:05.687500,-11.610358
1788436805718750000,2026-09-03T07:00:05.718750,-11.755487
1788436805750000000,2026-09-03T07:00:05.750000,-11.301958
1788436805781250000,2026-09-03T07:00:05.781250,-11.193111
1788436805812500000,2026-09-03T07:00:05.812500,-10.939134
1788436805843750000,2026-09-03T07:00:05.843750,-10.667016
1788436805875000000,2026-09-03T07:00:05.875000,-9.796239
1788436805906250000,2026-09-03T07:00:05.906250,-9.378992
1788436805937500000,2026-09-03T07:00:05.937500,-8.707768
1788436805968750000,2026-09-03T07:00:05.968750,-8.109109
1788436806000000000,2026-09-03T07:00:06,-7.401603
1788436806031250000,2026-09-03T07:00:06.031250,-7.002497
1788436806062500000,2026-09-03T07:00:06.062500,-6.258708
1788436806093750000,2026-09-03T07:00:06.093750,-5.533061
1788436806125000000,2026-09-03T07:00:06.125000,-5.097673
1788436806156250000,2026-09-03T07:00:06.156250,-4.825555
1788436806187500000,2026-09-03T07:00:06.187500,-4.263178
1788480000093750000,2026-09-03T19:00:00.093750,12.880241
1788480000125000000,2026-09-03T19:00:00.125000,12.862099
1788480000156250000,2026-09-03T19:00:00.156250,12.553699
1788480000187500000,2026-09-03T19:00:00.187500,12.571841
1788480000218750000,2026-09-03T19:00:00.218750,12.481135
1788480000250000000,2026-09-03T19:00:00.250000,12.862099
1788480000281250000,2026-09-03T19:00:00.281250,12.843958
1788480000312500000,2026-09-03T19:00:00.312500,13.134217
1788480000343750000,2026-09-03T19:00:00.343750,13.134217
1788480000375000000,2026-09-03T19:00:00.375000,13.351911
1788480000406250000,2026-09-03T19:00:00.406250,13.406335
1788480000437500000,2026-09-03T19:00:00.437500,13.315629
1788480000468750000,2026-09-03T19:00:00.468750,13.224923
1788480000500000000,2026-09-03T19:00:00.500000,13.424476
1788480000531250000,2026-09-03T19:00:00.531250,13.478900
1788480000562500000,2026-09-03T19:00:00.562500,13.406335
1788480000593750000,2026-09-03T19:00:00.593750,13.587747
1788480000625000000,2026-09-03T19:00:00.625000,13.569606
1788480000656250000,2026-09-03T19:00:00.656250,13.406335
1788480000687500000,2026-09-03T19:00:00.687500,13.097935
1788480000718750000,2026-09-03T19:00:00.718750,12.807676
1788480000750000000,2026-09-03T19:00:00.750000,12.970947
1788480000781250000,2026-09-03T19:00:00.781250,12.716970
1788480000812500000,2026-09-03T19:00:00.812500,12.626264
1788480000843750000,2026-09-03T19:00:00.843750,12.589982
1788480000875000000,2026-09-03T19:00:00.875000,12.571841
1788480000906250000,2026-09-03T19:00:00.906250,12.263440
1788480000937500000,2026-09-03T19:00:00.937500,12.354146
1788480000968750000,2026-09-03T19:00:00.968750,12.426711
1788480001000000000,2026-09-03T19:00:01,12.299723
1788480001031250000,2026-09-03T19:00:01.031250,12.172734
1788480001062500000,2026-09-03T19:00:01.062500,11.973181
1788480001093750000,2026-09-03T19:00:01.093750,12.009464
1788480001125000000,2026-09-03T19:00:01.125000,11.610358
1788480001156250000,2026-09-03T19:00:01.156250,11.610358
1788480001187500000,2026-09-03T19:00:01.187500,11.301958
1788480001218750000,2026-09-03T19:00:01.218750,11.247534
1788480001250000000,2026-09-03T19:00:01.250000,10.812146
1788480001281250000,2026-09-03T19:00:01.281250,10.667016
1788480001312500000,2026-09-03T19:00:01.312500,10.068357
1788480001343750000,2026-09-03T19:00:01.343750,10.122781
1788480001375000000,2026-09-03T19:00:01.375000,9.741816
1788480001406250000,2026-09-03T19:00:01.406250,9.106874
1788480001437500000,2026-09-03T19:00:01.437500,8.925463
1788480001468750000,2026-09-03T19:00:01.468750,8.544498
1788480001500000000,2026-09-03T19:00:01.500000,8.036545
1788480001531250000,2026-09-03T19:00:01.531250,7.474168
1788480001562500000,2026-09-03T19:00:01.562500,7.075062
1788480001593750000,2026-09-03T19:00:01.593750,6.367556
1788480001625000000,2026-09-03T19:00:01.625000,6.022873
1788480001656250000,2026-09-03T19:00:01.656250,5.514920
1788480001687500000,2026-09-03T19:00:01.687500,5.115814
1788480001718750000,2026-09-03T19:00:01.718750,4.716708
1788480001750000000,2026-09-03T19:00:01.750000,4.426449
1788480001781250000,2026-09-03T19:00:01.781250,3.700802
1788480001812500000,2026-09-03T19:00:01.812500,3.120284
1788480001843750000,2026-09-03T19:00:01.843750,2.594189
1788480001875000000,2026-09-03T19:00:01.875000,2.013671
1788480001906250000,2026-09-03T19:00:01.906250,1.124753
1788480001937500000,2026-09-03T19:00:01.937500,0.580518
1788480001968750000,2026-09-03T19:00:01.968750,-0.126988
1788480002000000000,2026-09-03T19:00:02,-0.997765
1788480002031250000,2026-09-03T19:00:02.031250,-1.578283
1788480002062500000,2026-09-03T19:00:02.062500,-2.122519
1788480002093750000,2026-09-03T19:00:02.093750,-2.793742
1788480002125000000,2026-09-03T19:00:02.125000,-3.573813
1788480002156250000,2026-09-03T19:00:02.156250,-4.099908
1788480002187500000,2026-09-03T19:00:02.187500,-4.771131
1788480002218750000,2026-09-03T19:00:02.218750,-5.623767
1788480002250000000,2026-09-03T19:00:02.250000,-6.095438
1788480002281250000,2026-09-03T19:00:02.281250,-6.530826
1788480002312500000,2026-09-03T19:00:02.312500,-6.948073
1788480002343750000,2026-09-03T19:00:02.343750,-7.437885
1788480002375000000,2026-09-03T19:00:02.375000,-7.891415
1788480002406250000,2026-09-03T19:00:02.406250,-8.526356
1788480002437500000,2026-09-03T19:00:02.437500,-9.306427
1788480002468750000,2026-09-03T19:00:02.468750,-9.832522
1788480002500000000,2026-09-03T19:00:02.500000,-10.340475
1788480002531250000,2026-09-03T19:00:02.531250,-10.594451
1788480002562500000,2026-09-03T19:00:02.562500,-10.830287
1788480002593750000,2026-09-03T19:00:02.593750,-11.102405
1788480002625000000,2026-09-03T19:00:02.625000,-11.592217
1788480002656250000,2026-09-03T19:00:02.656250,-11.719205
1788480002687500000,2026-09-03T19:00:02.687500,-12.190876
1788480002718750000,2026-09-03T19:00:02.718750,-12.716970
1788480002750000000,2026-09-03T19:00:02.750000,-12.970947
1788480002781250000,2026-09-03T19:00:02.781250,-13.043511
1788480002812500000,2026-09-03T19:00:02.812500,-13.533323
1788480002843750000,2026-09-03T19:00:02.843750,-13.732876
1788480002875000000,2026-09-03T19:00:02.875000,-13.732876
1788480002906250000,2026-09-03T19:00:02.906250,-13.587747
1788480002937500000,2026-09-03T19:00:02.937500,-13.533323
1788480002968750000,2026-09-03T19:00:02.968750,-13.497041
1788480003000000000,2026-09-03T19:00:03,-13.333770
1788480003031250000,2026-09-03T19:00:03.031250,-13.351911
1788480003062500000,2026-09-03T19:00:03.062500,-13.678453
1788480003093750000,2026-09-03T19:00:03.093750,-13.751017
1788480003125000000,2026-09-03T19:00:03.125000,-13.533323
1788480003156250000,2026-09-03T19:00:03.156250,-13.370053
1788480003187500000,2026-09-03T19:00:03.187500,-13.061652
1788480003218750000,2026-09-03T19:00:03.218750,-12.535558
1788480003250000000,2026-09-03T19:00:03.250000,-12.100170
1788480003281250000,2026-09-03T19:00:03.281250,-11.809911
1788480003312500000,2026-09-03T19:00:03.312500,-11.465228
1788480003343750000,2026-09-03T19:00:03.343750,-11.156828
1788480003375000000,2026-09-03T19:00:03.375000,-10.757722
1788480003406250000,2026-09-03T19:00:03.406250,-10.521887
1788480003437500000,2026-09-03T19:00:03.437500,-9.832522
1788480003468750000,2026-09-03T19:00:03.468750,-9.578545
1788480003500000000,2026-09-03T19:00:03.500000,-9.215721
1788480003531250000,2026-09-03T19:00:03.531250,-8.780333
1788480003562500000,2026-09-03T19:00:03.562500,-8.308662
1788480003593750000,2026-09-03T19:00:03.593750,-8.163533
1788480003625000000,2026-09-03T19:00:03.625000,-7.710003
1788480003656250000,2026-09-03T19:00:03.656250,-7.274615
1788480003687500000,2026-09-03T19:00:03.687500,-6.784803
1788480003718750000,2026-09-03T19:00:03.718750,-6.313132
1788480003750000000,2026-09-03T19:00:03.750000,-5.750755
1788480003781250000,2026-09-03T19:00:03.781250,-5.097673
1788480003812500000,2026-09-03T19:00:03.812500,-4.517155
1788480003843750000,2026-09-03T19:00:03.843750,-3.791507
1788480003875000000,2026-09-03T19:00:03.875000,-3.156566
1788480003906250000,2026-09-03T19:00:03.906250,-2.594189
1788480003937500000,2026-09-03T19:00:03.937500,-1.904824
1788480003968750000,2026-09-03T19:00:03.968750,-0.888918
1788480004000000000,2026-09-03T19:00:04,-0.453530
1788480004031250000,2026-09-03T19:00:04.031250,0.126988
1788480004062500000,2026-09-03T19:00:04.062500,0.961483
1788480004093750000,2026-09-03T19:00:04.093750,1.795977
1788480004125000000,2026-09-03T19:00:04.125000,2.031813
1788480004156250000,2026-09-03T19:00:04.156250,2.830025
1788480004187500000,2026-09-03T19:00:04.187500,3.464966
1788480004218750000,2026-09-03T19:00:04.218750,4.045484
1788480004250000000,2026-09-03T19:00:04.250000,4.680425
1788480004281250000,2026-09-03T19:00:04.281250,5.478638
1788480004312500000,2026-09-03T19:00:04.312500,6.022873
1788480004343750000,2026-09-03T19:00:04.343750,6.784803
1788480004375000000,2026-09-03T19:00:04.375000,7.419744
1788480004406250000,2026-09-03T19:00:04.406250,7.728144
1788480004437500000,2026-09-03T19:00:04.437500,8.363086
1788480004468750000,2026-09-03T19:00:04.468750,8.598921
1788480004500000000,2026-09-03T19:00:04.500000,8.907321
1788480004531250000,2026-09-03T19:00:04.531250,9.378992
1788480004562500000,2026-09-03T19:00:04.562500,9.905086
1788480004593750000,2026-09-03T19:00:04.593750,10.267910
1788480004625000000,2026-09-03T19:00:04.625000,10.866569
1788480004656250000,2026-09-03T19:00:04.656250,11.374522
1788480004687500000,2026-09-03T19:00:04.687500,11.428946
1788480004718750000,2026-09-03T19:00:04.718750,11.646640
1788480004750000000,2026-09-03T19:00:04.750000,11.701064
1788480004781250000,2026-09-03T19:00:04.781250,11.918758
1788480004812500000,2026-09-03T19:00:04.812500,11.846193
1788480004843750000,2026-09-03T19:00:04.843750,11.955040
1788480004875000000,2026-09-03T19:00:04.875000,11.809911
1788480004906250000,2026-09-03T19:00:04.906250,11.791770
1788480004937500000,2026-09-03T19:00:04.937500,11.991323
1788480004968750000,2026-09-03T19:00:04.968750,12.481135
1788480005000000000,2026-09-03T19:00:05,12.771394
1788480005031250000,2026-09-03T19:00:05.031250,13.206782
1788480005062500000,2026-09-03T19:00:05.062500,13.515182
1788480005093750000,2026-09-03T19:00:05.093750,13.424476
1788480005125000000,2026-09-03T19:00:05.125000,13.333770
1788480005156250000,2026-09-03T19:00:05.156250,13.170500
1788480005187500000,2026-09-03T19:00:05.187500,13.007229
1788480005218750000,2026-09-03T19:00:05.218750,12.970947
1788480005250000000,2026-09-03T19:00:05.250000,13.061652
1788480005281250000,2026-09-03T19:00:05.281250,13.116076
1788480005312500000,2026-09-03T19:00:05.312500,13.116076
1788480005343750000,2026-09-03T19:00:05.343750,13.261206
1788480005375000000,2026-09-03T19:00:05.375000,13.388194
1788480005406250000,2026-09-03T19:00:05.406250,13.587747
1788480005437500000,2026-09-03T19:00:05.437500,13.279347
1788480005468750000,2026-09-03T19:00:05.468750,13.696594
1788480005500000000,2026-09-03T19:00:05.500000,13.714735
1788480005531250000,2026-09-03T19:00:05.531250,13.551464
1788480005562500000,2026-09-03T19:00:05.562500,13.624029
1788480005593750000,2026-09-03T19:00:05.593750,13.714735
1788480005625000000,2026-09-03T19:00:05.625000,13.424476
1788480005656250000,2026-09-03T19:00:05.656250,12.989088
1788480005687500000,2026-09-03T19:00:05.687500,12.952805
1788480005718750000,2026-09-03T19:00:05.718750,12.898382
1788480005750000000,2026-09-03T19:00:05.750000,13.079794
1788480005781250000,2026-09-03T19:00:05.781250,13.079794
1788480005812500000,2026-09-03T19:00:05.812500,13.569606
1788480005843750000,2026-09-03T19:00:05.843750,13.751017
1788480005875000000,2026-09-03T19:00:05.875000,13.569606
1788480005906250000,2026-09-03T19:00:05.906250,13.732876
1788480005937500000,2026-09-03T19:00:05.937500,13.624029
1788480005968750000,2026-09-03T19:00:05.968750,13.406335
1788480006000000000,2026-09-03T19:00:06,13.097935
1788480006031250000,2026-09-03T19:00:06.031250,12.680688
1788480006062500000,2026-09-03T19:00:06.062500,12.027605
1788480006093750000,2026-09-03T19:00:06.093750,11.955040
1788480006125000000,2026-09-03T19:00:06.125000,11.610358
1788480006156250000,2026-09-03T19:00:06.156250,11.719205
1788480006187500000,2026-09-03T19:00:06.187500,11.828052
1788523200093750000,2026-09-04T07:00:00.093750,7.383462
1788523200125000000,2026-09-04T07:00:00.125000,7.183909
1788523200156250000,2026-09-04T07:00:00.156250,6.802944
1788523200187500000,2026-09-04T07:00:00.187500,6.585250
1788523200218750000,2026-09-04T07:00:00.218750,5.732614
1788523200250000000,2026-09-04T07:00:00.250000,5.097673
1788523200281250000,2026-09-04T07:00:00.281250,4.390167
1788523200312500000,2026-09-04T07:00:00.312500,3.972919
1788523200343750000,2026-09-04T07:00:00.343750,3.301695
1788523200375000000,2026-09-04T07:00:00.375000,2.630472
1788523200406250000,2026-09-04T07:00:00.406250,2.122519
1788523200437500000,2026-09-04T07:00:00.437500,1.723412
1788523200468750000,2026-09-04T07:00:00.468750,1.034047
1788523200500000000,2026-09-04T07:00:00.500000,0.399106
1788523200531250000,2026-09-04T07:00:00.531250,0.036282
1788523200562500000,2026-09-04T07:00:00.562500,-0.743789
1788523200593750000,2026-09-04T07:00:00.593750,-1.505718
1788523200625000000,2026-09-04T07:00:00.625000,-2.303930
1788523200656250000,2026-09-04T07:00:00.656250,-3.120284
1788523200687500000,2026-09-04T07:00:00.687500,-3.936637
1788523200718750000,2026-09-04T07:00:00.718750,-4.499014
1788523200750000000,2026-09-04T07:00:00.750000,-4.934402
1788523200781250000,2026-09-04T07:00:00.781250,-5.460496
1788523200812500000,2026-09-04T07:00:00.812500,-6.077297
1788523200843750000,2026-09-04T07:00:00.843750,-6.875509
1788523200875000000,2026-09-04T07:00:00.875000,-7.383462
1788523200906250000,2026-09-04T07:00:00.906250,-8.272380
1788523200937500000,2026-09-04T07:00:00.937500,-8.725910
1788523200968750000,2026-09-04T07:00:00.968750,-9.016168
1788523201000000000,2026-09-04T07:00:01,-9.215721
1788523201031250000,2026-09-04T07:00:01.031250,-9.941369
1788523201062500000,2026-09-04T07:00:01.062500,-9.905086
1788523201093750000,2026-09-04T07:00:01.093750,-10.213487
1788523201125000000,2026-09-04T07:00:01.125000,-10.612593
1788523201156250000,2026-09-04T07:00:01.156250,-11.084263
1788523201187500000,2026-09-04T07:00:01.187500,-11.211252
1788523201218750000,2026-09-04T07:00:01.218750,-11.882476
1788523201250000000,2026-09-04T07:00:01.250000,-12.589982
1788523201281250000,2026-09-04T07:00:01.281250,-12.934664
1788523201312500000,2026-09-04T07:00:01.312500,-13.460759
1788523201343750000,2026-09-04T07:00:01.343750,-13.551464
1788523201375000000,2026-09-04T07:00:01.375000,-13.515182
1788523201406250000,2026-09-04T07:00:01.406250,-13.406335
1788523201437500000,2026-09-04T07:00:01.437500,-13.751017
1788523201468750000,2026-09-04T07:00:01.468750,-13.406335
1788523201500000000,2026-09-04T07:00:01.500000,-13.605888
1788523201531250000,2026-09-04T07:00:01.531250,-13.751017
1788523201562500000,2026-09-04T07:00:01.562500,-13.624029
1788523201593750000,2026-09-04T07:00:01.593750,-13.370053
1788523201625000000,2026-09-04T07:00:01.625000,-13.460759
1788523201656250000,2026-09-04T07:00:01.656250,-13.351911
1788523201687500000,2026-09-04T07:00:01.687500,-13.497041
1788523201718750000,2026-09-04T07:00:01.718750,-13.497041
1788523201750000000,2026-09-04T07:00:01.750000,-12.970947
1788523201781250000,2026-09-04T07:00:01.781250,-12.462993
1788523201812500000,2026-09-04T07:00:01.812500,-12.209017
1788523201843750000,2026-09-04T07:00:01.843750,-11.882476
1788523201875000000,2026-09-04T07:00:01.875000,-11.592217
1788523201906250000,2026-09-04T07:00:01.906250,-11.574075
1788523201937500000,2026-09-04T07:00:01.937500,-11.320099
1788523201968750000,2026-09-04T07:00:01.968750,-11.156828
1788523202000000000,2026-09-04T07:00:02,-10.467463
1788523202031250000,2026-09-04T07:00:02.031250,-10.177204
1788523202062500000,2026-09-04T07:00:02.062500,-9.832522
1788523202093750000,2026-09-04T07:00:02.093750,-9.360851
1788523202125000000,2026-09-04T07:00:02.125000,-8.852898
1788523202156250000,2026-09-04T07:00:02.156250,-8.471933
1788523202187500000,2026-09-04T07:00:02.187500,-7.728144
1788523202218750000,2026-09-04T07:00:02.218750,-7.093203
1788523202250000000,2026-09-04T07:00:02.250000,-6.712238
1788523202281250000,2026-09-04T07:00:02.281250,-5.750755
1788523202312500000,2026-09-04T07:00:02.312500,-5.260943
1788523202343750000,2026-09-04T07:00:02.343750,-4.843696
1788523202375000000,2026-09-04T07:00:02.375000,-4.299461
1788523202406250000,2026-09-04T07:00:02.406250,-3.356119
1788523202437500000,2026-09-04T07:00:02.437500,-3.120284
1788523202468750000,2026-09-04T07:00:02.468750,-2.503483
1788523202500000000,2026-09-04T07:00:02.500000,-1.777836
1788523202531250000,2026-09-04T07:00:02.531250,-1.342448
1788523202562500000,2026-09-04T07:00:02.562500,-0.925200
1788523202593750000,2026-09-04T07:00:02.593750,-0.362824
1788523202625000000,2026-09-04T07:00:02.625000,0.235835
1788523202656250000,2026-09-04T07:00:02.656250,0.798212
1788523202687500000,2026-09-04T07:00:02.687500,1.578283
1788523202718750000,2026-09-04T07:00:02.718750,2.068095
1788523202750000000,2026-09-04T07:00:02.750000,3.047719
1788523202781250000,2026-09-04T07:00:02.781250,3.755225
1788523202812500000,2026-09-04T07:00:02.812500,4.317602
1788523202843750000,2026-09-04T07:00:02.843750,5.079532
1788523202875000000,2026-09-04T07:00:02.875000,5.859602
1788523202906250000,2026-09-04T07:00:02.906250,6.113579
1788523202937500000,2026-09-04T07:00:02.937500,6.530826
1788523202968750000,2026-09-04T07:00:02.968750,7.038779
1788523203000000000,2026-09-04T07:00:03,7.292756
1788523203031250000,2026-09-04T07:00:03.031250,7.619297
1788523203062500000,2026-09-04T07:00:03.062500,8.000262
1788523203093750000,2026-09-04T07:00:03.093750,8.544498
1788523203125000000,2026-09-04T07:00:03.125000,8.707768
1788523203156250000,2026-09-04T07:00:03.156250,8.925463
1788523203187500000,2026-09-04T07:00:03.187500,9.378992
1788523203218750000,2026-09-04T07:00:03.218750,9.542263
1788523203250000000,2026-09-04T07:00:03.250000,9.687392
1788523203281250000,2026-09-04T07:00:03.281250,10.267910
1788523203312500000,2026-09-04T07:00:03.312500,10.721440
1788523203343750000,2026-09-04T07:00:03.343750,10.558169
1788523203375000000,2026-09-04T07:00:03.375000,11.066122
1788523203406250000,2026-09-04T07:00:03.406250,11.138687
1788523203437500000,2026-09-04T07:00:03.437500,11.410805
1788523203468750000,2026-09-04T07:00:03.468750,11.882476
1788523203500000000,2026-09-04T07:00:03.500000,12.172734
1788523203531250000,2026-09-04T07:00:03.531250,12.481135
1788523203562500000,2026-09-04T07:00:03.562500,12.789535
1788523203593750000,2026-09-04T07:00:03.593750,12.952805
1788523203625000000,2026-09-04T07:00:03.625000,12.880241
1788523203656250000,2026-09-04T07:00:03.656250,13.170500
1788523203687500000,2026-09-04T07:00:03.687500,13.116076
1788523203718750000,2026-09-04T07:00:03.718750,13.206782
1788523203750000000,2026-09-04T07:00:03.750000,12.952805
1788523203781250000,2026-09-04T07:00:03.781250,12.934664
1788523203812500000,2026-09-04T07:00:03.812500,12.843958
1788523203843750000,2026-09-04T07:00:03.843750,12.880241
1788523203875000000,2026-09-04T07:00:03.875000,12.880241
1788523203906250000,2026-09-04T07:00:03.906250,13.134217
1788523203937500000,2026-09-04T07:00:03.937500,13.333770
1788523203968750000,2026-09-04T07:00:03.968750,13.624029
1788523204000000000,2026-09-04T07:00:04,13.587747
1788523204031250000,2026-09-04T07:00:04.031250,13.751017
1788523204062500000,2026-09-04T07:00:04.062500,13.460759
1788523204093750000,2026-09-04T07:00:04.093750,13.206782
1788523204125000000,2026-09-04T07:00:04.125000,12.970947
1788523204156250000,2026-09-04T07:00:04.156250,12.952805
1788523204187500000,2026-09-04T07:00:04.187500,12.789535
1788523204218750000,2026-09-04T07:00:04.218750,12.843958
1788523204250000000,2026-09-04T07:00:04.250000,13.025370
1788523204281250000,2026-09-04T07:00:04.281250,13.025370
1788523204312500000,2026-09-04T07:00:04.312500,13.079794
1788523204343750000,2026-09-04T07:00:04.343750,13.097935
1788523204375000000,2026-09-04T07:00:04.375000,13.061652
1788523204406250000,2026-09-04T07:00:04.406250,12.716970
1788523204437500000,2026-09-04T07:00:04.437500,12.589982
1788523204468750000,2026-09-04T07:00:04.468750,12.408570
1788523204500000000,2026-09-04T07:00:04.500000,12.082029
1788523204531250000,2026-09-04T07:00:04.531250,11.936899
1788523204562500000,2026-09-04T07:00:04.562500,11.955040
1788523204593750000,2026-09-04T07:00:04.593750,11.900617
1788523204625000000,2026-09-04T07:00:04.625000,11.828052
1788523204656250000,2026-09-04T07:00:04.656250,11.791770
1788523204687500000,2026-09-04T07:00:04.687500,11.592217
1788523204718750000,2026-09-04T07:00:04.718750,11.320099
1788523204750000000,2026-09-04T07:00:04.750000,11.102405
1788523204781250000,2026-09-04T07:00:04.781250,10.884710
1788523204812500000,2026-09-04T07:00:04.812500,10.866569
1788523204843750000,2026-09-04T07:00:04.843750,10.630734
1788523204875000000,2026-09-04T07:00:04.875000,10.685157
1788523204906250000,2026-09-04T07:00:04.906250,10.413040
1788523204937500000,2026-09-04T07:00:04.937500,10.068357
1788523204968750000,2026-09-04T07:00:04.968750,9.487839
1788523205000000000,2026-09-04T07:00:05,9.306427
1788523205031250000,2026-09-04T07:00:05.031250,8.744051
1788523205062500000,2026-09-04T07:00:05.062500,8.199815
1788523205093750000,2026-09-04T07:00:05.093750,7.782568
1788523205125000000,2026-09-04T07:00:05.125000,7.601156
1788523205156250000,2026-09-04T07:00:05.156250,7.165768
1788523205187500000,2026-09-04T07:00:05.187500,6.621532
1788523205218750000,2026-09-04T07:00:05.218750,6.331273
1788523205250000000,2026-09-04T07:00:05.250000,6.077297
1788523205281250000,2026-09-04T07:00:05.281250,5.460496
1788523205312500000,2026-09-04T07:00:05.312500,5.188379
1788523205343750000,2026-09-04T07:00:05.343750,4.626002
1788523205375000000,2026-09-04T07:00:05.375000,4.045484
1788523205406250000,2026-09-04T07:00:05.406250,3.519390
1788523205437500000,2026-09-04T07:00:05.437500,2.920731
1788523205468750000,2026-09-04T07:00:05.468750,1.977389
1788523205500000000,2026-09-04T07:00:05.500000,1.687130
1788523205531250000,2026-09-04T07:00:05.531250,0.834494
1788523205562500000,2026-09-04T07:00:05.562500,-0.054424
1788523205593750000,2026-09-04T07:00:05.593750,-0.562377
1788523205625000000,2026-09-04T07:00:05.625000,-1.052189
1788523205656250000,2026-09-04T07:00:05.656250,-2.068095
1788523205687500000,2026-09-04T07:00:05.687500,-2.539766
1788523205718750000,2026-09-04T07:00:05.718750,-3.047719
1788523205750000000,2026-09-04T07:00:05.750000,-3.918496
1788523205781250000,2026-09-04T07:00:05.781250,-4.680425
1788523205812500000,2026-09-04T07:00:05.812500,-5.043249
1788523205843750000,2026-09-04T07:00:05.843750,-5.623767
1788523205875000000,2026-09-04T07:00:05.875000,-6.440120
1788523205906250000,2026-09-04T07:00:05.906250,-6.911791
1788523205937500000,2026-09-04T07:00:05.937500,-7.474168
1788523205968750000,2026-09-04T07:00:05.968750,-8.127250
1788523206000000000,2026-09-04T07:00:06,-8.798474
1788523206031250000,2026-09-04T07:00:06.031250,-9.306427
1788523206062500000,2026-09-04T07:00:06.062500,-9.905086
1788523206093750000,2026-09-04T07:00:06.093750,-10.558169
1788523206125000000,2026-09-04T07:00:06.125000,-10.920993
1788523206156250000,2026-09-04T07:00:06.156250,-11.283816
1788523206187500000,2026-09-04T07:00:06.187500,-11.519652
1788566400093750000,2026-09-04T19:00:00.093750,-12.589982
1788566400125000000,2026-09-04T19:00:00.125000,-12.481135
1788566400156250000,2026-09-04T19:00:00.156250,-12.136452
1788566400187500000,2026-09-04T19:00:00.187500,-12.009464
1788566400218750000,2026-09-04T19:00:00.218750,-11.773628
1788566400250000000,2026-09-04T19:00:00.250000,-11.592217
1788566400281250000,2026-09-04T19:00:00.281250,-11.338240
1788566400312500000,2026-09-04T19:00:00.312500,-11.410805
1788566400343750000,2026-09-04T19:00:00.343750,-10.993558
1788566400375000000,2026-09-04T19:00:00.375000,-10.685157
1788566400406250000,2026-09-04T19:00:00.406250,-10.304193
1788566400437500000,2026-09-04T19:00:00.437500,-9.759957
1788566400468750000,2026-09-04T19:00:00.468750,-9.233863
1788566400500000000,2026-09-04T19:00:00.500000,-8.961745
1788566400531250000,2026-09-04T19:00:00.531250,-8.544498
1788566400562500000,2026-09-04T19:00:00.562500,-8.036545
1788566400593750000,2026-09-04T19:00:00.593750,-7.673721
1788566400625000000,2026-09-04T19:00:00.625000,-6.911791
1788566400656250000,2026-09-04T19:00:00.656250,-6.258708
1788566400687500000,2026-09-04T19:00:00.687500,-5.605626
1788566400718750000,2026-09-04T19:00:00.718750,-4.843696
1788566400750000000,2026-09-04T19:00:00.750000,-4.081766
1788566400781250000,2026-09-04T19:00:00.781250,-3.610096
1788566400812500000,2026-09-04T19:00:00.812500,-2.739319
1788566400843750000,2026-09-04T19:00:00.843750,-2.031813
1788566400875000000,2026-09-04T19:00:00.875000,-1.306165
1788566400906250000,2026-09-04T19:00:00.906250,-0.507953
1788566400937500000,2026-09-04T19:00:00.937500,0.235835
1788566400968750000,2026-09-04T19:00:00.968750,0.834494
1788566401000000000,2026-09-04T19:00:01,1.233601
1788566401031250000,2026-09-04T19:00:01.031250,1.904824
1788566401062500000,2026-09-04T19:00:01.062500,2.340213
1788566401093750000,2026-09-04T19:00:01.093750,3.102142
1788566401125000000,2026-09-04T19:00:01.125000,3.573813
1788566401156250000,2026-09-04T19:00:01.156250,4.118049
1788566401187500000,2026-09-04T19:00:01.187500,4.499014
1788566401218750000,2026-09-04T19:00:01.218750,5.061390
1788566401250000000,2026-09-04T19:00:01.250000,5.406073
1788566401281250000,2026-09-04T19:00:01.281250,6.022873
1788566401312500000,2026-09-04T19:00:01.312500,6.639673
1788566401343750000,2026-09-04T19:00:01.343750,7.075062
1788566401375000000,2026-09-04T19:00:01.375000,7.855133
1788566401406250000,2026-09-04T19:00:01.406250,8.344945
1788566401437500000,2026-09-04T19:00:01.437500,8.725910
1788566401468750000,2026-09-04T19:00:01.468750,9.252004
1788566401500000000,2026-09-04T19:00:01.500000,9.524122
1788566401531250000,2026-09-04T19:00:01.531250,9.578545
1788566401562500000,2026-09-04T19:00:01.562500,9.941369
1788566401593750000,2026-09-04T19:00:01.593750,10.304193
1788566401625000000,2026-09-04T19:00:01.625000,10.394898
1788566401656250000,2026-09-04T19:00:01.656250,10.884710
1788566401687500000,2026-09-04T19:00:01.687500,11.047981
1788566401718750000,2026-09-04T19:00:01.718750,11.501511
1788566401750000000,2026-09-04T19:00:01.750000,11.664781
1788566401781250000,2026-09-04T19:00:01.781250,12.263440
1788566401812500000,2026-09-04T19:00:01.812500,12.281582
1788566401843750000,2026-09-04T19:00:01.843750,12.589982
1788566401875000000,2026-09-04T19:00:01.875000,12.716970
1788566401906250000,2026-09-04T19:00:01.906250,12.698829
1788566401937500000,2026-09-04T19:00:01.937500,12.680688
1788566401968750000,2026-09-04T19:00:01.968750,12.898382
1788566402000000000,2026-09-04T19:00:02,12.843958
1788566402031250000,2026-09-04T19:00:02.031250,12.880241
1788566402062500000,2026-09-04T19:00:02.062500,13.097935
1788566402093750000,2026-09-04T19:00:02.093750,13.188641
1788566402125000000,2026-09-04T19:00:02.125000,13.333770
1788566402156250000,2026-09-04T19:00:02.156250,13.569606
1788566402187500000,2026-09-04T19:00:02.187500,13.370053
1788566402218750000,2026-09-04T19:00:02.218750,13.751017
1788566402250000000,2026-09-04T19:00:02.250000,13.551464
1788566402281250000,2026-09-04T19:00:02.281250,13.515182
1788566402312500000,2026-09-04T19:00:02.312500,13.351911
1788566402343750000,2026-09-04T19:00:02.343750,13.370053
1788566402375000000,2026-09-04T19:00:02.375000,13.097935
1788566402406250000,2026-09-04T19:00:02.406250,12.898382
1788566402437500000,2026-09-04T19:00:02.437500,13.079794
1788566402468750000,2026-09-04T19:00:02.468750,13.315629
1788566402500000000,2026-09-04T19:00:02.500000,13.497041
1788566402531250000,2026-09-04T19:00:02.531250,13.388194
1788566402562500000,2026-09-04T19:00:02.562500,13.896147
1788566402593750000,2026-09-04T19:00:02.593750,13.678453
1788566402625000000,2026-09-04T19:00:02.625000,13.569606
1788566402656250000,2026-09-04T19:00:02.656250,13.351911
1788566402687500000,2026-09-04T19:00:02.687500,13.351911
1788566402718750000,2026-09-04T19:00:02.718750,13.007229
1788566402750000000,2026-09-04T19:00:02.750000,13.043511
1788566402781250000,2026-09-04T19:00:02.781250,12.989088
1788566402812500000,2026-09-04T19:00:02.812500,13.007229
1788566402843750000,2026-09-04T19:00:02.843750,12.825817
1788566402875000000,2026-09-04T19:00:02.875000,12.716970
1788566402906250000,2026-09-04T19:00:02.906250,12.680688
1788566402937500000,2026-09-04T19:00:02.937500,12.517417
1788566402968750000,2026-09-04T19:00:02.968750,12.535558
1788566403000000000,2026-09-04T19:00:03,12.499276
1788566403031250000,2026-09-04T19:00:03.031250,12.626264
1788566403062500000,2026-09-04T19:00:03.062500,12.499276
1788566403093750000,2026-09-04T19:00:03.093750,12.408570
1788566403125000000,2026-09-04T19:00:03.125000,12.082029
1788566403156250000,2026-09-04T19:00:03.156250,12.082029
1788566403187500000,2026-09-04T19:00:03.187500,11.846193
1788566403218750000,2026-09-04T19:00:03.218750,11.592217
1788566403250000000,2026-09-04T19:00:03.250000,11.174969
1788566403281250000,2026-09-04T19:00:03.281250,10.830287
1788566403312500000,2026-09-04T19:00:03.312500,10.558169
1788566403343750000,2026-09-04T19:00:03.343750,10.104639
1788566403375000000,2026-09-04T19:00:03.375000,9.741816
1788566403406250000,2026-09-04T19:00:03.406250,9.288286
1788566403437500000,2026-09-04T19:00:03.437500,9.088733
1788566403468750000,2026-09-04T19:00:03.468750,8.490074
1788566403500000000,2026-09-04T19:00:03.500000,8.054686
1788566403531250000,2026-09-04T19:00:03.531250,7.456027
1788566403562500000,2026-09-04T19:00:03.562500,7.202050
1788566403593750000,2026-09-04T19:00:03.593750,6.621532
1788566403625000000,2026-09-04T19:00:03.625000,6.294991
1788566403656250000,2026-09-04T19:00:03.656250,5.732614
1788566403687500000,2026-09-04T19:00:03.687500,5.079532
1788566403718750000,2026-09-04T19:00:03.718750,4.571578
1788566403750000000,2026-09-04T19:00:03.750000,4.099908
1788566403781250000,2026-09-04T19:00:03.781250,3.464966
1788566403812500000,2026-09-04T19:00:03.812500,2.830025
1788566403843750000,2026-09-04T19:00:03.843750,2.521625
1788566403875000000,2026-09-04T19:00:03.875000,1.578283
1788566403906250000,2026-09-04T19:00:03.906250,0.888918
1788566403937500000,2026-09-04T19:00:03.937500,0.344682
1788566403968750000,2026-09-04T19:00:03.968750,-0.181412
1788566404000000000,2026-09-04T19:00:04,-0.743789
1788566404031250000,2026-09-04T19:00:04.031250,-1.034047
1788566404062500000,2026-09-04T19:00:04.062500,-1.668989
1788566404093750000,2026-09-04T19:00:04.093750,-2.322072
1788566404125000000,2026-09-04T19:00:04.125000,-2.975154
1788566404156250000,2026-09-04T19:00:04.156250,-3.718943
1788566404187500000,2026-09-04T19:00:04.187500,-4.099908
1788566404218750000,2026-09-04T19:00:04.218750,-4.789273
1788566404250000000,2026-09-04T19:00:04.250000,-5.641908
1788566404281250000,2026-09-04T19:00:04.281250,-6.294991
1788566404312500000,2026-09-04T19:00:04.312500,-6.730379
1788566404343750000,2026-09-04T19:00:04.343750,-7.256474
1788566404375000000,2026-09-04T19:00:04.375000,-7.655580
1788566404406250000,2026-09-04T19:00:04.406250,-7.982121
1788566404437500000,2026-09-04T19:00:04.437500,-8.381227
1788566404468750000,2026-09-04T19:00:04.468750,-8.744051
1788566404500000000,2026-09-04T19:00:04.500000,-9.614828
1788566404531250000,2026-09-04T19:00:04.531250,-9.959510
1788566404562500000,2026-09-04T19:00:04.562500,-10.340475
1788566404593750000,2026-09-04T19:00:04.593750,-10.612593
1788566404625000000,2026-09-04T19:00:04.625000,-11.247534
1788566404656250000,2026-09-04T19:00:04.656250,-11.828052
1788566404687500000,2026-09-04T19:00:04.687500,-12.172734
1788566404718750000,2026-09-04T19:00:04.718750,-12.626264
1788566404750000000,2026-09-04T19:00:04.750000,-12.916523
1788566404781250000,2026-09-04T19:00:04.781250,-13.152358
1788566404812500000,2026-09-04T19:00:04.812500,-13.116076
1788566404843750000,2026-09-04T19:00:04.843750,-13.243064
1788566404875000000,2026-09-04T19:00:04.875000,-13.551464
1788566404906250000,2026-09-04T19:00:04.906250,-13.732876
1788566404937500000,2026-09-04T19:00:04.937500,-13.896147
1788566404968750000,2026-09-04T19:00:04.968750,-13.660312
1788566405000000000,2026-09-04T19:00:05,-13.732876
1788566405031250000,2026-09-04T19:00:05.031250,-13.261206
1788566405062500000,2026-09-04T19:00:05.062500,-13.079794
1788566405093750000,2026-09-04T19:00:05.093750,-12.698829
1788566405125000000,2026-09-04T19:00:05.125000,-12.644405
1788566405156250000,2026-09-04T19:00:05.156250,-12.372287
1788566405187500000,2026-09-04T19:00:05.187500,-12.354146
1788566405218750000,2026-09-04T19:00:05.218750,-12.082029
1788566405250000000,2026-09-04T19:00:05.250000,-12.045746
1788566405281250000,2026-09-04T19:00:05.281250,-11.755487
1788566405312500000,2026-09-04T19:00:05.312500,-11.628499
1788566405343750000,2026-09-04T19:00:05.343750,-11.320099
1788566405375000000,2026-09-04T19:00:05.375000,-10.902852
1788566405406250000,2026-09-04T19:00:05.406250,-10.122781
1788566405437500000,2026-09-04T19:00:05.437500,-9.741816
1788566405468750000,2026-09-04T19:00:05.468750,-9.270145
1788566405500000000,2026-09-04T19:00:05.500000,-8.562639
1788566405531250000,2026-09-04T19:00:05.531250,-8.326803
1788566405562500000,2026-09-04T19:00:05.562500,-8.145392
1788566405593750000,2026-09-04T19:00:05.593750,-7.383462
1788566405625000000,2026-09-04T19:00:05.625000,-6.621532
1788566405656250000,2026-09-04T19:00:05.656250,-6.385697
1788566405687500000,2026-09-04T19:00:05.687500,-5.950308
1788566405718750000,2026-09-04T19:00:05.718750,-5.242802
1788566405750000000,2026-09-04T19:00:05.750000,-5.079532
1788566405781250000,2026-09-04T19:00:05.781250,-4.680425
1788566405812500000,2026-09-04T19:00:05.812500,-3.845931
1788566405843750000,2026-09-04T19:00:05.843750,-3.229131
1788566405875000000,2026-09-04T19:00:05.875000,-2.648613
1788566405906250000,2026-09-04T19:00:05.906250,-2.031813
1788566405937500000,2026-09-04T19:00:05.937500,-1.523859
1788566405968750000,2026-09-04T19:00:05.968750,-0.925200
1788566406000000000,2026-09-04T19:00:06,0.036282
1788566406031250000,2026-09-04T19:00:06.031250,0.399106
1788566406062500000,2026-09-04T19:00:06.062500,1.197318
1788566406093750000,2026-09-04T19:00:06.093750,1.723412
1788566406125000000,2026-09-04T19:00:06.125000,2.249507
1788566406156250000,2026-09-04T19:00:06.156250,2.848166
1788566406187500000,2026-09-04T19:00:06.187500,3.628237
1788609600093750000,2026-09-05T07:00:00.093750,13.152358
1788609600125000000,2026-09-05T07:00:00.125000,13.152358
1788609600156250000,2026-09-05T07:00:00.156250,13.351911
1788609600187500000,2026-09-05T07:00:00.187500,13.442617
1788609600218750000,2026-09-05T07:00:00.218750,13.261206
1788609600250000000,2026-09-05T07:00:00.250000,13.025370
1788609600281250000,2026-09-05T07:00:00.281250,12.898382
1788609600312500000,2026-09-05T07:00:00.312500,12.825817
1788609600343750000,2026-09-05T07:00:00.343750,12.481135
1788609600375000000,2026-09-05T07:00:00.375000,12.589982
1788609600406250000,2026-09-05T07:00:00.406250,12.735111
1788609600437500000,2026-09-05T07:00:00.437500,12.698829
1788609600468750000,2026-09-05T07:00:00.468750,12.680688
1788609600500000000,2026-09-05T07:00:00.500000,12.952805
1788609600531250000,2026-09-05T07:00:00.531250,12.571841
1788609600562500000,2026-09-05T07:00:00.562500,12.499276
1788609600593750000,2026-09-05T07:00:00.593750,12.263440
1788609600625000000,2026-09-05T07:00:00.625000,12.209017
1788609600656250000,2026-09-05T07:00:00.656250,11.918758
1788609600687500000,2026-09-05T07:00:00.687500,12.281582
1788609600718750000,2026-09-05T07:00:00.718750,12.100170
1788609600750000000,2026-09-05T07:00:00.750000,11.955040
1788609600781250000,2026-09-05T07:00:00.781250,11.574075
1788609600812500000,2026-09-05T07:00:00.812500,11.320099
1788609600843750000,2026-09-05T07:00:00.843750,10.866569
1788609600875000000,2026-09-05T07:00:00.875000,10.521887
1788609600906250000,2026-09-05T07:00:00.906250,10.394898
1788609600937500000,2026-09-05T07:00:00.937500,10.213487
1788609600968750000,2026-09-05T07:00:00.968750,10.068357
1788609601000000000,2026-09-05T07:00:01,9.596686
1788609601031250000,2026-09-05T07:00:01.031250,9.016168
1788609601062500000,2026-09-05T07:00:01.062500,8.671486
1788609601093750000,2026-09-05T07:00:01.093750,8.363086
1788609601125000000,2026-09-05T07:00:01.125000,8.054686
1788609601156250000,2026-09-05T07:00:01.156250,7.782568
1788609601187500000,2026-09-05T07:00:01.187500,7.437885
1788609601218750000,2026-09-05T07:00:01.218750,6.857368
1788609601250000000,2026-09-05T07:00:01.250000,6.276850
1788609601281250000,2026-09-05T07:00:01.281250,5.460496
1788609601312500000,2026-09-05T07:00:01.312500,4.789273
1788609601343750000,2026-09-05T07:00:01.343750,4.299461
1788609601375000000,2026-09-05T07:00:01.375000,3.664519
1788609601406250000,2026-09-05T07:00:01.406250,2.993295
1788609601437500000,2026-09-05T07:00:01.437500,2.394636
1788609601468750000,2026-09-05T07:00:01.468750,1.759695
1788609601500000000,2026-09-05T07:00:01.500000,1.052189
1788609601531250000,2026-09-05T07:00:01.531250,0.453530
1788609601562500000,2026-09-05T07:00:01.562500,-0.344682
1788609601593750000,2026-09-05T07:00:01.593750,-1.124753
1788609601625000000,2026-09-05T07:00:01.625000,-1.723412
1788609601656250000,2026-09-05T07:00:01.656250,-2.068095
1788609601687500000,2026-09-05T07:00:01.687500,-2.775601
1788609601718750000,2026-09-05T07:00:01.718750,-3.138425
1788609601750000000,2026-09-05T07:00:01.750000,-3.646378
1788609601781250000,2026-09-05T07:00:01.781250,-4.299461
1788609601812500000,2026-09-05T07:00:01.812500,-5.188379
1788609601843750000,2026-09-05T07:00:01.843750,-5.569343
1788609601875000000,2026-09-05T07:00:01.875000,-6.059155
1788609601906250000,2026-09-05T07:00:01.906250,-6.548967
1788609601937500000,2026-09-05T07:00:01.937500,-7.129485
1788609601968750000,2026-09-05T07:00:01.968750,-7.691862
1788609602000000000,2026-09-05T07:00:02,-8.381227
1788609602031250000,2026-09-05T07:00:02.031250,-9.125016
1788609602062500000,2026-09-05T07:00:02.062500,-9.433416
1788609602093750000,2026-09-05T07:00:02.093750,-10.086498
1788609602125000000,2026-09-05T07:00:02.125000,-10.394898
1788609602156250000,2026-09-05T07:00:02.156250,-10.920993
1788609602187500000,2026-09-05T07:00:02.187500,-11.229393
1788609602218750000,2026-09-05T07:00:02.218750,-11.900617
1788609602250000000,2026-09-05T07:00:02.250000,-11.882476
1788609602281250000,2026-09-05T07:00:02.281250,-12.336005
1788609602312500000,2026-09-05T07:00:02.312500,-12.753252
1788609602343750000,2026-09-05T07:00:02.343750,-12.952805
1788609602375000000,2026-09-05T07:00:02.375000,-13.025370
1788609602406250000,2026-09-05T07:00:02.406250,-13.297488
1788609602437500000,2026-09-05T07:00:02.437500,-13.515182
1788609602468750000,2026-09-05T07:00:02.468750,-13.370053
1788609602500000000,2026-09-05T07:00:02.500000,-13.424476
1788609602531250000,2026-09-05T07:00:02.531250,-13.497041
1788609602562500000,2026-09-05T07:00:02.562500,-13.515182
1788609602593750000,2026-09-05T07:00:02.593750,-13.370053
1788609602625000000,2026-09-05T07:00:02.625000,-13.279347
1788609602656250000,2026-09-05T07:00:02.656250,-13.279347
1788609602687500000,2026-09-05T07:00:02.687500,-13.206782
1788609602718750000,2026-09-05T07:00:02.718750,-13.261206
1788609602750000000,2026-09-05T07:00:02.750000,-13.079794
1788609602781250000,2026-09-05T07:00:02.781250,-13.043511
1788609602812500000,2026-09-05T07:00:02.812500,-12.880241
1788609602843750000,2026-09-05T07:00:02.843750,-12.481135
1788609602875000000,2026-09-05T07:00:02.875000,-12.245299
1788609602906250000,2026-09-05T07:00:02.906250,-11.864334
1788609602937500000,2026-09-05T07:00:02.937500,-11.374522
1788609602968750000,2026-09-05T07:00:02.968750,-11.066122
1788609603000000000,2026-09-05T07:00:03,-10.993558
1788609603031250000,2026-09-05T07:00:03.031250,-10.685157
1788609603062500000,2026-09-05T07:00:03.062500,-10.594451
1788609603093750000,2026-09-05T07:00:03.093750,-10.231628
1788609603125000000,2026-09-05T07:00:03.125000,-9.741816
1788609603156250000,2026-09-05T07:00:03.156250,-9.179439
1788609603187500000,2026-09-05T07:00:03.187500,-8.417509
1788609603218750000,2026-09-05T07:00:03.218750,-7.836991
1788609603250000000,2026-09-05T07:00:03.250000,-7.401603
1788609603281250000,2026-09-05T07:00:03.281250,-6.966215
1788609603312500000,2026-09-05T07:00:03.312500,-6.440120
1788609603343750000,2026-09-05T07:00:03.343750,-6.131720
1788609603375000000,2026-09-05T07:00:03.375000,-5.333508
1788609603406250000,2026-09-05T07:00:03.406250,-4.499014
1788609603437500000,2026-09-05T07:00:03.437500,-3.882213
1788609603468750000,2026-09-05T07:00:03.468750,-3.192848
1788609603500000000,2026-09-05T07:00:03.500000,-2.557907
1788609603531250000,2026-09-05T07:00:03.531250,-2.104377
1788609603562500000,2026-09-05T07:00:03.562500,-1.505718
1788609603593750000,2026-09-05T07:00:03.593750,-0.852636
1788609603625000000,2026-09-05T07:00:03.625000,-0.671224
1788609603656250000,2026-09-05T07:00:03.656250,0.326541
1788609603687500000,2026-09-05T07:00:03.687500,0.979624
1788609603718750000,2026-09-05T07:00:03.718750,1.542001
1788609603750000000,2026-09-05T07:00:03.750000,2.195083
1788609603781250000,2026-09-05T07:00:03.781250,3.265413
1788609603812500000,2026-09-05T07:00:03.812500,3.319837
1788609603843750000,2026-09-05T07:00:03.843750,4.027343
1788609603875000000,2026-09-05T07:00:03.875000,4.499014
1788609603906250000,2026-09-05T07:00:03.906250,5.061390
1788609603937500000,2026-09-05T07:00:03.937500,5.478638
1788609603968750000,2026-09-05T07:00:03.968750,6.149861
1788609604000000000,2026-09-05T07:00:04,6.421979
1788609604031250000,2026-09-05T07:00:04.031250,6.893650
1788609604062500000,2026-09-05T07:00:04.062500,7.165768
1788609604093750000,2026-09-05T07:00:04.093750,7.728144
1788609604125000000,2026-09-05T07:00:04.125000,8.236098
1788609604156250000,2026-09-05T07:00:04.156250,8.762192
1788609604187500000,2026-09-05T07:00:04.187500,9.070592
1788609604218750000,2026-09-05T07:00:04.218750,9.669251
1788609604250000000,2026-09-05T07:00:04.250000,10.050216
1788609604281250000,2026-09-05T07:00:04.281250,10.667016
1788609604312500000,2026-09-05T07:00:04.312500,11.229393
1788609604343750000,2026-09-05T07:00:04.343750,11.338240
1788609604375000000,2026-09-05T07:00:04.375000,11.501511
1788609604406250000,2026-09-05T07:00:04.406250,11.519652
1788609604437500000,2026-09-05T07:00:04.437500,11.519652
1788609604468750000,2026-09-05T07:00:04.468750,11.428946
1788609604500000000,2026-09-05T07:00:04.500000,11.882476
1788609604531250000,2026-09-05T07:00:04.531250,12.100170
1788609604562500000,2026-09-05T07:00:04.562500,12.444852
1788609604593750000,2026-09-05T07:00:04.593750,12.716970
1788609604625000000,2026-09-05T07:00:04.625000,12.716970
1788609604656250000,2026-09-05T07:00:04.656250,12.753252
1788609604687500000,2026-09-05T07:00:04.687500,12.789535
1788609604718750000,2026-09-05T07:00:04.718750,12.771394
1788609604750000000,2026-09-05T07:00:04.750000,12.698829
1788609604781250000,2026-09-05T07:00:04.781250,12.952805
1788609604812500000,2026-09-05T07:00:04.812500,13.134217
1788609604843750000,2026-09-05T07:00:04.843750,13.279347
1788609604875000000,2026-09-05T07:00:04.875000,13.297488
1788609604906250000,2026-09-05T07:00:04.906250,13.388194
1788609604937500000,2026-09-05T07:00:04.937500,13.515182
1788609604968750000,2026-09-05T07:00:04.968750,13.370053
1788609605000000000,2026-09-05T07:00:05,13.297488
1788609605031250000,2026-09-05T07:00:05.031250,13.152358
1788609605062500000,2026-09-05T07:00:05.062500,13.170500
1788609605093750000,2026-09-05T07:00:05.093750,13.079794
1788609605125000000,2026-09-05T07:00:05.125000,13.134217
1788609605156250000,2026-09-05T07:00:05.156250,13.079794
1788609605187500000,2026-09-05T07:00:05.187500,13.224923
1788609605218750000,2026-09-05T07:00:05.218750,13.079794
1788609605250000000,2026-09-05T07:00:05.250000,13.025370
1788609605281250000,2026-09-05T07:00:05.281250,12.952805
1788609605312500000,2026-09-05T07:00:05.312500,12.952805
1788609605343750000,2026-09-05T07:00:05.343750,12.825817
1788609605375000000,2026-09-05T07:00:05.375000,12.644405
1788609605406250000,2026-09-05T07:00:05.406250,12.426711
1788609605437500000,2026-09-05T07:00:05.437500,12.426711
1788609605468750000,2026-09-05T07:00:05.468750,12.426711
1788609605500000000,2026-09-05T07:00:05.500000,12.408570
1788609605531250000,2026-09-05T07:00:05.531250,12.499276
1788609605562500000,2026-09-05T07:00:05.562500,12.426711
1788609605593750000,2026-09-05T07:00:05.593750,12.281582
1788609605625000000,2026-09-05T07:00:05.625000,11.973181
1788609605656250000,2026-09-05T07:00:05.656250,11.846193
1788609605687500000,2026-09-05T07:00:05.687500,11.628499
1788609605718750000,2026-09-05T07:00:05.718750,11.537793
1788609605750000000,2026-09-05T07:00:05.750000,11.301958
1788609605781250000,2026-09-05T07:00:05.781250,11.356381
1788609605812500000,2026-09-05T07:00:05.812500,11.447087
1788609605843750000,2026-09-05T07:00:05.843750,11.283816
1788609605875000000,2026-09-05T07:00:05.875000,11.283816
1788609605906250000,2026-09-05T07:00:05.906250,11.174969
1788609605937500000,2026-09-05T07:00:05.937500,10.884710
1788609605968750000,2026-09-05T07:00:05.968750,10.159063
1788609606000000000,2026-09-05T07:00:06,9.959510
1788609606031250000,2026-09-05T07:00:06.031250,9.542263
1788609606062500000,2026-09-05T07:00:06.062500,9.378992
1788609606093750000,2026-09-05T07:00:06.093750,9.016168
1788609606125000000,2026-09-05T07:00:06.125000,8.834757
1788609606156250000,2026-09-05T07:00:06.156250,8.290521
1788609606187500000,2026-09-05T07:00:06.187500,7.601156
1788652800093750000,2026-09-05T19:00:00.093750,-13.125147
1788652800125000000,2026-09-05T19:00:00.125000,-13.306558
1788652800156250000,2026-09-05T19:00:00.156250,-13.524253
1788652800187500000,2026-09-05T19:00:00.187500,-13.469829
1788652800218750000,2026-09-05T19:00:00.218750,-13.578676
1788652800250000000,2026-09-05T19:00:00.250000,-13.542394
1788652800281250000,2026-09-05T19:00:00.281250,-13.379123
1788652800312500000,2026-09-05T19:00:00.312500,-13.233994
1788652800343750000,2026-09-05T19:00:00.343750,-13.143288
1788652800375000000,2026-09-05T19:00:00.375000,-13.306558
1788652800406250000,2026-09-05T19:00:00.406250,-12.943735
1788652800437500000,2026-09-05T19:00:00.437500,-13.034441
1788652800468750000,2026-09-05T19:00:00.468750,-12.889311
1788652800500000000,2026-09-05T19:00:00.500000,-12.653476
1788652800531250000,2026-09-05T19:00:00.531250,-12.127382
1788652800562500000,2026-09-05T19:00:00.562500,-11.837123
1788652800593750000,2026-09-05T19:00:00.593750,-11.710134
1788652800625000000,2026-09-05T19:00:00.625000,-11.583146
1788652800656250000,2026-09-05T19:00:00.656250,-11.311028
1788652800687500000,2026-09-05T19:00:00.687500,-11.111475
1788652800718750000,2026-09-05T19:00:00.718750,-10.730510
1788652800750000000,2026-09-05T19:00:00.750000,-10.041145
1788652800781250000,2026-09-05T19:00:00.781250,-9.496910
1788652800812500000,2026-09-05T19:00:00.812500,-9.261074
1788652800843750000,2026-09-05T19:00:00.843750,-8.607992
1788652800875000000,2026-09-05T19:00:00.875000,-8.281450
1788652800906250000,2026-09-05T19:00:00.906250,-7.719074
1788652800937500000,2026-09-05T19:00:00.937500,-6.884579
1788652800968750000,2026-09-05T19:00:00.968750,-6.213356
1788652801000000000,2026-09-05T19:00:01,-5.542132
1788652801031250000,2026-09-05T19:00:01.031250,-4.943473
1788652801062500000,2026-09-05T19:00:01.062500,-4.381096
1788652801093750000,2026-09-05T19:00:01.093750,-3.782437
1788652801125000000,2026-09-05T19:00:01.125000,-3.147495
1788652801156250000,2026-09-05T19:00:01.156250,-2.820954
1788652801187500000,2026-09-05T19:00:01.187500,-2.385566
1788652801218750000,2026-09-05T19:00:01.218750,-1.786907
1788652801250000000,2026-09-05T19:00:01.250000,-1.188248
1788652801281250000,2026-09-05T19:00:01.281250,-0.408177
1788652801312500000,2026-09-05T19:00:01.312500,0.408177
1788652801343750000,2026-09-05T19:00:01.343750,1.260812
1788652801375000000,2026-09-05T19:00:01.375000,1.678060
1788652801406250000,2026-09-05T19:00:01.406250,2.258577
1788652801437500000,2026-09-05T19:00:01.437500,2.458130
1788652801468750000,2026-09-05T19:00:01.468750,2.984225
1788652801500000000,2026-09-05T19:00:01.500000,3.510319
1788652801531250000,2026-09-05T19:00:01.531250,4.163402
1788652801562500000,2026-09-05T19:00:01.562500,4.689496
1788652801593750000,2026-09-05T19:00:01.593750,5.523991
1788652801625000000,2026-09-05T19:00:01.625000,6.140791
1788652801656250000,2026-09-05T19:00:01.656250,6.757591
1788652801687500000,2026-09-05T19:00:01.687500,7.338109
1788652801718750000,2026-09-05T19:00:01.718750,7.700933
1788652801750000000,2026-09-05T19:00:01.750000,8.335874
1788652801781250000,2026-09-05T19:00:01.781250,8.481004
1788652801812500000,2026-09-05T19:00:01.812500,8.825686
1788652801843750000,2026-09-05T19:00:01.843750,9.007098
1788652801875000000,2026-09-05T19:00:01.875000,9.242933
1788652801906250000,2026-09-05T19:00:01.906250,9.388063
1788652801937500000,2026-09-05T19:00:01.937500,9.914157
1788652801968750000,2026-09-05T19:00:01.968750,10.149992
1788652802000000000,2026-09-05T19:00:02,10.839357
1788652802031250000,2026-09-05T19:00:02.031250,11.347311
1788652802062500000,2026-09-05T19:00:02.062500,11.891546
1788652802093750000,2026-09-05T19:00:02.093750,12.326935
1788652802125000000,2026-09-05T19:00:02.125000,12.653476
1788652802156250000,2026-09-05T19:00:02.156250,12.635335
1788652802187500000,2026-09-05T19:00:02.187500,12.472064
1788652802218750000,2026-09-05T19:00:02.218750,12.562770
1788652802250000000,2026-09-05T19:00:02.250000,12.562770
1788652802281250000,2026-09-05T19:00:02.281250,12.853029
1788652802312500000,2026-09-05T19:00:02.312500,12.907452
1788652802343750000,2026-09-05T19:00:02.343750,13.342841
1788652802375000000,2026-09-05T19:00:02.375000,13.360982
1788652802406250000,2026-09-05T19:00:02.406250,13.379123
1788652802437500000,2026-09-05T19:00:02.437500,13.324700
1788652802468750000,2026-09-05T19:00:02.468750,13.306558
1788652802500000000,2026-09-05T19:00:02.500000,13.161429
1788652802531250000,2026-09-05T19:00:02.531250,12.907452
1788652802562500000,2026-09-05T19:00:02.562500,12.744182
1788652802593750000,2026-09-05T19:00:02.593750,12.907452
1788652802625000000,2026-09-05T19:00:02.625000,13.179570
1788652802656250000,2026-09-05T19:00:02.656250,13.233994
1788652802687500000,2026-09-05T19:00:02.687500,13.542394
1788652802718750000,2026-09-05T19:00:02.718750,13.487970
1788652802750000000,2026-09-05T19:00:02.750000,13.578676
1788652802781250000,2026-09-05T19:00:02.781250,13.379123
1788652802812500000,2026-09-05T19:00:02.812500,13.270276
1788652802843750000,2026-09-05T19:00:02.843750,13.034441
1788652802875000000,2026-09-05T19:00:02.875000,13.306558
1788652802906250000,2026-09-05T19:00:02.906250,13.125147
1788652802937500000,2026-09-05T19:00:02.937500,12.907452
1788652802968750000,2026-09-05T19:00:02.968750,12.816746
1788652803000000000,2026-09-05T19:00:03,12.943735
1788652803031250000,2026-09-05T19:00:03.031250,12.943735
1788652803062500000,2026-09-05T19:00:03.062500,12.798605
1788652803093750000,2026-09-05T19:00:03.093750,12.907452
1788652803125000000,2026-09-05T19:00:03.125000,12.798605
1788652803156250000,2026-09-05T19:00:03.156250,12.816746
1788652803187500000,2026-09-05T19:00:03.187500,12.617193
1788652803218750000,2026-09-05T19:00:03.218750,12.472064
1788652803250000000,2026-09-05T19:00:03.250000,12.345076
1788652803281250000,2026-09-05T19:00:03.281250,12.308793
1788652803312500000,2026-09-05T19:00:03.312500,12.145523
1788652803343750000,2026-09-05T19:00:03.343750,11.891546
1788652803375000000,2026-09-05T19:00:03.375000,11.637570
1788652803406250000,2026-09-05T19:00:03.406250,11.583146
1788652803437500000,2026-09-05T19:00:03.437500,11.546864
1788652803468750000,2026-09-05T19:00:03.468750,11.111475
1788652803500000000,2026-09-05T19:00:03.500000,10.893781
1788652803531250000,2026-09-05T19:00:03.531250,10.784934
1788652803562500000,2026-09-05T19:00:03.562500,10.603522
1788652803593750000,2026-09-05T19:00:03.593750,10.295122
1788652803625000000,2026-09-05T19:00:03.625000,10.349545
1788652803656250000,2026-09-05T19:00:03.656250,9.968581
1788652803687500000,2026-09-05T19:00:03.687500,9.424345
1788652803718750000,2026-09-05T19:00:03.718750,9.224792
1788652803750000000,2026-09-05T19:00:03.750000,9.007098
1788652803781250000,2026-09-05T19:00:03.781250,8.190745
1788652803812500000,2026-09-05T19:00:03.812500,8.100039
1788652803843750000,2026-09-05T19:00:03.843750,7.936768
1788652803875000000,2026-09-05T19:00:03.875000,6.920862
1788652803906250000,2026-09-05T19:00:03.906250,6.358485
1788652803937500000,2026-09-05T19:00:03.937500,6.086367
1788652803968750000,2026-09-05T19:00:03.968750,5.397002
1788652804000000000,2026-09-05T19:00:04,4.798343
1788652804031250000,2026-09-05T19:00:04.031250,4.508084
1788652804062500000,2026-09-05T19:00:04.062500,3.782437
1788652804093750000,2026-09-05T19:00:04.093750,3.455896
1788652804125000000,2026-09-05T19:00:04.125000,2.730248
1788652804156250000,2026-09-05T19:00:04.156250,2.167871
1788652804187500000,2026-09-05T19:00:04.187500,1.551071
1788652804218750000,2026-09-05T19:00:04.218750,1.188248
1788652804250000000,2026-09-05T19:00:04.250000,0.208624
1788652804281250000,2026-09-05T19:00:04.281250,-0.335612
1788652804312500000,2026-09-05T19:00:04.312500,-1.024977
1788652804343750000,2026-09-05T19:00:04.343750,-1.460365
1788652804375000000,2026-09-05T19:00:04.375000,-2.167871
1788652804406250000,2026-09-05T19:00:04.406250,-2.857236
1788652804437500000,2026-09-05T19:00:04.437500,-3.401472
1788652804468750000,2026-09-05T19:00:04.468750,-3.891284
1788652804500000000,2026-09-05T19:00:04.500000,-4.816484
1788652804531250000,2026-09-05T19:00:04.531250,-5.505849
1788652804562500000,2026-09-05T19:00:04.562500,-6.013802
1788652804593750000,2026-09-05T19:00:04.593750,-6.558038
1788652804625000000,2026-09-05T19:00:04.625000,-7.265544
1788652804656250000,2026-09-05T19:00:04.656250,-7.700933
1788652804687500000,2026-09-05T19:00:04.687500,-8.118180
1788652804718750000,2026-09-05T19:00:04.718750,-8.734980
1788652804750000000,2026-09-05T19:00:04.750000,-9.333639
1788652804781250000,2026-09-05T19:00:04.781250,-9.787169
1788652804812500000,2026-09-05T19:00:04.812500,-10.113710
1788652804843750000,2026-09-05T19:00:04.843750,-10.657946
1788652804875000000,2026-09-05T19:00:04.875000,-10.784934
1788652804906250000,2026-09-05T19:00:04.906250,-11.002628
1788652804937500000,2026-09-05T19:00:04.937500,-11.456158
1788652804968750000,2026-09-05T19:00:04.968750,-11.873405
1788652805000000000,2026-09-05T19:00:05,-12.072958
1788652805031250000,2026-09-05T19:00:05.031250,-12.363217
1788652805062500000,2026-09-05T19:00:05.062500,-12.798605
1788652805093750000,2026-09-05T19:00:05.093750,-13.107005
1788652805125000000,2026-09-05T19:00:05.125000,-13.342841
1788652805156250000,2026-09-05T19:00:05.156250,-13.451688
1788652805187500000,2026-09-05T19:00:05.187500,-13.415406
1788652805218750000,2026-09-05T19:00:05.218750,-13.578676
1788652805250000000,2026-09-05T19:00:05.250000,-13.270276
1788652805281250000,2026-09-05T19:00:05.281250,-13.161429
1788652805312500000,2026-09-05T19:00:05.312500,-13.324700
1788652805343750000,2026-09-05T19:00:05.343750,-13.451688
1788652805375000000,2026-09-05T19:00:05.375000,-13.197711
1788652805406250000,2026-09-05T19:00:05.406250,-13.161429
1788652805437500000,2026-09-05T19:00:05.437500,-13.252135
1788652805468750000,2026-09-05T19:00:05.468750,-12.798605
1788652805500000000,2026-09-05T19:00:05.500000,-12.780464
1788652805531250000,2026-09-05T19:00:05.531250,-12.580911
1788652805562500000,2026-09-05T19:00:05.562500,-12.508346
1788652805593750000,2026-09-05T19:00:05.593750,-11.982252
1788652805625000000,2026-09-05T19:00:05.625000,-12.199946
1788652805656250000,2026-09-05T19:00:05.656250,-12.018534
1788652805687500000,2026-09-05T19:00:05.687500,-11.710134
1788652805718750000,2026-09-05T19:00:05.718750,-11.129616
1788652805750000000,2026-09-05T19:00:05.750000,-11.129616
1788652805781250000,2026-09-05T19:00:05.781250,-10.476534
1788652805812500000,2026-09-05T19:00:05.812500,-10.131851
1788652805843750000,2026-09-05T19:00:05.843750,-9.297357
1788652805875000000,2026-09-05T19:00:05.875000,-9.134086
1788652805906250000,2026-09-05T19:00:05.906250,-8.190745
1788652805937500000,2026-09-05T19:00:05.937500,-7.537662
1788652805968750000,2026-09-05T19:00:05.968750,-6.685026
1788652806000000000,2026-09-05T19:00:06,-6.322203
1788652806031250000,2026-09-05T19:00:06.031250,-5.832391
1788652806062500000,2026-09-05T19:00:06.062500,-5.705402
1788652806093750000,2026-09-05T19:00:06.093750,-5.306296
1788652806125000000,2026-09-05T19:00:06.125000,-4.689496
1788652806156250000,2026-09-05T19:00:06.156250,-3.981990
1788652806187500000,2026-09-05T19:00:06.187500,-3.129354
1788696000093750000,2026-09-06T07:00:00.093750,6.784803
1788696000125000000,2026-09-06T07:00:00.125000,6.984356
1788696000156250000,2026-09-06T07:00:00.156250,7.383462
1788696000187500000,2026-09-06T07:00:00.187500,7.637438
1788696000218750000,2026-09-06T07:00:00.218750,7.963980
1788696000250000000,2026-09-06T07:00:00.250000,8.163533
1788696000281250000,2026-09-06T07:00:00.281250,8.471933
1788696000312500000,2026-09-06T07:00:00.312500,8.907321
1788696000343750000,2026-09-06T07:00:00.343750,9.288286
1788696000375000000,2026-09-06T07:00:00.375000,9.687392
1788696000406250000,2026-09-06T07:00:00.406250,9.977651
1788696000437500000,2026-09-06T07:00:00.437500,10.413040
1788696000468750000,2026-09-06T07:00:00.468750,11.029840
1788696000500000000,2026-09-06T07:00:00.500000,11.283816
1788696000531250000,2026-09-06T07:00:00.531250,11.864334
1788696000562500000,2026-09-06T07:00:00.562500,12.535558
1788696000593750000,2026-09-06T07:00:00.593750,12.608123
1788696000625000000,2026-09-06T07:00:00.625000,12.299723
1788696000656250000,2026-09-06T07:00:00.656250,12.263440
1788696000687500000,2026-09-06T07:00:00.687500,12.263440
1788696000718750000,2026-09-06T07:00:00.718750,11.882476
1788696000750000000,2026-09-06T07:00:00.750000,12.045746
1788696000781250000,2026-09-06T07:00:00.781250,12.517417
1788696000812500000,2026-09-06T07:00:00.812500,12.862099
1788696000843750000,2026-09-06T07:00:00.843750,12.807676
1788696000875000000,2026-09-06T07:00:00.875000,12.970947
1788696000906250000,2026-09-06T07:00:00.906250,13.061652
1788696000937500000,2026-09-06T07:00:00.937500,13.043511
1788696000968750000,2026-09-06T07:00:00.968750,12.970947
1788696001000000000,2026-09-06T07:00:01,12.880241
1788696001031250000,2026-09-06T07:00:01.031250,12.989088
1788696001062500000,2026-09-06T07:00:01.062500,13.079794
1788696001093750000,2026-09-06T07:00:01.093750,12.989088
1788696001125000000,2026-09-06T07:00:01.125000,13.079794
1788696001156250000,2026-09-06T07:00:01.156250,13.497041
1788696001187500000,2026-09-06T07:00:01.187500,13.678453
1788696001218750000,2026-09-06T07:00:01.218750,13.424476
1788696001250000000,2026-09-06T07:00:01.250000,13.243064
1788696001281250000,2026-09-06T07:00:01.281250,12.880241
1788696001312500000,2026-09-06T07:00:01.312500,12.535558
1788696001343750000,2026-09-06T07:00:01.343750,12.172734
1788696001375000000,2026-09-06T07:00:01.375000,12.299723
1788696001406250000,2026-09-06T07:00:01.406250,12.390429
1788696001437500000,2026-09-06T07:00:01.437500,12.354146
1788696001468750000,2026-09-06T07:00:01.468750,12.481135
1788696001500000000,2026-09-06T07:00:01.500000,12.735111
1788696001531250000,2026-09-06T07:00:01.531250,12.825817
1788696001562500000,2026-09-06T07:00:01.562500,12.880241
1788696001593750000,2026-09-06T07:00:01.593750,12.970947
1788696001625000000,2026-09-06T07:00:01.625000,12.571841
1788696001656250000,2026-09-06T07:00:01.656250,12.535558
1788696001687500000,2026-09-06T07:00:01.687500,12.336005
1788696001718750000,2026-09-06T07:00:01.718750,12.263440
1788696001750000000,2026-09-06T07:00:01.750000,12.354146
1788696001781250000,2026-09-06T07:00:01.781250,12.553699
1788696001812500000,2026-09-06T07:00:01.812500,12.444852
1788696001843750000,2026-09-06T07:00:01.843750,12.172734
1788696001875000000,2026-09-06T07:00:01.875000,11.846193
1788696001906250000,2026-09-06T07:00:01.906250,11.646640
1788696001937500000,2026-09-06T07:00:01.937500,11.428946
1788696001968750000,2026-09-06T07:00:01.968750,11.247534
1788696002000000000,2026-09-06T07:00:02,10.993558
1788696002031250000,2026-09-06T07:00:02.031250,10.794004
1788696002062500000,2026-09-06T07:00:02.062500,10.358616
1788696002093750000,2026-09-06T07:00:02.093750,10.177204
1788696002125000000,2026-09-06T07:00:02.125000,9.542263
1788696002156250000,2026-09-06T07:00:02.156250,9.324569
1788696002187500000,2026-09-06T07:00:02.187500,9.088733
1788696002218750000,2026-09-06T07:00:02.218750,8.762192
1788696002250000000,2026-09-06T07:00:02.250000,8.363086
1788696002281250000,2026-09-06T07:00:02.281250,8.272380
1788696002312500000,2026-09-06T07:00:02.312500,8.127250
1788696002343750000,2026-09-06T07:00:02.343750,7.691862
1788696002375000000,2026-09-06T07:00:02.375000,7.202050
1788696002406250000,2026-09-06T07:00:02.406250,6.712238
1788696002437500000,2026-09-06T07:00:02.437500,6.186144
1788696002468750000,2026-09-06T07:00:02.468750,5.496779
1788696002500000000,2026-09-06T07:00:02.500000,4.807414
1788696002531250000,2026-09-06T07:00:02.531250,4.571578
1788696002562500000,2026-09-06T07:00:02.562500,3.700802
1788696002593750000,2026-09-06T07:00:02.593750,2.938872
1788696002625000000,2026-09-06T07:00:02.625000,2.231366
1788696002656250000,2026-09-06T07:00:02.656250,1.795977
1788696002687500000,2026-09-06T07:00:02.687500,0.979624
1788696002718750000,2026-09-06T07:00:02.718750,0.798212
1788696002750000000,2026-09-06T07:00:02.750000,0.181412
1788696002781250000,2026-09-06T07:00:02.781250,-0.380965
1788696002812500000,2026-09-06T07:00:02.812500,-1.124753
1788696002843750000,2026-09-06T07:00:02.843750,-1.705271
1788696002875000000,2026-09-06T07:00:02.875000,-2.576048
1788696002906250000,2026-09-06T07:00:02.906250,-3.356119
1788696002937500000,2026-09-06T07:00:02.937500,-3.918496
1788696002968750000,2026-09-06T07:00:02.968750,-4.789273
1788696003000000000,2026-09-06T07:00:03,-5.641908
1788696003031250000,2026-09-06T07:00:03.031250,-6.222426
1788696003062500000,2026-09-06T07:00:03.062500,-6.712238
1788696003093750000,2026-09-06T07:00:03.093750,-7.456027
1788696003125000000,2026-09-06T07:00:03.125000,-8.000262
1788696003156250000,2026-09-06T07:00:03.156250,-8.272380
1788696003187500000,2026-09-06T07:00:03.187500,-8.834757
1788696003218750000,2026-09-06T07:00:03.218750,-9.016168
1788696003250000000,2026-09-06T07:00:03.250000,-9.125016
1788696003281250000,2026-09-06T07:00:03.281250,-9.324569
1788696003312500000,2026-09-06T07:00:03.312500,-9.560404
1788696003343750000,2026-09-06T07:00:03.343750,-9.923228
1788696003375000000,2026-09-06T07:00:03.375000,-10.449322
1788696003406250000,2026-09-06T07:00:03.406250,-11.102405
1788696003437500000,2026-09-06T07:00:03.437500,-11.320099
1788696003468750000,2026-09-06T07:00:03.468750,-12.172734
1788696003500000000,2026-09-06T07:00:03.500000,-12.354146
1788696003531250000,2026-09-06T07:00:03.531250,-12.753252
1788696003562500000,2026-09-06T07:00:03.562500,-12.807676
1788696003593750000,2026-09-06T07:00:03.593750,-13.333770
1788696003625000000,2026-09-06T07:00:03.625000,-13.224923
1788696003656250000,2026-09-06T07:00:03.656250,-13.551464
1788696003687500000,2026-09-06T07:00:03.687500,-13.478900
1788696003718750000,2026-09-06T07:00:03.718750,-13.678453
1788696003750000000,2026-09-06T07:00:03.750000,-13.424476
1788696003781250000,2026-09-06T07:00:03.781250,-13.587747
1788696003812500000,2026-09-06T07:00:03.812500,-13.642170
1788696003843750000,2026-09-06T07:00:03.843750,-13.660312
1788696003875000000,2026-09-06T07:00:03.875000,-13.660312
1788696003906250000,2026-09-06T07:00:03.906250,-13.678453
1788696003937500000,2026-09-06T07:00:03.937500,-13.243064
1788696003968750000,2026-09-06T07:00:03.968750,-12.934664
1788696004000000000,2026-09-06T07:00:04,-12.771394
1788696004031250000,2026-09-06T07:00:04.031250,-12.553699
1788696004062500000,2026-09-06T07:00:04.062500,-12.118311
1788696004093750000,2026-09-06T07:00:04.093750,-11.864334
1788696004125000000,2026-09-06T07:00:04.125000,-11.555934
1788696004156250000,2026-09-06T07:00:04.156250,-10.939134
1788696004187500000,2026-09-06T07:00:04.187500,-10.576310
1788696004218750000,2026-09-06T07:00:04.218750,-10.394898
1788696004250000000,2026-09-06T07:00:04.250000,-10.231628
1788696004281250000,2026-09-06T07:00:04.281250,-9.560404
1788696004312500000,2026-09-06T07:00:04.312500,-9.560404
1788696004343750000,2026-09-06T07:00:04.343750,-8.943604
1788696004375000000,2026-09-06T07:00:04.375000,-8.344945
1788696004406250000,2026-09-06T07:00:04.406250,-7.909556
1788696004437500000,2026-09-06T07:00:04.437500,-7.510450
1788696004468750000,2026-09-06T07:00:04.468750,-6.948073
1788696004500000000,2026-09-06T07:00:04.500000,-6.730379
1788696004531250000,2026-09-06T07:00:04.531250,-6.186144
1788696004562500000,2026-09-06T07:00:04.562500,-5.297226
1788696004593750000,2026-09-06T07:00:04.593750,-4.861837
1788696004625000000,2026-09-06T07:00:04.625000,-4.118049
1788696004656250000,2026-09-06T07:00:04.656250,-3.265413
1788696004687500000,2026-09-06T07:00:04.687500,-2.957013
1788696004718750000,2026-09-06T07:00:04.718750,-2.467201
1788696004750000000,2026-09-06T07:00:04.750000,-1.977389
1788696004781250000,2026-09-06T07:00:04.781250,-1.306165
1788696004812500000,2026-09-06T07:00:04.812500,-0.780071
1788696004843750000,2026-09-06T07:00:04.843750,0.072565
1788696004875000000,2026-09-06T07:00:04.875000,0.761930
1788696004906250000,2026-09-06T07:00:04.906250,1.759695
1788696004937500000,2026-09-06T07:00:04.937500,2.231366
1788696004968750000,2026-09-06T07:00:04.968750,3.011437
1788696005000000000,2026-09-06T07:00:05,3.718943
1788696005031250000,2026-09-06T07:00:05.031250,4.372025
1788696005062500000,2026-09-06T07:00:05.062500,4.480872
1788696005093750000,2026-09-06T07:00:05.093750,5.315367
1788696005125000000,2026-09-06T07:00:05.125000,5.750755
1788696005156250000,2026-09-06T07:00:05.156250,6.385697
1788696005187500000,2026-09-06T07:00:05.187500,6.657815
1788696005218750000,2026-09-06T07:00:05.218750,7.728144
1788696005250000000,2026-09-06T07:00:05.250000,8.145392
1788696005281250000,2026-09-06T07:00:05.281250,8.617062
1788696005312500000,2026-09-06T07:00:05.312500,9.179439
1788696005343750000,2026-09-06T07:00:05.343750,9.723675
1788696005375000000,2026-09-06T07:00:05.375000,9.759957
1788696005406250000,2026-09-06T07:00:05.406250,9.832522
1788696005437500000,2026-09-06T07:00:05.437500,10.159063
1788696005468750000,2026-09-06T07:00:05.468750,10.086498
1788696005500000000,2026-09-06T07:00:05.500000,10.685157
1788696005531250000,2026-09-06T07:00:05.531250,11.247534
1788696005562500000,2026-09-06T07:00:05.562500,11.501511
1788696005593750000,2026-09-06T07:00:05.593750,11.882476
1788696005625000000,2026-09-06T07:00:05.625000,12.082029
1788696005656250000,2026-09-06T07:00:05.656250,11.936899
1788696005687500000,2026-09-06T07:00:05.687500,12.172734
1788696005718750000,2026-09-06T07:00:05.718750,12.626264
1788696005750000000,2026-09-06T07:00:05.750000,12.589982
1788696005781250000,2026-09-06T07:00:05.781250,13.007229
1788696005812500000,2026-09-06T07:00:05.812500,13.424476
1788696005843750000,2026-09-06T07:00:05.843750,13.497041
1788696005875000000,2026-09-06T07:00:05.875000,13.442617
1788696005906250000,2026-09-06T07:00:05.906250,13.660312
1788696005937500000,2026-09-06T07:00:05.937500,13.478900
1788696005968750000,2026-09-06T07:00:05.968750,13.406335
1788696006000000000,2026-09-06T07:00:06,13.170500
1788696006031250000,2026-09-06T07:00:06.031250,13.424476
1788696006062500000,2026-09-06T07:00:06.062500,13.551464
1788696006093750000,2026-09-06T07:00:06.093750,13.533323
1788696006125000000,2026-09-06T07:00:06.125000,13.370053
1788696006156250000,2026-09-06T07:00:06.156250,13.406335
1788696006187500000,2026-09-06T07:00:06.187500,13.315629
1788739200093750000,2026-09-06T19:00:00.093750,12.716970
1788739200125000000,2026-09-06T19:00:00.125000,12.825817
1788739200156250000,2026-09-06T19:00:00.156250,12.753252
1788739200187500000,2026-09-06T19:00:00.187500,12.952805
1788739200218750000,2026-09-06T19:00:00.218750,13.170500
1788739200250000000,2026-09-06T19:00:00.250000,13.061652
1788739200281250000,2026-09-06T19:00:00.281250,12.771394
1788739200312500000,2026-09-06T19:00:00.312500,12.716970
1788739200343750000,2026-09-06T19:00:00.343750,12.843958
1788739200375000000,2026-09-06T19:00:00.375000,12.735111
1788739200406250000,2026-09-06T19:00:00.406250,12.626264
1788739200437500000,2026-09-06T19:00:00.437500,12.753252
1788739200468750000,2026-09-06T19:00:00.468750,12.499276
1788739200500000000,2026-09-06T19:00:00.500000,12.408570
1788739200531250000,2026-09-06T19:00:00.531250,12.317864
1788739200562500000,2026-09-06T19:00:00.562500,12.227158
1788739200593750000,2026-09-06T19:00:00.593750,12.172734
1788739200625000000,2026-09-06T19:00:00.625000,12.245299
1788739200656250000,2026-09-06T19:00:00.656250,12.100170
1788739200687500000,2026-09-06T19:00:00.687500,11.646640
1788739200718750000,2026-09-06T19:00:00.718750,11.428946
1788739200750000000,2026-09-06T19:00:00.750000,11.247534
1788739200781250000,2026-09-06T19:00:00.781250,10.413040
1788739200812500000,2026-09-06T19:00:00.812500,9.778098
1788739200843750000,2026-09-06T19:00:00.843750,9.778098
1788739200875000000,2026-09-06T19:00:00.875000,9.143157
1788739200906250000,2026-09-06T19:00:00.906250,8.635204
1788739200937500000,2026-09-06T19:00:00.937500,8.617062
1788739200968750000,2026-09-06T19:00:00.968750,8.544498
1788739201000000000,2026-09-06T19:00:01,8.090968
1788739201031250000,2026-09-06T19:00:01.031250,7.945839
1788739201062500000,2026-09-06T19:00:01.062500,7.583015
1788739201093750000,2026-09-06T19:00:01.093750,7.075062
1788739201125000000,2026-09-06T19:00:01.125000,6.458262
1788739201156250000,2026-09-06T19:00:01.156250,6.059155
1788739201187500000,2026-09-06T19:00:01.187500,5.369790
1788739201218750000,2026-09-06T19:00:01.218750,4.934402
1788739201250000000,2026-09-06T19:00:01.250000,4.426449
1788739201281250000,2026-09-06T19:00:01.281250,3.682660
1788739201312500000,2026-09-06T19:00:01.312500,3.138425
1788739201343750000,2026-09-06T19:00:01.343750,2.848166
1788739201375000000,2026-09-06T19:00:01.375000,2.140660
1788739201406250000,2026-09-06T19:00:01.406250,1.324306
1788739201437500000,2026-09-06T19:00:01.437500,0.580518
1788739201468750000,2026-09-06T19:00:01.468750,-0.054424
1788739201500000000,2026-09-06T19:00:01.500000,-0.707506
1788739201531250000,2026-09-06T19:00:01.531250,-1.324306
1788739201562500000,2026-09-06T19:00:01.562500,-1.578283
1788739201593750000,2026-09-06T19:00:01.593750,-2.195083
1788739201625000000,2026-09-06T19:00:01.625000,-2.975154
1788739201656250000,2026-09-06T19:00:01.656250,-3.954778
1788739201687500000,2026-09-06T19:00:01.687500,-4.734849
1788739201718750000,2026-09-06T19:00:01.718750,-5.514920
1788739201750000000,2026-09-06T19:00:01.750000,-5.968450
1788739201781250000,2026-09-06T19:00:01.781250,-6.403838
1788739201812500000,2026-09-06T19:00:01.812500,-6.512685
1788739201843750000,2026-09-06T19:00:01.843750,-6.966215
1788739201875000000,2026-09-06T19:00:01.875000,-7.637438
1788739201906250000,2026-09-06T19:00:01.906250,-8.181674
1788739201937500000,2026-09-06T19:00:01.937500,-8.961745
1788739201968750000,2026-09-06T19:00:01.968750,-9.759957
1788739202000000000,2026-09-06T19:00:02,-10.322334
1788739202031250000,2026-09-06T19:00:02.031250,-10.685157
1788739202062500000,2026-09-06T19:00:02.062500,-11.320099
1788739202093750000,2026-09-06T19:00:02.093750,-11.864334
1788739202125000000,2026-09-06T19:00:02.125000,-12.426711
1788739202156250000,2026-09-06T19:00:02.156250,-12.843958
1788739202187500000,2026-09-06T19:00:02.187500,-13.351911
1788739202218750000,2026-09-06T19:00:02.218750,-13.424476
1788739202250000000,2026-09-06T19:00:02.250000,-13.388194
1788739202281250000,2026-09-06T19:00:02.281250,-13.188641
1788739202312500000,2026-09-06T19:00:02.312500,-13.097935
1788739202343750000,2026-09-06T19:00:02.343750,-13.007229
1788739202375000000,2026-09-06T19:00:02.375000,-12.916523
1788739202406250000,2026-09-06T19:00:02.406250,-13.007229
1788739202437500000,2026-09-06T19:00:02.437500,-13.079794
1788739202468750000,2026-09-06T19:00:02.468750,-13.388194
1788739202500000000,2026-09-06T19:00:02.500000,-13.351911
1788739202531250000,2026-09-06T19:00:02.531250,-13.569606
1788739202562500000,2026-09-06T19:00:02.562500,-13.279347
1788739202593750000,2026-09-06T19:00:02.593750,-13.206782
1788739202625000000,2026-09-06T19:00:02.625000,-12.698829
1788739202656250000,2026-09-06T19:00:02.656250,-12.680688
1788739202687500000,2026-09-06T19:00:02.687500,-12.372287
1788739202718750000,2026-09-06T19:00:02.718750,-12.408570
1788739202750000000,2026-09-06T19:00:02.750000,-12.172734
1788739202781250000,2026-09-06T19:00:02.781250,-12.100170
1788739202812500000,2026-09-06T19:00:02.812500,-11.846193
1788739202843750000,2026-09-06T19:00:02.843750,-11.791770
1788739202875000000,2026-09-06T19:00:02.875000,-11.555934
1788739202906250000,2026-09-06T19:00:02.906250,-11.265675
1788739202937500000,2026-09-06T19:00:02.937500,-10.848428
1788739202968750000,2026-09-06T19:00:02.968750,-10.195345
1788739203000000000,2026-09-06T19:00:03,-9.632969
1788739203031250000,2026-09-06T19:00:03.031250,-8.998027
1788739203062500000,2026-09-06T19:00:03.062500,-8.508215
1788739203093750000,2026-09-06T19:00:03.093750,-8.072827
1788739203125000000,2026-09-06T19:00:03.125000,-7.945839
1788739203156250000,2026-09-06T19:00:03.156250,-7.583015
1788739203187500000,2026-09-06T19:00:03.187500,-7.093203
1788739203218750000,2026-09-06T19:00:03.218750,-6.675956
1788739203250000000,2026-09-06T19:00:03.250000,-5.914026
1788739203281250000,2026-09-06T19:00:03.281250,-5.079532
1788739203312500000,2026-09-06T19:00:03.312500,-4.317602
1788739203343750000,2026-09-06T19:00:03.343750,-3.791507
1788739203375000000,2026-09-06T19:00:03.375000,-3.229131
1788739203406250000,2026-09-06T19:00:03.406250,-2.811884
1788739203437500000,2026-09-06T19:00:03.437500,-2.303930
1788739203468750000,2026-09-06T19:00:03.468750,-1.741554
1788739203500000000,2026-09-06T19:00:03.500000,-1.306165
1788739203531250000,2026-09-06T19:00:03.531250,-0.761930
1788739203562500000,2026-09-06T19:00:03.562500,-0.253977
1788739203593750000,2026-09-06T19:00:03.593750,0.489812
1788739203625000000,2026-09-06T19:00:03.625000,1.034047
1788739203656250000,2026-09-06T19:00:03.656250,2.013671
1788739203687500000,2026-09-06T19:00:03.687500,2.775601
1788739203718750000,2026-09-06T19:00:03.718750,3.483107
1788739203750000000,2026-09-06T19:00:03.750000,4.390167
1788739203781250000,2026-09-06T19:00:03.781250,5.043249
1788739203812500000,2026-09-06T19:00:03.812500,5.641908
1788739203843750000,2026-09-06T19:00:03.843750,6.204285
1788739203875000000,2026-09-06T19:00:03.875000,6.694097
1788739203906250000,2026-09-06T19:00:03.906250,6.712238
1788739203937500000,2026-09-06T19:00:03.937500,7.401603
1788739203968750000,2026-09-06T19:00:03.968750,7.619297
1788739204000000000,2026-09-06T19:00:04,8.308662
1788739204031250000,2026-09-06T19:00:04.031250,8.798474
1788739204062500000,2026-09-06T19:00:04.062500,9.632969
1788739204093750000,2026-09-06T19:00:04.093750,9.741816
1788739204125000000,2026-09-06T19:00:04.125000,10.213487
1788739204156250000,2026-09-06T19:00:04.156250,10.340475
1788739204187500000,2026-09-06T19:00:04.187500,10.540028
1788739204218750000,2026-09-06T19:00:04.218750,10.667016
1788739204250000000,2026-09-06T19:00:04.250000,11.265675
1788739204281250000,2026-09-06T19:00:04.281250,11.574075
1788739204312500000,2026-09-06T19:00:04.312500,11.701064
1788739204343750000,2026-09-06T19:00:04.343750,12.027605
1788739204375000000,2026-09-06T19:00:04.375000,12.045746
1788739204406250000,2026-09-06T19:00:04.406250,12.154593
1788739204437500000,2026-09-06T19:00:04.437500,12.154593
1788739204468750000,2026-09-06T19:00:04.468750,12.154593
1788739204500000000,2026-09-06T19:00:04.500000,12.281582
1788739204531250000,2026-09-06T19:00:04.531250,12.535558
1788739204562500000,2026-09-06T19:00:04.562500,12.462993
1788739204593750000,2026-09-06T19:00:04.593750,12.444852
1788739204625000000,2026-09-06T19:00:04.625000,12.571841
1788739204656250000,2026-09-06T19:00:04.656250,12.698829
1788739204687500000,2026-09-06T19:00:04.687500,12.771394
1788739204718750000,2026-09-06T19:00:04.718750,13.043511
1788739204750000000,2026-09-06T19:00:04.750000,13.279347
1788739204781250000,2026-09-06T19:00:04.781250,13.388194
1788739204812500000,2026-09-06T19:00:04.812500,13.134217
1788739204843750000,2026-09-06T19:00:04.843750,13.134217
1788739204875000000,2026-09-06T19:00:04.875000,13.061652
1788739204906250000,2026-09-06T19:00:04.906250,13.243064
1788739204937500000,2026-09-06T19:00:04.937500,13.406335
1788739204968750000,2026-09-06T19:00:04.968750,13.515182
1788739205000000000,2026-09-06T19:00:05,13.315629
1788739205031250000,2026-09-06T19:00:05.031250,13.297488
1788739205062500000,2026-09-06T19:00:05.062500,13.424476
1788739205093750000,2026-09-06T19:00:05.093750,13.061652
1788739205125000000,2026-09-06T19:00:05.125000,13.297488
1788739205156250000,2026-09-06T19:00:05.156250,13.533323
1788739205187500000,2026-09-06T19:00:05.187500,13.569606
1788739205218750000,2026-09-06T19:00:05.218750,12.970947
1788739205250000000,2026-09-06T19:00:05.250000,13.279347
1788739205281250000,2026-09-06T19:00:05.281250,13.243064
1788739205312500000,2026-09-06T19:00:05.312500,13.116076
1788739205343750000,2026-09-06T19:00:05.343750,13.188641
1788739205375000000,2026-09-06T19:00:05.375000,13.388194
1788739205406250000,2026-09-06T19:00:05.406250,13.134217
1788739205437500000,2026-09-06T19:00:05.437500,12.825817
1788739205468750000,2026-09-06T19:00:05.468750,12.735111
1788739205500000000,2026-09-06T19:00:05.500000,12.444852
1788739205531250000,2026-09-06T19:00:05.531250,12.390429
1788739205562500000,2026-09-06T19:00:05.562500,12.408570
1788739205593750000,2026-09-06T19:00:05.593750,12.354146
1788739205625000000,2026-09-06T19:00:05.625000,12.390429
1788739205656250000,2026-09-06T19:00:05.656250,12.154593
1788739205687500000,2026-09-06T19:00:05.687500,11.791770
1788739205718750000,2026-09-06T19:00:05.718750,11.374522
1788739205750000000,2026-09-06T19:00:05.750000,11.102405
1788739205781250000,2026-09-06T19:00:05.781250,10.503746
1788739205812500000,2026-09-06T19:00:05.812500,10.340475
1788739205843750000,2026-09-06T19:00:05.843750,10.050216
1788739205875000000,2026-09-06T19:00:05.875000,9.850663
1788739205906250000,2026-09-06T19:00:05.906250,9.324569
1788739205937500000,2026-09-06T19:00:05.937500,9.161298
1788739205968750000,2026-09-06T19:00:05.968750,8.725910
1788739206000000000,2026-09-06T19:00:06,8.544498
1788739206031250000,2026-09-06T19:00:06.031250,8.072827
1788739206062500000,2026-09-06T19:00:06.062500,7.909556
1788739206093750000,2026-09-06T19:00:06.093750,7.546733
1788739206125000000,2026-09-06T19:00:06.125000,6.875509
1788739206156250000,2026-09-06T19:00:06.156250,6.403838
1788739206187500000,2026-09-06T19:00:06.187500,5.986591
1788782400093750000,2026-09-07T07:00:00.093750,-2.730248
1788782400125000000,2026-09-07T07:00:00.125000,-3.546601
1788782400156250000,2026-09-07T07:00:00.156250,-4.217825
1788782400187500000,2026-09-07T07:00:00.187500,-4.689496
1788782400218750000,2026-09-07T07:00:00.218750,-4.997896
1788782400250000000,2026-09-07T07:00:00.250000,-5.632838
1788782400281250000,2026-09-07T07:00:00.281250,-6.122650
1788782400312500000,2026-09-07T07:00:00.312500,-6.703167
1788782400343750000,2026-09-07T07:00:00.343750,-7.156697
1788782400375000000,2026-09-07T07:00:00.375000,-7.755356
1788782400406250000,2026-09-07T07:00:00.406250,-8.734980
1788782400437500000,2026-09-07T07:00:00.437500,-9.242933
1788782400468750000,2026-09-07T07:00:00.468750,-9.315498
1788782400500000000,2026-09-07T07:00:00.500000,-9.823451
1788782400531250000,2026-09-07T07:00:00.531250,-10.313263
1788782400562500000,2026-09-07T07:00:00.562500,-10.276981
1788782400593750000,2026-09-07T07:00:00.593750,-10.549098
1788782400625000000,2026-09-07T07:00:00.625000,-11.111475
1788782400656250000,2026-09-07T07:00:00.656250,-11.383593
1788782400687500000,2026-09-07T07:00:00.687500,-11.456158
1788782400718750000,2026-09-07T07:00:00.718750,-11.764558
1788782400750000000,2026-09-07T07:00:00.750000,-12.326935
1788782400781250000,2026-09-07T07:00:00.781250,-12.762323
1788782400812500000,2026-09-07T07:00:00.812500,-13.070723
1788782400843750000,2026-09-07T07:00:00.843750,-13.342841
1788782400875000000,2026-09-07T07:00:00.875000,-13.270276
1788782400906250000,2026-09-07T07:00:00.906250,-13.034441
1788782400937500000,2026-09-07T07:00:00.937500,-12.889311
1788782400968750000,2026-09-07T07:00:00.968750,-12.798605
1788782401000000000,2026-09-07T07:00:01,-12.490205
1788782401031250000,2026-09-07T07:00:01.031250,-12.653476
1788782401062500000,2026-09-07T07:00:01.062500,-12.907452
1788782401093750000,2026-09-07T07:00:01.093750,-12.871170
1788782401125000000,2026-09-07T07:00:01.125000,-12.762323
1788782401156250000,2026-09-07T07:00:01.156250,-12.943735
1788782401187500000,2026-09-07T07:00:01.187500,-12.707899
1788782401218750000,2026-09-07T07:00:01.218750,-12.345076
1788782401250000000,2026-09-07T07:00:01.250000,-12.236229
1788782401281250000,2026-09-07T07:00:01.281250,-12.218087
1788782401312500000,2026-09-07T07:00:01.312500,-11.800840
1788782401343750000,2026-09-07T07:00:01.343750,-11.528722
1788782401375000000,2026-09-07T07:00:01.375000,-11.238463
1788782401406250000,2026-09-07T07:00:01.406250,-10.549098
1788782401437500000,2026-09-07T07:00:01.437500,-9.986722
1788782401468750000,2026-09-07T07:00:01.468750,-9.950439
1788782401500000000,2026-09-07T07:00:01.500000,-9.696463
1788782401531250000,2026-09-07T07:00:01.531250,-9.152227
1788782401562500000,2026-09-07T07:00:01.562500,-8.662415
1788782401593750000,2026-09-07T07:00:01.593750,-8.390298
1788782401625000000,2026-09-07T07:00:01.625000,-7.573944
1788782401656250000,2026-09-07T07:00:01.656250,-7.084132
1788782401687500000,2026-09-07T07:00:01.687500,-6.648744
1788782401718750000,2026-09-07T07:00:01.718750,-6.267779
1788782401750000000,2026-09-07T07:00:01.750000,-5.669120
1788782401781250000,2026-09-07T07:00:01.781250,-5.542132
1788782401812500000,2026-09-07T07:00:01.812500,-4.762061
1788782401843750000,2026-09-07T07:00:01.843750,-4.362955
1788782401875000000,2026-09-07T07:00:01.875000,-3.981990
1788782401906250000,2026-09-07T07:00:01.906250,-3.510319
1788782401937500000,2026-09-07T07:00:01.937500,-2.585119
1788782401968750000,2026-09-07T07:00:01.968750,-2.059024
1788782402000000000,2026-09-07T07:00:02,-1.260812
1788782402031250000,2026-09-07T07:00:02.031250,-0.771000
1788782402062500000,2026-09-07T07:00:02.062500,-0.027212
1788782402093750000,2026-09-07T07:00:02.093750,0.408177
1788782402125000000,2026-09-07T07:00:02.125000,1.006836
1788782402156250000,2026-09-07T07:00:02.156250,1.750624
1788782402187500000,2026-09-07T07:00:02.187500,2.439989
1788782402218750000,2026-09-07T07:00:02.218750,3.201919
1788782402250000000,2026-09-07T07:00:02.250000,3.836860
1788782402281250000,2026-09-07T07:00:02.281250,4.344814
1788782402312500000,2026-09-07T07:00:02.312500,4.798343
1788782402343750000,2026-09-07T07:00:02.343750,5.378861
1788782402375000000,2026-09-07T07:00:02.375000,5.705402
1788782402406250000,2026-09-07T07:00:02.406250,6.140791
1788782402437500000,2026-09-07T07:00:02.437500,6.521756
1788782402468750000,2026-09-07T07:00:02.468750,6.993426
1788782402500000000,2026-09-07T07:00:02.500000,7.374391
1788782402531250000,2026-09-07T07:00:02.531250,8.118180
1788782402562500000,2026-09-07T07:00:02.562500,8.535427
1788782402593750000,2026-09-07T07:00:02.593750,9.242933
1788782402625000000,2026-09-07T07:00:02.625000,9.351780
1788782402656250000,2026-09-07T07:00:02.656250,9.732745
1788782402687500000,2026-09-07T07:00:02.687500,9.841592
1788782402718750000,2026-09-07T07:00:02.718750,10.458393
1788782402750000000,2026-09-07T07:00:02.750000,10.821216
1788782402781250000,2026-09-07T07:00:02.781250,11.038910
1788782402812500000,2026-09-07T07:00:02.812500,11.528722
1788782402843750000,2026-09-07T07:00:02.843750,11.746417
1788782402875000000,2026-09-07T07:00:02.875000,11.855264
1788782402906250000,2026-09-07T07:00:02.906250,12.000393
1788782402937500000,2026-09-07T07:00:02.937500,12.453923
1788782402968750000,2026-09-07T07:00:02.968750,12.707899
1788782403000000000,2026-09-07T07:00:03,12.853029
1788782403031250000,2026-09-07T07:00:03.031250,12.961876
1788782403062500000,2026-09-07T07:00:03.062500,13.088864
1788782403093750000,2026-09-07T07:00:03.093750,13.306558
1788782403125000000,2026-09-07T07:00:03.125000,12.961876
1788782403156250000,2026-09-07T07:00:03.156250,13.179570
1788782403187500000,2026-09-07T07:00:03.187500,13.233994
1788782403218750000,2026-09-07T07:00:03.218750,13.252135
1788782403250000000,2026-09-07T07:00:03.250000,13.070723
1788782403281250000,2026-09-07T07:00:03.281250,13.633100
1788782403312500000,2026-09-07T07:00:03.312500,13.578676
1788782403343750000,2026-09-07T07:00:03.343750,13.723806
1788782403375000000,2026-09-07T07:00:03.375000,13.687523
1788782403406250000,2026-09-07T07:00:03.406250,14.014065
1788782403437500000,2026-09-07T07:00:03.437500,13.741947
1788782403468750000,2026-09-07T07:00:03.468750,13.669382
1788782403500000000,2026-09-07T07:00:03.500000,13.705665
1788782403531250000,2026-09-07T07:00:03.531250,13.705665
1788782403562500000,2026-09-07T07:00:03.562500,13.379123
1788782403593750000,2026-09-07T07:00:03.593750,13.306558
1788782403625000000,2026-09-07T07:00:03.625000,13.324700
1788782403656250000,2026-09-07T07:00:03.656250,13.324700
1788782403687500000,2026-09-07T07:00:03.687500,13.197711
1788782403718750000,2026-09-07T07:00:03.718750,13.433547
1788782403750000000,2026-09-07T07:00:03.750000,13.596817
1788782403781250000,2026-09-07T07:00:03.781250,13.705665
1788782403812500000,2026-09-07T07:00:03.812500,13.342841
1788782403843750000,2026-09-07T07:00:03.843750,13.397264
1788782403875000000,2026-09-07T07:00:03.875000,13.197711
1788782403906250000,2026-09-07T07:00:03.906250,13.107005
1788782403937500000,2026-09-07T07:00:03.937500,12.943735
1788782403968750000,2026-09-07T07:00:03.968750,12.853029
1788782404000000000,2026-09-07T07:00:04,12.635335
1788782404031250000,2026-09-07T07:00:04.031250,12.490205
1788782404062500000,2026-09-07T07:00:04.062500,12.236229
1788782404093750000,2026-09-07T07:00:04.093750,12.000393
1788782404125000000,2026-09-07T07:00:04.125000,12.163664
1788782404156250000,2026-09-07T07:00:04.156250,12.054817
1788782404187500000,2026-09-07T07:00:04.187500,11.982252
1788782404218750000,2026-09-07T07:00:04.218750,11.800840
1788782404250000000,2026-09-07T07:00:04.250000,11.927828
1788782404281250000,2026-09-07T07:00:04.281250,11.764558
1788782404312500000,2026-09-07T07:00:04.312500,11.782699
1788782404343750000,2026-09-07T07:00:04.343750,11.655711
1788782404375000000,2026-09-07T07:00:04.375000,11.419875
1788782404406250000,2026-09-07T07:00:04.406250,10.893781
1788782404437500000,2026-09-07T07:00:04.437500,10.639804
1788782404468750000,2026-09-07T07:00:04.468750,10.149992
1788782404500000000,2026-09-07T07:00:04.500000,9.732745
1788782404531250000,2026-09-07T07:00:04.531250,9.533192
1788782404562500000,2026-09-07T07:00:04.562500,9.206651
1788782404593750000,2026-09-07T07:00:04.593750,8.898251
1788782404625000000,2026-09-07T07:00:04.625000,8.644274
1788782404656250000,2026-09-07T07:00:04.656250,8.408439
1788782404687500000,2026-09-07T07:00:04.687500,8.390298
1788782404718750000,2026-09-07T07:00:04.718750,8.136321
1788782404750000000,2026-09-07T07:00:04.750000,7.519521
1788782404781250000,2026-09-07T07:00:04.781250,7.156697
1788782404812500000,2026-09-07T07:00:04.812500,6.376626
1788782404843750000,2026-09-07T07:00:04.843750,5.578414
1788782404875000000,2026-09-07T07:00:04.875000,4.943473
1788782404906250000,2026-09-07T07:00:04.906250,4.217825
1788782404937500000,2026-09-07T07:00:04.937500,3.564743
1788782404968750000,2026-09-07T07:00:04.968750,3.347048
1788782405000000000,2026-09-07T07:00:05,2.766531
1788782405031250000,2026-09-07T07:00:05.031250,2.276719
1788782405062500000,2026-09-07T07:00:05.062500,1.950177
1788782405093750000,2026-09-07T07:00:05.093750,1.387801
1788782405125000000,2026-09-07T07:00:05.125000,0.771000
1788782405156250000,2026-09-07T07:00:05.156250,0.009071
1788782405187500000,2026-09-07T07:00:05.187500,-0.734718
1788782405218750000,2026-09-07T07:00:05.218750,-1.188248
1788782405250000000,2026-09-07T07:00:05.250000,-2.131589
1788782405281250000,2026-09-07T07:00:05.281250,-2.911660
1788782405312500000,2026-09-07T07:00:05.312500,-3.455896
1788782405343750000,2026-09-07T07:00:05.343750,-3.945708
1788782405375000000,2026-09-07T07:00:05.375000,-4.616931
1788782405406250000,2026-09-07T07:00:05.406250,-5.124884
1788782405437500000,2026-09-07T07:00:05.437500,-5.560273
1788782405468750000,2026-09-07T07:00:05.468750,-6.031944
1788782405500000000,2026-09-07T07:00:05.500000,-6.503614
1788782405531250000,2026-09-07T07:00:05.531250,-7.029709
1788782405562500000,2026-09-07T07:00:05.562500,-7.555803
1788782405593750000,2026-09-07T07:00:05.593750,-8.045615
1788782405625000000,2026-09-07T07:00:05.625000,-8.499145
1788782405656250000,2026-09-07T07:00:05.656250,-8.970815
1788782405687500000,2026-09-07T07:00:05.687500,-9.605757
1788782405718750000,2026-09-07T07:00:05.718750,-9.696463
1788782405750000000,2026-09-07T07:00:05.750000,-10.349545
1788782405781250000,2026-09-07T07:00:05.781250,-10.839357
1788782405812500000,2026-09-07T07:00:05.812500,-11.220322
1788782405843750000,2026-09-07T07:00:05.843750,-11.492440
1788782405875000000,2026-09-07T07:00:05.875000,-12.054817
1788782405906250000,2026-09-07T07:00:05.906250,-12.163664
1788782405937500000,2026-09-07T07:00:05.937500,-12.345076
1788782405968750000,2026-09-07T07:00:05.968750,-12.889311
1788782406000000000,2026-09-07T07:00:06,-13.161429
1788782406031250000,2026-09-07T07:00:06.031250,-13.560535
1788782406062500000,2026-09-07T07:00:06.062500,-13.778229
1788782406093750000,2026-09-07T07:00:06.093750,-14.014065
1788782406125000000,2026-09-07T07:00:06.125000,-13.868935
1788782406156250000,2026-09-07T07:00:06.156250,-13.887076
1788782406187500000,2026-09-07T07:00:06.187500,-13.088864
1788825600093750000,2026-09-07T19:00:00.093750,0.000000
1788825600125000000,2026-09-07T19:00:00.125000,0.798212
1788825600156250000,2026-09-07T19:00:00.156250,1.505718
1788825600187500000,2026-09-07T19:00:00.187500,2.158801
1788825600218750000,2026-09-07T19:00:00.218750,2.684895
1788825600250000000,2026-09-07T19:00:00.250000,3.120284
1788825600281250000,2026-09-07T19:00:00.281250,3.519390
1788825600312500000,2026-09-07T19:00:00.312500,4.172472
1788825600343750000,2026-09-07T19:00:00.343750,4.444590
1788825600375000000,2026-09-07T19:00:00.375000,5.025108
1788825600406250000,2026-09-07T19:00:00.406250,5.587485
1788825600437500000,2026-09-07T19:00:00.437500,6.440120
1788825600468750000,2026-09-07T19:00:00.468750,6.893650
1788825600500000000,2026-09-07T19:00:00.500000,7.619297
1788825600531250000,2026-09-07T19:00:00.531250,8.236098
1788825600562500000,2026-09-07T19:00:00.562500,8.780333
1788825600593750000,2026-09-07T19:00:00.593750,9.197580
1788825600625000000,2026-09-07T19:00:00.625000,9.687392
1788825600656250000,2026-09-07T19:00:00.656250,9.977651
1788825600687500000,2026-09-07T19:00:00.687500,10.249769
1788825600718750000,2026-09-07T19:00:00.718750,10.794004
1788825600750000000,2026-09-07T19:00:00.750000,10.993558
1788825600781250000,2026-09-07T19:00:00.781250,11.283816
1788825600812500000,2026-09-07T19:00:00.812500,11.428946
1788825600843750000,2026-09-07T19:00:00.843750,11.791770
1788825600875000000,2026-09-07T19:00:00.875000,11.991323
1788825600906250000,2026-09-07T19:00:00.906250,12.136452
1788825600937500000,2026-09-07T19:00:00.937500,12.535558
1788825600968750000,2026-09-07T19:00:00.968750,13.043511
1788825601000000000,2026-09-07T19:00:01,13.097935
1788825601031250000,2026-09-07T19:00:01.031250,13.442617
1788825601062500000,2026-09-07T19:00:01.062500,13.533323
1788825601093750000,2026-09-07T19:00:01.093750,13.569606
1788825601125000000,2026-09-07T19:00:01.125000,13.388194
1788825601156250000,2026-09-07T19:00:01.156250,13.769159
1788825601187500000,2026-09-07T19:00:01.187500,13.497041
1788825601218750000,2026-09-07T19:00:01.218750,13.605888
1788825601250000000,2026-09-07T19:00:01.250000,13.460759
1788825601281250000,2026-09-07T19:00:01.281250,13.787300
1788825601312500000,2026-09-07T19:00:01.312500,13.624029
1788825601343750000,2026-09-07T19:00:01.343750,13.515182
1788825601375000000,2026-09-07T19:00:01.375000,13.497041
1788825601406250000,2026-09-07T19:00:01.406250,13.333770
1788825601437500000,2026-09-07T19:00:01.437500,13.134217
1788825601468750000,2026-09-07T19:00:01.468750,13.152358
1788825601500000000,2026-09-07T19:00:01.500000,12.970947
1788825601531250000,2026-09-07T19:00:01.531250,13.007229
1788825601562500000,2026-09-07T19:00:01.562500,13.116076
1788825601593750000,2026-09-07T19:00:01.593750,13.097935
1788825601625000000,2026-09-07T19:00:01.625000,13.333770
1788825601656250000,2026-09-07T19:00:01.656250,13.424476
1788825601687500000,2026-09-07T19:00:01.687500,13.351911
1788825601718750000,2026-09-07T19:00:01.718750,13.279347
1788825601750000000,2026-09-07T19:00:01.750000,13.188641
1788825601781250000,2026-09-07T19:00:01.781250,12.753252
1788825601812500000,2026-09-07T19:00:01.812500,12.735111
1788825601843750000,2026-09-07T19:00:01.843750,12.970947
1788825601875000000,2026-09-07T19:00:01.875000,12.807676
1788825601906250000,2026-09-07T19:00:01.906250,12.698829
1788825601937500000,2026-09-07T19:00:01.937500,12.517417
1788825601968750000,2026-09-07T19:00:01.968750,12.517417
1788825602000000000,2026-09-07T19:00:02,12.172734
1788825602031250000,2026-09-07T19:00:02.031250,12.245299
1788825602062500000,2026-09-07T19:00:02.062500,12.462993
1788825602093750000,2026-09-07T19:00:02.093750,12.499276
1788825602125000000,2026-09-07T19:00:02.125000,12.009464
1788825602156250000,2026-09-07T19:00:02.156250,12.045746
1788825602187500000,2026-09-07T19:00:02.187500,11.918758
1788825602218750000,2026-09-07T19:00:02.218750,11.592217
1788825602250000000,2026-09-07T19:00:02.250000,11.501511
1788825602281250000,2026-09-07T19:00:02.281250,11.737346
1788825602312500000,2026-09-07T19:00:02.312500,11.483369
1788825602343750000,2026-09-07T19:00:02.343750,11.320099
1788825602375000000,2026-09-07T19:00:02.375000,11.084263
1788825602406250000,2026-09-07T19:00:02.406250,10.703299
1788825602437500000,2026-09-07T19:00:02.437500,10.467463
1788825602468750000,2026-09-07T19:00:02.468750,10.050216
1788825602500000000,2026-09-07T19:00:02.500000,9.741816
1788825602531250000,2026-09-07T19:00:02.531250,9.524122
1788825602562500000,2026-09-07T19:00:02.562500,9.143157
1788825602593750000,2026-09-07T19:00:02.593750,8.381227
1788825602625000000,2026-09-07T19:00:02.625000,8.072827
1788825602656250000,2026-09-07T19:00:02.656250,7.383462
1788825602687500000,2026-09-07T19:00:02.687500,6.712238
1788825602718750000,2026-09-07T19:00:02.718750,6.421979
1788825602750000000,2026-09-07T19:00:02.750000,6.059155
1788825602781250000,2026-09-07T19:00:02.781250,5.696332
1788825602812500000,2026-09-07T19:00:02.812500,5.333508
1788825602843750000,2026-09-07T19:00:02.843750,4.861837
1788825602875000000,2026-09-07T19:00:02.875000,4.063625
1788825602906250000,2026-09-07T19:00:02.906250,3.737084
1788825602937500000,2026-09-07T19:00:02.937500,2.811884
1788825602968750000,2026-09-07T19:00:02.968750,2.340213
1788825603000000000,2026-09-07T19:00:03,1.741554
1788825603031250000,2026-09-07T19:00:03.031250,0.961483
1788825603062500000,2026-09-07T19:00:03.062500,0.235835
1788825603093750000,2026-09-07T19:00:03.093750,-0.326541
1788825603125000000,2026-09-07T19:00:03.125000,-1.215459
1788825603156250000,2026-09-07T19:00:03.156250,-1.977389
1788825603187500000,2026-09-07T19:00:03.187500,-2.322072
1788825603218750000,2026-09-07T19:00:03.218750,-3.138425
1788825603250000000,2026-09-07T19:00:03.250000,-3.682660
1788825603281250000,2026-09-07T19:00:03.281250,-4.118049
1788825603312500000,2026-09-07T19:00:03.312500,-4.589720
1788825603343750000,2026-09-07T19:00:03.343750,-5.351649
1788825603375000000,2026-09-07T19:00:03.375000,-5.968450
1788825603406250000,2026-09-07T19:00:03.406250,-6.784803
1788825603437500000,2026-09-07T19:00:03.437500,-7.437885
1788825603468750000,2026-09-07T19:00:03.468750,-8.163533
1788825603500000000,2026-09-07T19:00:03.500000,-8.852898
1788825603531250000,2026-09-07T19:00:03.531250,-9.270145
1788825603562500000,2026-09-07T19:00:03.562500,-9.378992
1788825603593750000,2026-09-07T19:00:03.593750,-9.941369
1788825603625000000,2026-09-07T19:00:03.625000,-10.249769
1788825603656250000,2026-09-07T19:00:03.656250,-10.231628
1788825603687500000,2026-09-07T19:00:03.687500,-10.576310
1788825603718750000,2026-09-07T19:00:03.718750,-11.156828
1788825603750000000,2026-09-07T19:00:03.750000,-11.846193
1788825603781250000,2026-09-07T19:00:03.781250,-12.263440
1788825603812500000,2026-09-07T19:00:03.812500,-12.898382
1788825603843750000,2026-09-07T19:00:03.843750,-13.079794
1788825603875000000,2026-09-07T19:00:03.875000,-13.079794
1788825603906250000,2026-09-07T19:00:03.906250,-12.952805
1788825603937500000,2026-09-07T19:00:03.937500,-13.025370
1788825603968750000,2026-09-07T19:00:03.968750,-13.206782
1788825604000000000,2026-09-07T19:00:04,-13.388194
1788825604031250000,2026-09-07T19:00:04.031250,-13.787300
1788825604062500000,2026-09-07T19:00:04.062500,-13.769159
1788825604093750000,2026-09-07T19:00:04.093750,-13.569606
1788825604125000000,2026-09-07T19:00:04.125000,-13.460759
1788825604156250000,2026-09-07T19:00:04.156250,-13.370053
1788825604187500000,2026-09-07T19:00:04.187500,-13.243064
1788825604218750000,2026-09-07T19:00:04.218750,-13.116076
1788825604250000000,2026-09-07T19:00:04.250000,-13.152358
1788825604281250000,2026-09-07T19:00:04.281250,-12.771394
1788825604312500000,2026-09-07T19:00:04.312500,-12.499276
1788825604343750000,2026-09-07T19:00:04.343750,-11.955040
1788825604375000000,2026-09-07T19:00:04.375000,-11.701064
1788825604406250000,2026-09-07T19:00:04.406250,-11.537793
1788825604437500000,2026-09-07T19:00:04.437500,-11.501511
1788825604468750000,2026-09-07T19:00:04.468750,-11.174969
1788825604500000000,2026-09-07T19:00:04.500000,-10.993558
1788825604531250000,2026-09-07T19:00:04.531250,-10.739581
1788825604562500000,2026-09-07T19:00:04.562500,-10.267910
1788825604593750000,2026-09-07T19:00:04.593750,-9.705533
1788825604625000000,2026-09-07T19:00:04.625000,-9.433416
1788825604656250000,2026-09-07T19:00:04.656250,-9.016168
1788825604687500000,2026-09-07T19:00:04.687500,-8.526356
1788825604718750000,2026-09-07T19:00:04.718750,-8.090968
1788825604750000000,2026-09-07T19:00:04.750000,-7.310897
1788825604781250000,2026-09-07T19:00:04.781250,-6.712238
1788825604812500000,2026-09-07T19:00:04.812500,-6.186144
1788825604843750000,2026-09-07T19:00:04.843750,-5.424214
1788825604875000000,2026-09-07T19:00:04.875000,-4.716708
1788825604906250000,2026-09-07T19:00:04.906250,-4.190614
1788825604937500000,2026-09-07T19:00:04.937500,-3.591954
1788825604968750000,2026-09-07T19:00:04.968750,-2.902589
1788825605000000000,2026-09-07T19:00:05,-2.376495
1788825605031250000,2026-09-07T19:00:05.031250,-1.959248
1788825605062500000,2026-09-07T19:00:05.062500,-1.922966
1788825605093750000,2026-09-07T19:00:05.093750,-1.106612
1788825605125000000,2026-09-07T19:00:05.125000,-0.290259
1788825605156250000,2026-09-07T19:00:05.156250,0.417247
1788825605187500000,2026-09-07T19:00:05.187500,1.288024
1788825605218750000,2026-09-07T19:00:05.218750,2.412777
1788825605250000000,2026-09-07T19:00:05.250000,2.612330
1788825605281250000,2026-09-07T19:00:05.281250,3.029578
1788825605312500000,2026-09-07T19:00:05.312500,3.555672
1788825605343750000,2026-09-07T19:00:05.343750,4.136190
1788825605375000000,2026-09-07T19:00:05.375000,4.716708
1788825605406250000,2026-09-07T19:00:05.406250,5.533061
1788825605437500000,2026-09-07T19:00:05.437500,6.113579
1788825605468750000,2026-09-07T19:00:05.468750,6.675956
1788825605500000000,2026-09-07T19:00:05.500000,7.274615
1788825605531250000,2026-09-07T19:00:05.531250,7.474168
1788825605562500000,2026-09-07T19:00:05.562500,7.800709
1788825605593750000,2026-09-07T19:00:05.593750,8.145392
1788825605625000000,2026-09-07T19:00:05.625000,8.544498
1788825605656250000,2026-09-07T19:00:05.656250,8.762192
1788825605687500000,2026-09-07T19:00:05.687500,9.469698
1788825605718750000,2026-09-07T19:00:05.718750,9.941369
1788825605750000000,2026-09-07T19:00:05.750000,10.286051
1788825605781250000,2026-09-07T19:00:05.781250,10.667016
1788825605812500000,2026-09-07T19:00:05.812500,11.029840
1788825605843750000,2026-09-07T19:00:05.843750,11.120546
1788825605875000000,2026-09-07T19:00:05.875000,11.664781
1788825605906250000,2026-09-07T19:00:05.906250,12.009464
1788825605937500000,2026-09-07T19:00:05.937500,12.245299
1788825605968750000,2026-09-07T19:00:05.968750,12.481135
1788825606000000000,2026-09-07T19:00:06,12.807676
1788825606031250000,2026-09-07T19:00:06.031250,13.043511
1788825606062500000,2026-09-07T19:00:06.062500,13.170500
1788825606093750000,2026-09-07T19:00:06.093750,13.370053
1788825606125000000,2026-09-07T19:00:06.125000,13.624029
1788825606156250000,2026-09-07T19:00:06.156250,13.587747
1788825606187500000,2026-09-07T19:00:06.187500,13.351911
1788868800093750000,2026-09-08T07:00:00.093750,12.172734
1788868800125000000,2026-09-08T07:00:00.125000,12.136452
1788868800156250000,2026-09-08T07:00:00.156250,11.592217
1788868800187500000,2026-09-08T07:00:00.187500,11.156828
1788868800218750000,2026-09-08T07:00:00.218750,11.138687
1788868800250000000,2026-09-08T07:00:00.250000,10.667016
1788868800281250000,2026-09-08T07:00:00.281250,9.941369
1788868800312500000,2026-09-08T07:00:00.312500,9.886945
1788868800343750000,2026-09-08T07:00:00.343750,9.832522
1788868800375000000,2026-09-08T07:00:00.375000,9.324569
1788868800406250000,2026-09-08T07:00:00.406250,8.744051
1788868800437500000,2026-09-08T07:00:00.437500,8.562639
1788868800468750000,2026-09-08T07:00:00.468750,7.909556
1788868800500000000,2026-09-08T07:00:00.500000,7.256474
1788868800531250000,2026-09-08T07:00:00.531250,6.621532
1788868800562500000,2026-09-08T07:00:00.562500,6.458262
1788868800593750000,2026-09-08T07:00:00.593750,5.914026
1788868800625000000,2026-09-08T07:00:00.625000,5.787038
1788868800656250000,2026-09-08T07:00:00.656250,5.152096
1788868800687500000,2026-09-08T07:00:00.687500,4.571578
1788868800718750000,2026-09-08T07:00:00.718750,3.827790
1788868800750000000,2026-09-08T07:00:00.750000,3.610096
1788868800781250000,2026-09-08T07:00:00.781250,2.721178
1788868800812500000,2026-09-08T07:00:00.812500,2.358354
1788868800843750000,2026-09-08T07:00:00.843750,1.959248
1788868800875000000,2026-09-08T07:00:00.875000,1.487577
1788868800906250000,2026-09-08T07:00:00.906250,0.562377
1788868800937500000,2026-09-08T07:00:00.937500,0.253977
1788868800968750000,2026-09-08T07:00:00.968750,-0.526094
1788868801000000000,2026-09-08T07:00:01,-0.870777
1788868801031250000,2026-09-08T07:00:01.031250,-1.614565
1788868801062500000,2026-09-08T07:00:01.062500,-2.231366
1788868801093750000,2026-09-08T07:00:01.093750,-2.775601
1788868801125000000,2026-09-08T07:00:01.125000,-3.084001
1788868801156250000,2026-09-08T07:00:01.156250,-4.154331
1788868801187500000,2026-09-08T07:00:01.187500,-4.698567
1788868801218750000,2026-09-08T07:00:01.218750,-5.242802
1788868801250000000,2026-09-08T07:00:01.250000,-6.367556
1788868801281250000,2026-09-08T07:00:01.281250,-7.202050
1788868801312500000,2026-09-08T07:00:01.312500,-7.419744
1788868801343750000,2026-09-08T07:00:01.343750,-7.945839
1788868801375000000,2026-09-08T07:00:01.375000,-8.254239
1788868801406250000,2026-09-08T07:00:01.406250,-8.308662
1788868801437500000,2026-09-08T07:00:01.437500,-8.798474
1788868801468750000,2026-09-08T07:00:01.468750,-9.469698
1788868801500000000,2026-09-08T07:00:01.500000,-9.759957
1788868801531250000,2026-09-08T07:00:01.531250,-10.431181
1788868801562500000,2026-09-08T07:00:01.562500,-10.757722
1788868801593750000,2026-09-08T07:00:01.593750,-11.265675
1788868801625000000,2026-09-08T07:00:01.625000,-11.465228
1788868801656250000,2026-09-08T07:00:01.656250,-11.755487
1788868801687500000,2026-09-08T07:00:01.687500,-11.955040
1788868801718750000,2026-09-08T07:00:01.718750,-12.299723
1788868801750000000,2026-09-08T07:00:01.750000,-12.299723
1788868801781250000,2026-09-08T07:00:01.781250,-12.789535
1788868801812500000,2026-09-08T07:00:01.812500,-13.043511
1788868801843750000,2026-09-08T07:00:01.843750,-13.297488
1788868801875000000,2026-09-08T07:00:01.875000,-13.351911
1788868801906250000,2026-09-08T07:00:01.906250,-13.696594
1788868801937500000,2026-09-08T07:00:01.937500,-13.370053
1788868801968750000,2026-09-08T07:00:01.968750,-13.152358
1788868802000000000,2026-09-08T07:00:02,-13.351911
1788868802031250000,2026-09-08T07:00:02.031250,-13.406335
1788868802062500000,2026-09-08T07:00:02.062500,-13.097935
1788868802093750000,2026-09-08T07:00:02.093750,-13.279347
1788868802125000000,2026-09-08T07:00:02.125000,-13.351911
1788868802156250000,2026-09-08T07:00:02.156250,-12.934664
1788868802187500000,2026-09-08T07:00:02.187500,-12.753252
1788868802218750000,2026-09-08T07:00:02.218750,-12.535558
1788868802250000000,2026-09-08T07:00:02.250000,-12.354146
1788868802281250000,2026-09-08T07:00:02.281250,-12.082029
1788868802312500000,2026-09-08T07:00:02.312500,-11.900617
1788868802343750000,2026-09-08T07:00:02.343750,-11.701064
1788868802375000000,2026-09-08T07:00:02.375000,-11.283816
1788868802406250000,2026-09-08T07:00:02.406250,-10.757722
1788868802437500000,2026-09-08T07:00:02.437500,-10.630734
1788868802468750000,2026-09-08T07:00:02.468750,-10.249769
1788868802500000000,2026-09-08T07:00:02.500000,-9.959510
1788868802531250000,2026-09-08T07:00:02.531250,-9.578545
1788868802562500000,2026-09-08T07:00:02.562500,-9.233863
1788868802593750000,2026-09-08T07:00:02.593750,-8.816615
1788868802625000000,2026-09-08T07:00:02.625000,-8.471933
1788868802656250000,2026-09-08T07:00:02.656250,-7.963980
1788868802687500000,2026-09-08T07:00:02.687500,-7.401603
1788868802718750000,2026-09-08T07:00:02.718750,-6.911791
1788868802750000000,2026-09-08T07:00:02.750000,-6.440120
1788868802781250000,2026-09-08T07:00:02.781250,-5.732614
1788868802812500000,2026-09-08T07:00:02.812500,-5.188379
1788868802843750000,2026-09-08T07:00:02.843750,-4.952543
1788868802875000000,2026-09-08T07:00:02.875000,-4.372025
1788868802906250000,2026-09-08T07:00:02.906250,-3.646378
1788868802937500000,2026-09-08T07:00:02.937500,-2.975154
1788868802968750000,2026-09-08T07:00:02.968750,-2.158801
1788868803000000000,2026-09-08T07:00:03,-1.632707
1788868803031250000,2026-09-08T07:00:03.031250,-1.197318
1788868803062500000,2026-09-08T07:00:03.062500,-0.671224
1788868803093750000,2026-09-08T07:00:03.093750,-0.018141
1788868803125000000,2026-09-08T07:00:03.125000,0.453530
1788868803156250000,2026-09-08T07:00:03.156250,1.505718
1788868803187500000,2026-09-08T07:00:03.187500,2.267648
1788868803218750000,2026-09-08T07:00:03.218750,2.920731
1788868803250000000,2026-09-08T07:00:03.250000,3.446825
1788868803281250000,2026-09-08T07:00:03.281250,3.882213
1788868803312500000,2026-09-08T07:00:03.312500,4.480872
1788868803343750000,2026-09-08T07:00:03.343750,5.133955
1788868803375000000,2026-09-08T07:00:03.375000,5.732614
1788868803406250000,2026-09-08T07:00:03.406250,6.059155
1788868803437500000,2026-09-08T07:00:03.437500,6.766662
1788868803468750000,2026-09-08T07:00:03.468750,6.929932
1788868803500000000,2026-09-08T07:00:03.500000,7.564874
1788868803531250000,2026-09-08T07:00:03.531250,7.746286
1788868803562500000,2026-09-08T07:00:03.562500,8.435651
1788868803593750000,2026-09-08T07:00:03.593750,8.852898
1788868803625000000,2026-09-08T07:00:03.625000,9.125016
1788868803656250000,2026-09-08T07:00:03.656250,9.270145
1788868803687500000,2026-09-08T07:00:03.687500,9.995792
1788868803718750000,2026-09-08T07:00:03.718750,10.177204
1788868803750000000,2026-09-08T07:00:03.750000,10.594451
1788868803781250000,2026-09-08T07:00:03.781250,10.884710
1788868803812500000,2026-09-08T07:00:03.812500,11.283816
1788868803843750000,2026-09-08T07:00:03.843750,11.628499
1788868803875000000,2026-09-08T07:00:03.875000,11.936899
1788868803906250000,2026-09-08T07:00:03.906250,12.009464
1788868803937500000,2026-09-08T07:00:03.937500,12.227158
1788868803968750000,2026-09-08T07:00:03.968750,12.317864
1788868804000000000,2026-09-08T07:00:04,12.299723
1788868804031250000,2026-09-08T07:00:04.031250,12.354146
1788868804062500000,2026-09-08T07:00:04.062500,12.426711
1788868804093750000,2026-09-08T07:00:04.093750,12.753252
1788868804125000000,2026-09-08T07:00:04.125000,12.862099
1788868804156250000,2026-09-08T07:00:04.156250,12.807676
1788868804187500000,2026-09-08T07:00:04.187500,12.771394
1788868804218750000,2026-09-08T07:00:04.218750,13.079794
1788868804250000000,2026-09-08T07:00:04.250000,12.862099
1788868804281250000,2026-09-08T07:00:04.281250,12.862099
1788868804312500000,2026-09-08T07:00:04.312500,12.843958
1788868804343750000,2026-09-08T07:00:04.343750,13.243064
1788868804375000000,2026-09-08T07:00:04.375000,13.315629
1788868804406250000,2026-09-08T07:00:04.406250,13.406335
1788868804437500000,2026-09-08T07:00:04.437500,13.442617
1788868804468750000,2026-09-08T07:00:04.468750,13.660312
1788868804500000000,2026-09-08T07:00:04.500000,13.551464
1788868804531250000,2026-09-08T07:00:04.531250,13.243064
1788868804562500000,2026-09-08T07:00:04.562500,13.587747
1788868804593750000,2026-09-08T07:00:04.593750,13.515182
1788868804625000000,2026-09-08T07:00:04.625000,13.696594
1788868804656250000,2026-09-08T07:00:04.656250,13.424476
1788868804687500000,2026-09-08T07:00:04.687500,13.515182
1788868804718750000,2026-09-08T07:00:04.718750,13.351911
1788868804750000000,2026-09-08T07:00:04.750000,13.333770
1788868804781250000,2026-09-08T07:00:04.781250,12.916523
1788868804812500000,2026-09-08T07:00:04.812500,13.061652
1788868804843750000,2026-09-08T07:00:04.843750,12.898382
1788868804875000000,2026-09-08T07:00:04.875000,12.789535
1788868804906250000,2026-09-08T07:00:04.906250,12.753252
1788868804937500000,2026-09-08T07:00:04.937500,12.952805
1788868804968750000,2026-09-08T07:00:04.968750,13.079794
1788868805000000000,2026-09-08T07:00:05,13.224923
1788868805031250000,2026-09-08T07:00:05.031250,13.116076
1788868805062500000,2026-09-08T07:00:05.062500,12.970947
1788868805093750000,2026-09-08T07:00:05.093750,12.916523
1788868805125000000,2026-09-08T07:00:05.125000,12.662546
1788868805156250000,2026-09-08T07:00:05.156250,12.662546
1788868805187500000,2026-09-08T07:00:05.187500,12.662546
1788868805218750000,2026-09-08T07:00:05.218750,12.499276
1788868805250000000,2026-09-08T07:00:05.250000,12.245299
1788868805281250000,2026-09-08T07:00:05.281250,12.118311
1788868805312500000,2026-09-08T07:00:05.312500,11.719205
1788868805343750000,2026-09-08T07:00:05.343750,11.628499
1788868805375000000,2026-09-08T07:00:05.375000,11.392664
1788868805406250000,2026-09-08T07:00:05.406250,10.993558
1788868805437500000,2026-09-08T07:00:05.437500,10.576310
1788868805468750000,2026-09-08T07:00:05.468750,10.340475
1788868805500000000,2026-09-08T07:00:05.500000,9.778098
1788868805531250000,2026-09-08T07:00:05.531250,9.632969
1788868805562500000,2026-09-08T07:00:05.562500,9.306427
1788868805593750000,2026-09-08T07:00:05.593750,8.961745
1788868805625000000,2026-09-08T07:00:05.625000,8.326803
1788868805656250000,2026-09-08T07:00:05.656250,8.326803
1788868805687500000,2026-09-08T07:00:05.687500,7.583015
1788868805718750000,2026-09-08T07:00:05.718750,7.365321
1788868805750000000,2026-09-08T07:00:05.750000,7.111344
1788868805781250000,2026-09-08T07:00:05.781250,6.948073
1788868805812500000,2026-09-08T07:00:05.812500,5.986591
1788868805843750000,2026-09-08T07:00:05.843750,5.986591
1788868805875000000,2026-09-08T07:00:05.875000,5.351649
1788868805906250000,2026-09-08T07:00:05.906250,4.734849
1788868805937500000,2026-09-08T07:00:05.937500,4.263178
1788868805968750000,2026-09-08T07:00:05.968750,3.918496
1788868806000000000,2026-09-08T07:00:06,2.902589
1788868806031250000,2026-09-08T07:00:06.031250,2.340213
1788868806062500000,2026-09-08T07:00:06.062500,1.614565
1788868806093750000,2026-09-08T07:00:06.093750,0.852636
1788868806125000000,2026-09-08T07:00:06.125000,0.126988
1788868806156250000,2026-09-08T07:00:06.156250,-0.399106
1788868806187500000,2026-09-08T07:00:06.187500,-0.997765
1788912000093750000,2026-09-08T19:00:00.093750,11.728275
1788912000125000000,2026-09-08T19:00:00.125000,11.311028
1788912000156250000,2026-09-08T19:00:00.156250,11.057052
1788912000187500000,2026-09-08T19:00:00.187500,11.002628
1788912000218750000,2026-09-08T19:00:00.218750,10.530957
1788912000250000000,2026-09-08T19:00:00.250000,10.077428
1788912000281250000,2026-09-08T19:00:00.281250,10.023004
1788912000312500000,2026-09-08T19:00:00.312500,9.769028
1788912000343750000,2026-09-08T19:00:00.343750,9.152227
1788912000375000000,2026-09-08T19:00:00.375000,8.789404
1788912000406250000,2026-09-08T19:00:00.406250,8.426580
1788912000437500000,2026-09-08T19:00:00.437500,7.991192
1788912000468750000,2026-09-08T19:00:00.468750,7.682791
1788912000500000000,2026-09-08T19:00:00.500000,7.537662
1788912000531250000,2026-09-08T19:00:00.531250,7.374391
1788912000562500000,2026-09-08T19:00:00.562500,6.957144
1788912000593750000,2026-09-08T19:00:00.593750,6.576179
1788912000625000000,2026-09-08T19:00:00.625000,5.886814
1788912000656250000,2026-09-08T19:00:00.656250,5.415143
1788912000687500000,2026-09-08T19:00:00.687500,4.707637
1788912000718750000,2026-09-08T19:00:00.718750,4.235966
1788912000750000000,2026-09-08T19:00:00.750000,3.655449
1788912000781250000,2026-09-08T19:00:00.781250,3.129354
1788912000812500000,2026-09-08T19:00:00.812500,2.385566
1788912000843750000,2026-09-08T19:00:00.843750,1.805048
1788912000875000000,2026-09-08T19:00:00.875000,1.151965
1788912000906250000,2026-09-08T19:00:00.906250,0.263047
1788912000937500000,2026-09-08T19:00:00.937500,-0.353753
1788912000968750000,2026-09-08T19:00:00.968750,-0.752859
1788912001000000000,2026-09-08T19:00:01,-1.732483
1788912001031250000,2026-09-08T19:00:01.031250,-2.367425
1788912001062500000,2026-09-08T19:00:01.062500,-2.893519
1788912001093750000,2026-09-08T19:00:01.093750,-3.492178
1788912001125000000,2026-09-08T19:00:01.125000,-4.362955
1788912001156250000,2026-09-08T19:00:01.156250,-5.034179
1788912001187500000,2026-09-08T19:00:01.187500,-5.669120
1788912001218750000,2026-09-08T19:00:01.218750,-6.431050
1788912001250000000,2026-09-08T19:00:01.250000,-7.192979
1788912001281250000,2026-09-08T19:00:01.281250,-7.628368
1788912001312500000,2026-09-08T19:00:01.312500,-8.100039
1788912001343750000,2026-09-08T19:00:01.343750,-8.825686
1788912001375000000,2026-09-08T19:00:01.375000,-9.496910
1788912001406250000,2026-09-08T19:00:01.406250,-10.041145
1788912001437500000,2026-09-08T19:00:01.437500,-10.512816
1788912001468750000,2026-09-08T19:00:01.468750,-10.585381
1788912001500000000,2026-09-08T19:00:01.500000,-10.857499
1788912001531250000,2026-09-08T19:00:01.531250,-11.147758
1788912001562500000,2026-09-08T19:00:01.562500,-11.383593
1788912001593750000,2026-09-08T19:00:01.593750,-11.891546
1788912001625000000,2026-09-08T19:00:01.625000,-12.453923
1788912001656250000,2026-09-08T19:00:01.656250,-12.762323
1788912001687500000,2026-09-08T19:00:01.687500,-12.798605
1788912001718750000,2026-09-08T19:00:01.718750,-13.215853
1788912001750000000,2026-09-08T19:00:01.750000,-13.197711
1788912001781250000,2026-09-08T19:00:01.781250,-13.306558
1788912001812500000,2026-09-08T19:00:01.812500,-13.415406
1788912001843750000,2026-09-08T19:00:01.843750,-13.469829
1788912001875000000,2026-09-08T19:00:01.875000,-13.415406
1788912001906250000,2026-09-08T19:00:01.906250,-13.542394
1788912001937500000,2026-09-08T19:00:01.937500,-13.469829
1788912001968750000,2026-09-08T19:00:01.968750,-13.578676
1788912002000000000,2026-09-08T19:00:02,-13.887076
1788912002031250000,2026-09-08T19:00:02.031250,-13.723806
1788912002062500000,2026-09-08T19:00:02.062500,-13.596817
1788912002093750000,2026-09-08T19:00:02.093750,-13.596817
1788912002125000000,2026-09-08T19:00:02.125000,-13.415406
1788912002156250000,2026-09-08T19:00:02.156250,-13.088864
1788912002187500000,2026-09-08T19:00:02.187500,-12.961876
1788912002218750000,2026-09-08T19:00:02.218750,-12.762323
1788912002250000000,2026-09-08T19:00:02.250000,-12.326935
1788912002281250000,2026-09-08T19:00:02.281250,-11.964111
1788912002312500000,2026-09-08T19:00:02.312500,-11.710134
1788912002343750000,2026-09-08T19:00:02.343750,-11.383593
1788912002375000000,2026-09-08T19:00:02.375000,-11.057052
1788912002406250000,2026-09-08T19:00:02.406250,-10.784934
1788912002437500000,2026-09-08T19:00:02.437500,-10.149992
1788912002468750000,2026-09-08T19:00:02.468750,-9.769028
1788912002500000000,2026-09-08T19:00:02.500000,-9.442486
1788912002531250000,2026-09-08T19:00:02.531250,-9.061521
1788912002562500000,2026-09-08T19:00:02.562500,-8.626133
1788912002593750000,2026-09-08T19:00:02.593750,-8.372156
1788912002625000000,2026-09-08T19:00:02.625000,-7.737215
1788912002656250000,2026-09-08T19:00:02.656250,-6.848297
1788912002687500000,2026-09-08T19:00:02.687500,-6.340344
1788912002718750000,2026-09-08T19:00:02.718750,-5.741685
1788912002750000000,2026-09-08T19:00:02.750000,-5.270014
1788912002781250000,2026-09-08T19:00:02.781250,-4.798343
1788912002812500000,2026-09-08T19:00:02.812500,-4.526225
1788912002843750000,2026-09-08T19:00:02.843750,-3.655449
1788912002875000000,2026-09-08T19:00:02.875000,-3.038648
1788912002906250000,2026-09-08T19:00:02.906250,-2.240436
1788912002937500000,2026-09-08T19:00:02.937500,-1.532930
1788912002968750000,2026-09-08T19:00:02.968750,-0.825424
1788912003000000000,2026-09-08T19:00:03,-0.263047
1788912003031250000,2026-09-08T19:00:03.031250,0.263047
1788912003062500000,2026-09-08T19:00:03.062500,0.771000
1788912003093750000,2026-09-08T19:00:03.093750,1.605495
1788912003125000000,2026-09-08T19:00:03.125000,2.313001
1788912003156250000,2026-09-08T19:00:03.156250,2.730248
1788912003187500000,2026-09-08T19:00:03.187500,3.474037
1788912003218750000,2026-09-08T19:00:03.218750,4.018272
1788912003250000000,2026-09-08T19:00:03.250000,4.653214
1788912003281250000,2026-09-08T19:00:03.281250,5.197449
1788912003312500000,2026-09-08T19:00:03.312500,5.759826
1788912003343750000,2026-09-08T19:00:03.343750,6.285920
1788912003375000000,2026-09-08T19:00:03.375000,7.029709
1788912003406250000,2026-09-08T19:00:03.406250,7.174838
1788912003437500000,2026-09-08T19:00:03.437500,7.446956
1788912003468750000,2026-09-08T19:00:03.468750,7.936768
1788912003500000000,2026-09-08T19:00:03.500000,8.662415
1788912003531250000,2026-09-08T19:00:03.531250,8.916392
1788912003562500000,2026-09-08T19:00:03.562500,9.533192
1788912003593750000,2026-09-08T19:00:03.593750,10.204416
1788912003625000000,2026-09-08T19:00:03.625000,10.458393
1788912003656250000,2026-09-08T19:00:03.656250,10.603522
1788912003687500000,2026-09-08T19:00:03.687500,10.694228
1788912003718750000,2026-09-08T19:00:03.718750,10.621663
1788912003750000000,2026-09-08T19:00:03.750000,10.603522
1788912003781250000,2026-09-08T19:00:03.781250,10.567240
1788912003812500000,2026-09-08T19:00:03.812500,10.512816
1788912003843750000,2026-09-08T19:00:03.843750,11.111475
1788912003875000000,2026-09-08T19:00:03.875000,11.601287
1788912003906250000,2026-09-08T19:00:03.906250,11.837123
1788912003937500000,2026-09-08T19:00:03.937500,12.453923
1788912003968750000,2026-09-08T19:00:03.968750,12.635335
1788912004000000000,2026-09-08T19:00:04,12.580911
1788912004031250000,2026-09-08T19:00:04.031250,12.689758
1788912004062500000,2026-09-08T19:00:04.062500,12.871170
1788912004093750000,2026-09-08T19:00:04.093750,12.762323
1788912004125000000,2026-09-08T19:00:04.125000,12.998158
1788912004156250000,2026-09-08T19:00:04.156250,13.107005
1788912004187500000,2026-09-08T19:00:04.187500,13.306558
1788912004218750000,2026-09-08T19:00:04.218750,13.197711
1788912004250000000,2026-09-08T19:00:04.250000,13.252135
1788912004281250000,2026-09-08T19:00:04.281250,13.506111
1788912004312500000,2026-09-08T19:00:04.312500,13.324700
1788912004343750000,2026-09-08T19:00:04.343750,13.197711
1788912004375000000,2026-09-08T19:00:04.375000,13.306558
1788912004406250000,2026-09-08T19:00:04.406250,13.469829
1788912004437500000,2026-09-08T19:00:04.437500,13.360982
1788912004468750000,2026-09-08T19:00:04.468750,13.669382
1788912004500000000,2026-09-08T19:00:04.500000,13.850794
1788912004531250000,2026-09-08T19:00:04.531250,13.887076
1788912004562500000,2026-09-08T19:00:04.562500,13.560535
1788912004593750000,2026-09-08T19:00:04.593750,13.288417
1788912004625000000,2026-09-08T19:00:04.625000,13.052582
1788912004656250000,2026-09-08T19:00:04.656250,12.834888
1788912004687500000,2026-09-08T19:00:04.687500,12.780464
1788912004718750000,2026-09-08T19:00:04.718750,12.834888
1788912004750000000,2026-09-08T19:00:04.750000,12.544629
1788912004781250000,2026-09-08T19:00:04.781250,12.453923
1788912004812500000,2026-09-08T19:00:04.812500,12.145523
1788912004843750000,2026-09-08T19:00:04.843750,12.145523
1788912004875000000,2026-09-08T19:00:04.875000,12.163664
1788912004906250000,2026-09-08T19:00:04.906250,12.345076
1788912004937500000,2026-09-08T19:00:04.937500,12.490205
1788912004968750000,2026-09-08T19:00:04.968750,12.562770
1788912005000000000,2026-09-08T19:00:05,12.472064
1788912005031250000,2026-09-08T19:00:05.031250,12.254370
1788912005062500000,2026-09-08T19:00:05.062500,12.091099
1788912005093750000,2026-09-08T19:00:05.093750,11.837123
1788912005125000000,2026-09-08T19:00:05.125000,11.764558
1788912005156250000,2026-09-08T19:00:05.156250,11.311028
1788912005187500000,2026-09-08T19:00:05.187500,11.129616
1788912005218750000,2026-09-08T19:00:05.218750,11.093334
1788912005250000000,2026-09-08T19:00:05.250000,10.966346
1788912005281250000,2026-09-08T19:00:05.281250,10.657946
1788912005312500000,2026-09-08T19:00:05.312500,10.367687
1788912005343750000,2026-09-08T19:00:05.343750,10.240698
1788912005375000000,2026-09-08T19:00:05.375000,9.732745
1788912005406250000,2026-09-08T19:00:05.406250,9.152227
1788912005437500000,2026-09-08T19:00:05.437500,8.698698
1788912005468750000,2026-09-08T19:00:05.468750,8.444721
1788912005500000000,2026-09-08T19:00:05.500000,7.882344
1788912005531250000,2026-09-08T19:00:05.531250,7.283685
1788912005562500000,2026-09-08T19:00:05.562500,7.120415
1788912005593750000,2026-09-08T19:00:05.593750,6.866438
1788912005625000000,2026-09-08T19:00:05.625000,6.304061
1788912005656250000,2026-09-08T19:00:05.656250,6.068226
1788912005687500000,2026-09-08T19:00:05.687500,5.578414
1788912005718750000,2026-09-08T19:00:05.718750,4.689496
1788912005750000000,2026-09-08T19:00:05.750000,3.927566
1788912005781250000,2026-09-08T19:00:05.781250,3.782437
1788912005812500000,2026-09-08T19:00:05.812500,3.056790
1788912005843750000,2026-09-08T19:00:05.843750,2.693966
1788912005875000000,2026-09-08T19:00:05.875000,2.059024
1788912005906250000,2026-09-08T19:00:05.906250,1.260812
1788912005937500000,2026-09-08T19:00:05.937500,0.226765
1788912005968750000,2026-09-08T19:00:05.968750,-0.517024
1788912006000000000,2026-09-08T19:00:06,-1.206389
1788912006031250000,2026-09-08T19:00:06.031250,-1.659918
1788912006062500000,2026-09-08T19:00:06.062500,-1.895754
1788912006093750000,2026-09-08T19:00:06.093750,-2.313001
1788912006125000000,2026-09-08T19:00:06.125000,-2.766531
1788912006156250000,2026-09-08T19:00:06.156250,-3.619166
1788912006187500000,2026-09-08T19:00:06.187500,-4.217825
1788955200093750000,2026-09-09T07:00:00.093750,-5.932167
1788955200125000000,2026-09-09T07:00:00.125000,-5.569343
1788955200156250000,2026-09-09T07:00:00.156250,-4.771131
1788955200187500000,2026-09-09T07:00:00.187500,-4.045484
1788955200218750000,2026-09-09T07:00:00.218750,-3.210990
1788955200250000000,2026-09-09T07:00:00.250000,-2.412777
1788955200281250000,2026-09-09T07:00:00.281250,-1.795977
1788955200312500000,2026-09-09T07:00:00.312500,-1.197318
1788955200343750000,2026-09-09T07:00:00.343750,-0.272118
1788955200375000000,2026-09-09T07:00:00.375000,-0.126988
1788955200406250000,2026-09-09T07:00:00.406250,0.761930
1788955200437500000,2026-09-09T07:00:00.437500,1.451295
1788955200468750000,2026-09-09T07:00:00.468750,2.394636
1788955200500000000,2026-09-09T07:00:00.500000,2.630472
1788955200531250000,2026-09-09T07:00:00.531250,3.483107
1788955200562500000,2026-09-09T07:00:00.562500,3.954778
1788955200593750000,2026-09-09T07:00:00.593750,4.535296
1788955200625000000,2026-09-09T07:00:00.625000,4.825555
1788955200656250000,2026-09-09T07:00:00.656250,5.460496
1788955200687500000,2026-09-09T07:00:00.687500,6.149861
1788955200718750000,2026-09-09T07:00:00.718750,6.621532
1788955200750000000,2026-09-09T07:00:00.750000,7.329038
1788955200781250000,2026-09-09T07:00:00.781250,7.728144
1788955200812500000,2026-09-09T07:00:00.812500,8.236098
1788955200843750000,2026-09-09T07:00:00.843750,8.816615
1788955200875000000,2026-09-09T07:00:00.875000,9.397133
1788955200906250000,2026-09-09T07:00:00.906250,9.578545
1788955200937500000,2026-09-09T07:00:00.937500,10.068357
1788955200968750000,2026-09-09T07:00:00.968750,10.558169
1788955201000000000,2026-09-09T07:00:01,10.775863
1788955201031250000,2026-09-09T07:00:01.031250,10.993558
1788955201062500000,2026-09-09T07:00:01.062500,11.374522
1788955201093750000,2026-09-09T07:00:01.093750,11.320099
1788955201125000000,2026-09-09T07:00:01.125000,11.447087
1788955201156250000,2026-09-09T07:00:01.156250,11.682922
1788955201187500000,2026-09-09T07:00:01.187500,11.846193
1788955201218750000,2026-09-09T07:00:01.218750,11.773628
1788955201250000000,2026-09-09T07:00:01.250000,12.027605
1788955201281250000,2026-09-09T07:00:01.281250,12.063887
1788955201312500000,2026-09-09T07:00:01.312500,12.118311
1788955201343750000,2026-09-09T07:00:01.343750,12.245299
1788955201375000000,2026-09-09T07:00:01.375000,12.662546
1788955201406250000,2026-09-09T07:00:01.406250,12.608123
1788955201437500000,2026-09-09T07:00:01.437500,12.535558
1788955201468750000,2026-09-09T07:00:01.468750,12.354146
1788955201500000000,2026-09-09T07:00:01.500000,12.608123
1788955201531250000,2026-09-09T07:00:01.531250,12.680688
1788955201562500000,2026-09-09T07:00:01.562500,12.771394
1788955201593750000,2026-09-09T07:00:01.593750,12.807676
1788955201625000000,2026-09-09T07:00:01.625000,13.315629
1788955201656250000,2026-09-09T07:00:01.656250,13.043511
1788955201687500000,2026-09-09T07:00:01.687500,13.206782
1788955201718750000,2026-09-09T07:00:01.718750,13.370053
1788955201750000000,2026-09-09T07:00:01.750000,13.569606
1788955201781250000,2026-09-09T07:00:01.781250,13.388194
1788955201812500000,2026-09-09T07:00:01.812500,13.333770
1788955201843750000,2026-09-09T07:00:01.843750,13.007229
1788955201875000000,2026-09-09T07:00:01.875000,12.825817
1788955201906250000,2026-09-09T07:00:01.906250,12.916523
1788955201937500000,2026-09-09T07:00:01.937500,12.862099
1788955201968750000,2026-09-09T07:00:01.968750,12.789535
1788955202000000000,2026-09-09T07:00:02,12.952805
1788955202031250000,2026-09-09T07:00:02.031250,12.970947
1788955202062500000,2026-09-09T07:00:02.062500,13.025370
1788955202093750000,2026-09-09T07:00:02.093750,13.206782
1788955202125000000,2026-09-09T07:00:02.125000,13.388194
1788955202156250000,2026-09-09T07:00:02.156250,13.079794
1788955202187500000,2026-09-09T07:00:02.187500,13.351911
1788955202218750000,2026-09-09T07:00:02.218750,13.170500
1788955202250000000,2026-09-09T07:00:02.250000,12.698829
1788955202281250000,2026-09-09T07:00:02.281250,12.571841
1788955202312500000,2026-09-09T07:00:02.312500,12.698829
1788955202343750000,2026-09-09T07:00:02.343750,12.426711
1788955202375000000,2026-09-09T07:00:02.375000,12.172734
1788955202406250000,2026-09-09T07:00:02.406250,12.263440
1788955202437500000,2026-09-09T07:00:02.437500,11.991323
1788955202468750000,2026-09-09T07:00:02.468750,11.828052
1788955202500000000,2026-09-09T07:00:02.500000,11.701064
1788955202531250000,2026-09-09T07:00:02.531250,11.682922
1788955202562500000,2026-09-09T07:00:02.562500,11.447087
1788955202593750000,2026-09-09T07:00:02.593750,11.193111
1788955202625000000,2026-09-09T07:00:02.625000,10.775863
1788955202656250000,2026-09-09T07:00:02.656250,10.376757
1788955202687500000,2026-09-09T07:00:02.687500,10.249769
1788955202718750000,2026-09-09T07:00:02.718750,10.086498
1788955202750000000,2026-09-09T07:00:02.750000,10.013934
1788955202781250000,2026-09-09T07:00:02.781250,9.959510
1788955202812500000,2026-09-09T07:00:02.812500,9.542263
1788955202843750000,2026-09-09T07:00:02.843750,8.780333
1788955202875000000,2026-09-09T07:00:02.875000,8.363086
1788955202906250000,2026-09-09T07:00:02.906250,7.963980
1788955202937500000,2026-09-09T07:00:02.937500,7.365321
1788955202968750000,2026-09-09T07:00:02.968750,7.165768
1788955203000000000,2026-09-09T07:00:03,6.893650
1788955203031250000,2026-09-09T07:00:03.031250,6.204285
1788955203062500000,2026-09-09T07:00:03.062500,5.224661
1788955203093750000,2026-09-09T07:00:03.093750,4.662284
1788955203125000000,2026-09-09T07:00:03.125000,4.099908
1788955203156250000,2026-09-09T07:00:03.156250,3.283554
1788955203187500000,2026-09-09T07:00:03.187500,2.739319
1788955203218750000,2026-09-09T07:00:03.218750,2.485342
1788955203250000000,2026-09-09T07:00:03.250000,1.868542
1788955203281250000,2026-09-09T07:00:03.281250,1.360589
1788955203312500000,2026-09-09T07:00:03.312500,1.034047
1788955203343750000,2026-09-09T07:00:03.343750,0.526094
1788955203375000000,2026-09-09T07:00:03.375000,-0.108847
1788955203406250000,2026-09-09T07:00:03.406250,-0.816353
1788955203437500000,2026-09-09T07:00:03.437500,-1.832260
1788955203468750000,2026-09-09T07:00:03.468750,-2.648613
1788955203500000000,2026-09-09T07:00:03.500000,-3.464966
1788955203531250000,2026-09-09T07:00:03.531250,-3.827790
1788955203562500000,2026-09-09T07:00:03.562500,-4.462731
1788955203593750000,2026-09-09T07:00:03.593750,-4.771131
1788955203625000000,2026-09-09T07:00:03.625000,-5.315367
1788955203656250000,2026-09-09T07:00:03.656250,-5.986591
1788955203687500000,2026-09-09T07:00:03.687500,-7.147626
1788955203718750000,2026-09-09T07:00:03.718750,-7.474168
1788955203750000000,2026-09-09T07:00:03.750000,-8.344945
1788955203781250000,2026-09-09T07:00:03.781250,-8.925463
1788955203812500000,2026-09-09T07:00:03.812500,-9.052451
1788955203843750000,2026-09-09T07:00:03.843750,-9.306427
1788955203875000000,2026-09-09T07:00:03.875000,-9.941369
1788955203906250000,2026-09-09T07:00:03.906250,-10.122781
1788955203937500000,2026-09-09T07:00:03.937500,-10.594451
1788955203968750000,2026-09-09T07:00:03.968750,-11.283816
1788955204000000000,2026-09-09T07:00:04,-11.682922
1788955204031250000,2026-09-09T07:00:04.031250,-12.281582
1788955204062500000,2026-09-09T07:00:04.062500,-12.753252
1788955204093750000,2026-09-09T07:00:04.093750,-13.116076
1788955204125000000,2026-09-09T07:00:04.125000,-13.243064
1788955204156250000,2026-09-09T07:00:04.156250,-13.351911
1788955204187500000,2026-09-09T07:00:04.187500,-13.351911
1788955204218750000,2026-09-09T07:00:04.218750,-13.569606
1788955204250000000,2026-09-09T07:00:04.250000,-13.460759
1788955204281250000,2026-09-09T07:00:04.281250,-13.406335
1788955204312500000,2026-09-09T07:00:04.312500,-13.406335
1788955204343750000,2026-09-09T07:00:04.343750,-13.370053
1788955204375000000,2026-09-09T07:00:04.375000,-13.134217
1788955204406250000,2026-09-09T07:00:04.406250,-12.989088
1788955204437500000,2026-09-09T07:00:04.437500,-13.025370
1788955204468750000,2026-09-09T07:00:04.468750,-13.152358
1788955204500000000,2026-09-09T07:00:04.500000,-13.206782
1788955204531250000,2026-09-09T07:00:04.531250,-13.152358
1788955204562500000,2026-09-09T07:00:04.562500,-13.134217
1788955204593750000,2026-09-09T07:00:04.593750,-12.952805
1788955204625000000,2026-09-09T07:00:04.625000,-12.644405
1788955204656250000,2026-09-09T07:00:04.656250,-12.263440
1788955204687500000,2026-09-09T07:00:04.687500,-12.027605
1788955204718750000,2026-09-09T07:00:04.718750,-11.864334
1788955204750000000,2026-09-09T07:00:04.750000,-11.592217
1788955204781250000,2026-09-09T07:00:04.781250,-11.211252
1788955204812500000,2026-09-09T07:00:04.812500,-10.757722
1788955204843750000,2026-09-09T07:00:04.843750,-10.413040
1788955204875000000,2026-09-09T07:00:04.875000,-9.796239
1788955204906250000,2026-09-09T07:00:04.906250,-9.560404
1788955204937500000,2026-09-09T07:00:04.937500,-9.161298
1788955204968750000,2026-09-09T07:00:04.968750,-8.725910
1788955205000000000,2026-09-09T07:00:05,-8.000262
1788955205031250000,2026-09-09T07:00:05.031250,-7.583015
1788955205062500000,2026-09-09T07:00:05.062500,-6.748520
1788955205093750000,2026-09-09T07:00:05.093750,-6.022873
1788955205125000000,2026-09-09T07:00:05.125000,-5.442355
1788955205156250000,2026-09-09T07:00:05.156250,-5.079532
1788955205187500000,2026-09-09T07:00:05.187500,-4.408308
1788955205218750000,2026-09-09T07:00:05.218750,-3.954778
1788955205250000000,2026-09-09T07:00:05.250000,-3.573813
1788955205281250000,2026-09-09T07:00:05.281250,-2.902589
1788955205312500000,2026-09-09T07:00:05.312500,-2.031813
1788955205343750000,2026-09-09T07:00:05.343750,-1.306165
1788955205375000000,2026-09-09T07:00:05.375000,-0.507953
1788955205406250000,2026-09-09T07:00:05.406250,0.126988
1788955205437500000,2026-09-09T07:00:05.437500,0.707506
1788955205468750000,2026-09-09T07:00:05.468750,1.215459
1788955205500000000,2026-09-09T07:00:05.500000,1.668989
1788955205531250000,2026-09-09T07:00:05.531250,2.285789
1788955205562500000,2026-09-09T07:00:05.562500,3.192848
1788955205593750000,2026-09-09T07:00:05.593750,3.972919
1788955205625000000,2026-09-09T07:00:05.625000,4.480872
1788955205656250000,2026-09-09T07:00:05.656250,4.952543
1788955205687500000,2026-09-09T07:00:05.687500,5.569343
1788955205718750000,2026-09-09T07:00:05.718750,6.131720
1788955205750000000,2026-09-09T07:00:05.750000,6.512685
1788955205781250000,2026-09-09T07:00:05.781250,7.056921
1788955205812500000,2026-09-09T07:00:05.812500,7.655580
1788955205843750000,2026-09-09T07:00:05.843750,7.836991
1788955205875000000,2026-09-09T07:00:05.875000,8.236098
1788955205906250000,2026-09-09T07:00:05.906250,8.671486
1788955205937500000,2026-09-09T07:00:05.937500,9.106874
1788955205968750000,2026-09-09T07:00:05.968750,9.505980
1788955206000000000,2026-09-09T07:00:06,10.195345
1788955206031250000,2026-09-09T07:00:06.031250,10.431181
1788955206062500000,2026-09-09T07:00:06.062500,10.739581
1788955206093750000,2026-09-09T07:00:06.093750,10.721440
1788955206125000000,2026-09-09T07:00:06.125000,10.993558
1788955206156250000,2026-09-09T07:00:06.156250,11.229393
1788955206187500000,2026-09-09T07:00:06.187500,11.501511
1788998400093750000,2026-09-09T19:00:00.093750,13.179570
1788998400125000000,2026-09-09T19:00:00.125000,12.925594
1788998400156250000,2026-09-09T19:00:00.156250,13.197711
1788998400187500000,2026-09-09T19:00:00.187500,13.197711
1788998400218750000,2026-09-09T19:00:00.218750,13.506111
1788998400250000000,2026-09-09T19:00:00.250000,13.633100
1788998400281250000,2026-09-09T19:00:00.281250,13.669382
1788998400312500000,2026-09-09T19:00:00.312500,13.578676
1788998400343750000,2026-09-09T19:00:00.343750,13.360982
1788998400375000000,2026-09-09T19:00:00.375000,13.179570
1788998400406250000,2026-09-09T19:00:00.406250,12.853029
1788998400437500000,2026-09-09T19:00:00.437500,12.762323
1788998400468750000,2026-09-09T19:00:00.468750,12.472064
1788998400500000000,2026-09-09T19:00:00.500000,12.617193
1788998400531250000,2026-09-09T19:00:00.531250,12.617193
1788998400562500000,2026-09-09T19:00:00.562500,12.635335
1788998400593750000,2026-09-09T19:00:00.593750,12.399499
1788998400625000000,2026-09-09T19:00:00.625000,12.472064
1788998400656250000,2026-09-09T19:00:00.656250,12.145523
1788998400687500000,2026-09-09T19:00:00.687500,11.982252
1788998400718750000,2026-09-09T19:00:00.718750,11.764558
1788998400750000000,2026-09-09T19:00:00.750000,11.546864
1788998400781250000,2026-09-09T19:00:00.781250,11.038910
1788998400812500000,2026-09-09T19:00:00.812500,10.930063
1788998400843750000,2026-09-09T19:00:00.843750,10.585381
1788998400875000000,2026-09-09T19:00:00.875000,10.349545
1788998400906250000,2026-09-09T19:00:00.906250,10.276981
1788998400937500000,2026-09-09T19:00:00.937500,10.385828
1788998400968750000,2026-09-09T19:00:00.968750,9.769028
1788998401000000000,2026-09-09T19:00:01,9.424345
1788998401031250000,2026-09-09T19:00:01.031250,8.916392
1788998401062500000,2026-09-09T19:00:01.062500,8.281450
1788998401093750000,2026-09-09T19:00:01.093750,7.446956
1788998401125000000,2026-09-09T19:00:01.125000,7.011568
1788998401156250000,2026-09-09T19:00:01.156250,6.648744
1788998401187500000,2026-09-09T19:00:01.187500,6.376626
1788998401218750000,2026-09-09T19:00:01.218750,6.086367
1788998401250000000,2026-09-09T19:00:01.250000,5.723544
1788998401281250000,2026-09-09T19:00:01.281250,5.342579
1788998401312500000,2026-09-09T19:00:01.312500,4.616931
1788998401343750000,2026-09-09T19:00:01.343750,4.145261
1788998401375000000,2026-09-09T19:00:01.375000,3.673590
1788998401406250000,2026-09-09T19:00:01.406250,3.274484
1788998401437500000,2026-09-09T19:00:01.437500,2.730248
1788998401468750000,2026-09-09T19:00:01.468750,2.294860
1788998401500000000,2026-09-09T19:00:01.500000,1.623636
1788998401531250000,2026-09-09T19:00:01.531250,0.861706
1788998401562500000,2026-09-09T19:00:01.562500,-0.099777
1788998401593750000,2026-09-09T19:00:01.593750,-0.535165
1788998401625000000,2026-09-09T19:00:01.625000,-1.442224
1788998401656250000,2026-09-09T19:00:01.656250,-2.186013
1788998401687500000,2026-09-09T19:00:01.687500,-2.966084
1788998401718750000,2026-09-09T19:00:01.718750,-3.510319
1788998401750000000,2026-09-09T19:00:01.750000,-4.344814
1788998401781250000,2026-09-09T19:00:01.781250,-4.925331
1788998401812500000,2026-09-09T19:00:01.812500,-5.578414
1788998401843750000,2026-09-09T19:00:01.843750,-5.977520
1788998401875000000,2026-09-09T19:00:01.875000,-6.576179
1788998401906250000,2026-09-09T19:00:01.906250,-7.356250
1788998401937500000,2026-09-09T19:00:01.937500,-7.755356
1788998401968750000,2026-09-09T19:00:01.968750,-8.317733
1788998402000000000,2026-09-09T19:00:02,-9.061521
1788998402031250000,2026-09-09T19:00:02.031250,-9.442486
1788998402062500000,2026-09-09T19:00:02.062500,-9.605757
1788998402093750000,2026-09-09T19:00:02.093750,-10.186275
1788998402125000000,2026-09-09T19:00:02.125000,-10.621663
1788998402156250000,2026-09-09T19:00:02.156250,-10.621663
1788998402187500000,2026-09-09T19:00:02.187500,-11.075193
1788998402218750000,2026-09-09T19:00:02.218750,-11.565005
1788998402250000000,2026-09-09T19:00:02.250000,-11.800840
1788998402281250000,2026-09-09T19:00:02.281250,-12.054817
1788998402312500000,2026-09-09T19:00:02.312500,-12.290652
1788998402343750000,2026-09-09T19:00:02.343750,-12.218087
1788998402375000000,2026-09-09T19:00:02.375000,-12.363217
1788998402406250000,2026-09-09T19:00:02.406250,-12.526488
1788998402437500000,2026-09-09T19:00:02.437500,-12.417640
1788998402468750000,2026-09-09T19:00:02.468750,-12.889311
1788998402500000000,2026-09-09T19:00:02.500000,-13.070723
1788998402531250000,2026-09-09T19:00:02.531250,-13.016300
1788998402562500000,2026-09-09T19:00:02.562500,-12.961876
1788998402593750000,2026-09-09T19:00:02.593750,-13.524253
1788998402625000000,2026-09-09T19:00:02.625000,-13.397264
1788998402656250000,2026-09-09T19:00:02.656250,-13.487970
1788998402687500000,2026-09-09T19:00:02.687500,-13.596817
1788998402718750000,2026-09-09T19:00:02.718750,-13.669382
1788998402750000000,2026-09-09T19:00:02.750000,-13.360982
1788998402781250000,2026-09-09T19:00:02.781250,-13.016300
1788998402812500000,2026-09-09T19:00:02.812500,-12.998158
1788998402843750000,2026-09-09T19:00:02.843750,-12.599052
1788998402875000000,2026-09-09T19:00:02.875000,-12.472064
1788998402906250000,2026-09-09T19:00:02.906250,-12.236229
1788998402937500000,2026-09-09T19:00:02.937500,-12.036676
1788998402968750000,2026-09-09T19:00:02.968750,-11.311028
1788998403000000000,2026-09-09T19:00:03,-11.111475
1788998403031250000,2026-09-09T19:00:03.031250,-10.549098
1788998403062500000,2026-09-09T19:00:03.062500,-9.823451
1788998403093750000,2026-09-09T19:00:03.093750,-9.388063
1788998403125000000,2026-09-09T19:00:03.125000,-9.134086
1788998403156250000,2026-09-09T19:00:03.156250,-8.517286
1788998403187500000,2026-09-09T19:00:03.187500,-8.100039
1788998403218750000,2026-09-09T19:00:03.218750,-7.465097
1788998403250000000,2026-09-09T19:00:03.250000,-6.884579
1788998403281250000,2026-09-09T19:00:03.281250,-6.449191
1788998403312500000,2026-09-09T19:00:03.312500,-5.941238
1788998403343750000,2026-09-09T19:00:03.343750,-5.433285
1788998403375000000,2026-09-09T19:00:03.375000,-5.052320
1788998403406250000,2026-09-09T19:00:03.406250,-4.435519
1788998403437500000,2026-09-09T19:00:03.437500,-3.764296
1788998403468750000,2026-09-09T19:00:03.468750,-3.492178
1788998403500000000,2026-09-09T19:00:03.500000,-2.458130
1788998403531250000,2026-09-09T19:00:03.531250,-2.113448
1788998403562500000,2026-09-09T19:00:03.562500,-1.714342
1788998403593750000,2026-09-09T19:00:03.593750,-1.224530
1788998403625000000,2026-09-09T19:00:03.625000,-0.408177
1788998403656250000,2026-09-09T19:00:03.656250,-0.081635
1788998403687500000,2026-09-09T19:00:03.687500,0.680294
1788998403718750000,2026-09-09T19:00:03.718750,1.587354
1788998403750000000,2026-09-09T19:00:03.750000,2.439989
1788998403781250000,2026-09-09T19:00:03.781250,3.437754
1788998403812500000,2026-09-09T19:00:03.812500,3.818719
1788998403843750000,2026-09-09T19:00:03.843750,4.471802
1788998403875000000,2026-09-09T19:00:03.875000,5.052320
1788998403906250000,2026-09-09T19:00:03.906250,5.687261
1788998403937500000,2026-09-09T19:00:03.937500,5.941238
1788998403968750000,2026-09-09T19:00:03.968750,6.939003
1788998404000000000,2026-09-09T19:00:04,7.483238
1788998404031250000,2026-09-09T19:00:04.031250,7.973050
1788998404062500000,2026-09-09T19:00:04.062500,8.281450
1788998404093750000,2026-09-09T19:00:04.093750,8.553568
1788998404125000000,2026-09-09T19:00:04.125000,8.843827
1788998404156250000,2026-09-09T19:00:04.156250,9.242933
1788998404187500000,2026-09-09T19:00:04.187500,9.515051
1788998404218750000,2026-09-09T19:00:04.218750,10.059287
1788998404250000000,2026-09-09T19:00:04.250000,10.766793
1788998404281250000,2026-09-09T19:00:04.281250,10.730510
1788998404312500000,2026-09-09T19:00:04.312500,10.821216
1788998404343750000,2026-09-09T19:00:04.343750,11.038910
1788998404375000000,2026-09-09T19:00:04.375000,11.129616
1788998404406250000,2026-09-09T19:00:04.406250,11.038910
1788998404437500000,2026-09-09T19:00:04.437500,11.601287
1788998404468750000,2026-09-09T19:00:04.468750,12.199946
1788998404500000000,2026-09-09T19:00:04.500000,12.345076
1788998404531250000,2026-09-09T19:00:04.531250,12.617193
1788998404562500000,2026-09-09T19:00:04.562500,12.907452
1788998404593750000,2026-09-09T19:00:04.593750,13.270276
1788998404625000000,2026-09-09T19:00:04.625000,13.143288
1788998404656250000,2026-09-09T19:00:04.656250,13.270276
1788998404687500000,2026-09-09T19:00:04.687500,13.397264
1788998404718750000,2026-09-09T19:00:04.718750,13.252135
1788998404750000000,2026-09-09T19:00:04.750000,12.816746
1788998404781250000,2026-09-09T19:00:04.781250,12.744182
1788998404812500000,2026-09-09T19:00:04.812500,12.671617
1788998404843750000,2026-09-09T19:00:04.843750,12.726041
1788998404875000000,2026-09-09T19:00:04.875000,13.197711
1788998404906250000,2026-09-09T19:00:04.906250,13.270276
1788998404937500000,2026-09-09T19:00:04.937500,13.270276
1788998404968750000,2026-09-09T19:00:04.968750,13.342841
1788998405000000000,2026-09-09T19:00:05,13.415406
1788998405031250000,2026-09-09T19:00:05.031250,13.233994
1788998405062500000,2026-09-09T19:00:05.062500,12.980017
1788998405093750000,2026-09-09T19:00:05.093750,13.252135
1788998405125000000,2026-09-09T19:00:05.125000,13.270276
1788998405156250000,2026-09-09T19:00:05.156250,12.980017
1788998405187500000,2026-09-09T19:00:05.187500,12.834888
1788998405218750000,2026-09-09T19:00:05.218750,13.143288
1788998405250000000,2026-09-09T19:00:05.250000,12.889311
1788998405281250000,2026-09-09T19:00:05.281250,13.034441
1788998405312500000,2026-09-09T19:00:05.312500,13.052582
1788998405343750000,2026-09-09T19:00:05.343750,12.798605
1788998405375000000,2026-09-09T19:00:05.375000,12.798605
1788998405406250000,2026-09-09T19:00:05.406250,12.780464
1788998405437500000,2026-09-09T19:00:05.437500,12.653476
1788998405468750000,2026-09-09T19:00:05.468750,12.417640
1788998405500000000,2026-09-09T19:00:05.500000,12.363217
1788998405531250000,2026-09-09T19:00:05.531250,12.199946
1788998405562500000,2026-09-09T19:00:05.562500,12.109240
1788998405593750000,2026-09-09T19:00:05.593750,11.964111
1788998405625000000,2026-09-09T19:00:05.625000,11.927828
1788998405656250000,2026-09-09T19:00:05.656250,12.308793
1788998405687500000,2026-09-09T19:00:05.687500,12.272511
1788998405718750000,2026-09-09T19:00:05.718750,12.326935
1788998405750000000,2026-09-09T19:00:05.750000,11.982252
1788998405781250000,2026-09-09T19:00:05.781250,11.782699
1788998405812500000,2026-09-09T19:00:05.812500,11.401734
1788998405843750000,2026-09-09T19:00:05.843750,10.984487
1788998405875000000,2026-09-09T19:00:05.875000,10.512816
1788998405906250000,2026-09-09T19:00:05.906250,10.131851
1788998405937500000,2026-09-09T19:00:05.937500,9.841592
1788998405968750000,2026-09-09T19:00:05.968750,9.369922
1788998406000000000,2026-09-09T19:00:06,9.478769
1788998406031250000,2026-09-09T19:00:06.031250,9.170369
1788998406062500000,2026-09-09T19:00:06.062500,8.952674
1788998406093750000,2026-09-09T19:00:06.093750,8.607992
1788998406125000000,2026-09-09T19:00:06.125000,8.299592
1788998406156250000,2026-09-09T19:00:06.156250,7.410674
1788998406187500000,2026-09-09T19:00:06.187500,7.120415
1789041600093750000,2026-09-10T07:00:00.093750,-13.524253
1789041600125000000,2026-09-10T07:00:00.125000,-13.578676
1789041600156250000,2026-09-10T07:00:00.156250,-13.397264
1789041600187500000,2026-09-10T07:00:00.187500,-13.578676
1789041600218750000,2026-09-10T07:00:00.218750,-13.687523
1789041600250000000,2026-09-10T07:00:00.250000,-13.596817
1789041600281250000,2026-09-10T07:00:00.281250,-13.868935
1789041600312500000,2026-09-10T07:00:00.312500,-13.669382
1789041600343750000,2026-09-10T07:00:00.343750,-13.433547
1789041600375000000,2026-09-10T07:00:00.375000,-12.961876
1789041600406250000,2026-09-10T07:00:00.406250,-12.961876
1789041600437500000,2026-09-10T07:00:00.437500,-12.472064
1789041600468750000,2026-09-10T07:00:00.468750,-12.381358
1789041600500000000,2026-09-10T07:00:00.500000,-12.199946
1789041600531250000,2026-09-10T07:00:00.531250,-11.964111
1789041600562500000,2026-09-10T07:00:00.562500,-11.347311
1789041600593750000,2026-09-10T07:00:00.593750,-10.911922
1789041600625000000,2026-09-10T07:00:00.625000,-10.567240
1789041600656250000,2026-09-10T07:00:00.656250,-9.896016
1789041600687500000,2026-09-10T07:00:00.687500,-9.206651
1789041600718750000,2026-09-10T07:00:00.718750,-8.861968
1789041600750000000,2026-09-10T07:00:00.750000,-8.299592
1789041600781250000,2026-09-10T07:00:00.781250,-7.446956
1789041600812500000,2026-09-10T07:00:00.812500,-7.319968
1789041600843750000,2026-09-10T07:00:00.843750,-7.047850
1789041600875000000,2026-09-10T07:00:00.875000,-6.612462
1789041600906250000,2026-09-10T07:00:00.906250,-6.394767
1789041600937500000,2026-09-10T07:00:00.937500,-6.158932
1789041600968750000,2026-09-10T07:00:00.968750,-5.161167
1789041601000000000,2026-09-10T07:00:01,-4.544367
1789041601031250000,2026-09-10T07:00:01.031250,-3.709872
1789041601062500000,2026-09-10T07:00:01.062500,-2.839095
1789041601093750000,2026-09-10T07:00:01.093750,-1.932036
1789041601125000000,2026-09-10T07:00:01.125000,-1.278953
1789041601156250000,2026-09-10T07:00:01.156250,-0.607730
1789041601187500000,2026-09-10T07:00:01.187500,0.009071
1789041601218750000,2026-09-10T07:00:01.218750,0.644012
1789041601250000000,2026-09-10T07:00:01.250000,1.188248
1789041601281250000,2026-09-10T07:00:01.281250,1.678060
1789041601312500000,2026-09-10T07:00:01.312500,2.131589
1789041601343750000,2026-09-10T07:00:01.343750,2.566978
1789041601375000000,2026-09-10T07:00:01.375000,3.238201
1789041601406250000,2026-09-10T07:00:01.406250,3.782437
1789041601437500000,2026-09-10T07:00:01.437500,4.362955
1789041601468750000,2026-09-10T07:00:01.468750,5.088602
1789041601500000000,2026-09-10T07:00:01.500000,5.777967
1789041601531250000,2026-09-10T07:00:01.531250,6.177073
1789041601562500000,2026-09-10T07:00:01.562500,6.775732
1789041601593750000,2026-09-10T07:00:01.593750,7.265544
1789041601625000000,2026-09-10T07:00:01.625000,7.791639
1789041601656250000,2026-09-10T07:00:01.656250,8.281450
1789041601687500000,2026-09-10T07:00:01.687500,8.753121
1789041601718750000,2026-09-10T07:00:01.718750,9.424345
1789041601750000000,2026-09-10T07:00:01.750000,9.750886
1789041601781250000,2026-09-10T07:00:01.781250,10.023004
1789041601812500000,2026-09-10T07:00:01.812500,10.422110
1789041601843750000,2026-09-10T07:00:01.843750,10.694228
1789041601875000000,2026-09-10T07:00:01.875000,10.748652
1789041601906250000,2026-09-10T07:00:01.906250,11.038910
1789041601937500000,2026-09-10T07:00:01.937500,11.202181
1789041601968750000,2026-09-10T07:00:01.968750,11.528722
1789041602000000000,2026-09-10T07:00:02,11.873405
1789041602031250000,2026-09-10T07:00:02.031250,11.873405
1789041602062500000,2026-09-10T07:00:02.062500,12.091099
1789041602093750000,2026-09-10T07:00:02.093750,12.290652
1789041602125000000,2026-09-10T07:00:02.125000,12.326935
1789041602156250000,2026-09-10T07:00:02.156250,12.508346
1789041602187500000,2026-09-10T07:00:02.187500,12.653476
1789041602218750000,2026-09-10T07:00:02.218750,12.834888
1789041602250000000,2026-09-10T07:00:02.250000,13.052582
1789041602281250000,2026-09-10T07:00:02.281250,13.288417
1789041602312500000,2026-09-10T07:00:02.312500,13.324700
1789041602343750000,2026-09-10T07:00:02.343750,13.469829
1789041602375000000,2026-09-10T07:00:02.375000,13.270276
1789041602406250000,2026-09-10T07:00:02.406250,13.179570
1789041602437500000,2026-09-10T07:00:02.437500,13.088864
1789041602468750000,2026-09-10T07:00:02.468750,13.179570
1789041602500000000,2026-09-10T07:00:02.500000,13.360982
1789041602531250000,2026-09-10T07:00:02.531250,13.614959
1789041602562500000,2026-09-10T07:00:02.562500,13.850794
1789041602593750000,2026-09-10T07:00:02.593750,13.868935
1789041602625000000,2026-09-10T07:00:02.625000,13.705665
1789041602656250000,2026-09-10T07:00:02.656250,13.306558
1789041602687500000,2026-09-10T07:00:02.687500,13.270276
1789041602718750000,2026-09-10T07:00:02.718750,13.306558
1789041602750000000,2026-09-10T07:00:02.750000,12.998158
1789041602781250000,2026-09-10T07:00:02.781250,13.179570
1789041602812500000,2026-09-10T07:00:02.812500,13.415406
1789041602843750000,2026-09-10T07:00:02.843750,13.324700
1789041602875000000,2026-09-10T07:00:02.875000,13.179570
1789041602906250000,2026-09-10T07:00:02.906250,13.306558
1789041602937500000,2026-09-10T07:00:02.937500,13.215853
1789041602968750000,2026-09-10T07:00:02.968750,13.070723
1789041603000000000,2026-09-10T07:00:03,13.034441
1789041603031250000,2026-09-10T07:00:03.031250,13.197711
1789041603062500000,2026-09-10T07:00:03.062500,13.016300
1789041603093750000,2026-09-10T07:00:03.093750,12.961876
1789041603125000000,2026-09-10T07:00:03.125000,12.889311
1789041603156250000,2026-09-10T07:00:03.156250,13.052582
1789041603187500000,2026-09-10T07:00:03.187500,12.744182
1789041603218750000,2026-09-10T07:00:03.218750,12.580911
1789041603250000000,2026-09-10T07:00:03.250000,12.308793
1789041603281250000,2026-09-10T07:00:03.281250,12.236229
1789041603312500000,2026-09-10T07:00:03.312500,11.982252
1789041603343750000,2026-09-10T07:00:03.343750,11.565005
1789041603375000000,2026-09-10T07:00:03.375000,11.401734
1789041603406250000,2026-09-10T07:00:03.406250,11.220322
1789041603437500000,2026-09-10T07:00:03.437500,10.893781
1789041603468750000,2026-09-10T07:00:03.468750,10.603522
1789041603500000000,2026-09-10T07:00:03.500000,10.458393
1789041603531250000,2026-09-10T07:00:03.531250,10.113710
1789041603562500000,2026-09-10T07:00:03.562500,9.769028
1789041603593750000,2026-09-10T07:00:03.593750,9.496910
1789041603625000000,2026-09-10T07:00:03.625000,8.988957
1789041603656250000,2026-09-10T07:00:03.656250,8.789404
1789041603687500000,2026-09-10T07:00:03.687500,8.462862
1789041603718750000,2026-09-10T07:00:03.718750,8.045615
1789041603750000000,2026-09-10T07:00:03.750000,7.319968
1789041603781250000,2026-09-10T07:00:03.781250,6.848297
1789041603812500000,2026-09-10T07:00:03.812500,6.285920
1789041603843750000,2026-09-10T07:00:03.843750,5.850532
1789041603875000000,2026-09-10T07:00:03.875000,5.270014
1789041603906250000,2026-09-10T07:00:03.906250,4.925331
1789041603937500000,2026-09-10T07:00:03.937500,4.471802
1789041603968750000,2026-09-10T07:00:03.968750,3.836860
1789041604000000000,2026-09-10T07:00:04,3.201919
1789041604031250000,2026-09-10T07:00:04.031250,2.548836
1789041604062500000,2026-09-10T07:00:04.062500,1.786907
1789041604093750000,2026-09-10T07:00:04.093750,1.133824
1789041604125000000,2026-09-10T07:00:04.125000,0.335612
1789041604156250000,2026-09-10T07:00:04.156250,-0.353753
1789041604187500000,2026-09-10T07:00:04.187500,-0.952412
1789041604218750000,2026-09-10T07:00:04.218750,-1.387801
1789041604250000000,2026-09-10T07:00:04.250000,-2.095307
1789041604281250000,2026-09-10T07:00:04.281250,-2.730248
1789041604312500000,2026-09-10T07:00:04.312500,-3.292625
1789041604343750000,2026-09-10T07:00:04.343750,-3.836860
1789041604375000000,2026-09-10T07:00:04.375000,-4.580649
1789041604406250000,2026-09-10T07:00:04.406250,-5.378861
1789041604437500000,2026-09-10T07:00:04.437500,-6.068226
1789041604468750000,2026-09-10T07:00:04.468750,-6.666885
1789041604500000000,2026-09-10T07:00:04.500000,-7.646509
1789041604531250000,2026-09-10T07:00:04.531250,-7.991192
1789041604562500000,2026-09-10T07:00:04.562500,-8.444721
1789041604593750000,2026-09-10T07:00:04.593750,-8.771262
1789041604625000000,2026-09-10T07:00:04.625000,-9.170369
1789041604656250000,2026-09-10T07:00:04.656250,-9.152227
1789041604687500000,2026-09-10T07:00:04.687500,-9.750886
1789041604718750000,2026-09-10T07:00:04.718750,-10.258840
1789041604750000000,2026-09-10T07:00:04.750000,-10.676087
1789041604781250000,2026-09-10T07:00:04.781250,-11.347311
1789041604812500000,2026-09-10T07:00:04.812500,-11.927828
1789041604843750000,2026-09-10T07:00:04.843750,-12.018534
1789041604875000000,2026-09-10T07:00:04.875000,-12.236229
1789041604906250000,2026-09-10T07:00:04.906250,-12.544629
1789041604937500000,2026-09-10T07:00:04.937500,-12.508346
1789041604968750000,2026-09-10T07:00:04.968750,-12.617193
1789041605000000000,2026-09-10T07:00:05,-12.943735
1789041605031250000,2026-09-10T07:00:05.031250,-12.961876
1789041605062500000,2026-09-10T07:00:05.062500,-12.889311
1789041605093750000,2026-09-10T07:00:05.093750,-13.088864
1789041605125000000,2026-09-10T07:00:05.125000,-13.052582
1789041605156250000,2026-09-10T07:00:05.156250,-13.360982
1789041605187500000,2026-09-10T07:00:05.187500,-13.215853
1789041605218750000,2026-09-10T07:00:05.218750,-13.161429
1789041605250000000,2026-09-10T07:00:05.250000,-13.070723
1789041605281250000,2026-09-10T07:00:05.281250,-13.342841
1789041605312500000,2026-09-10T07:00:05.312500,-12.998158
1789041605343750000,2026-09-10T07:00:05.343750,-13.143288
1789041605375000000,2026-09-10T07:00:05.375000,-13.034441
1789041605406250000,2026-09-10T07:00:05.406250,-12.943735
1789041605437500000,2026-09-10T07:00:05.437500,-12.345076
1789041605468750000,2026-09-10T07:00:05.468750,-12.254370
1789041605500000000,2026-09-10T07:00:05.500000,-11.891546
1789041605531250000,2026-09-10T07:00:05.531250,-11.601287
1789041605562500000,2026-09-10T07:00:05.562500,-11.184040
1789041605593750000,2026-09-10T07:00:05.593750,-10.966346
1789041605625000000,2026-09-10T07:00:05.625000,-10.168134
1789041605656250000,2026-09-10T07:00:05.656250,-9.696463
1789041605687500000,2026-09-10T07:00:05.687500,-9.369922
1789041605718750000,2026-09-10T07:00:05.718750,-9.061521
1789041605750000000,2026-09-10T07:00:05.750000,-8.644274
1789041605781250000,2026-09-10T07:00:05.781250,-8.227027
1789041605812500000,2026-09-10T07:00:05.812500,-8.154462
1789041605843750000,2026-09-10T07:00:05.843750,-7.501380
1789041605875000000,2026-09-10T07:00:05.875000,-6.920862
1789041605906250000,2026-09-10T07:00:05.906250,-6.576179
1789041605937500000,2026-09-10T07:00:05.937500,-6.195214
1789041605968750000,2026-09-10T07:00:05.968750,-5.324438
1789041606000000000,2026-09-10T07:00:06,-4.816484
1789041606031250000,2026-09-10T07:00:06.031250,-3.981990
1789041606062500000,2026-09-10T07:00:06.062500,-3.256343
1789041606093750000,2026-09-10T07:00:06.093750,-2.621401
1789041606125000000,2026-09-10T07:00:06.125000,-1.968318
1789041606156250000,2026-09-10T07:00:06.156250,-1.678060
1789041606187500000,2026-09-10T07:00:06.187500,-1.006836
1789084800093750000,2026-09-10T19:00:00.093750,13.406335
1789084800125000000,2026-09-10T19:00:00.125000,13.515182
1789084800156250000,2026-09-10T19:00:00.156250,13.660312
1789084800187500000,2026-09-10T19:00:00.187500,13.914288
1789084800218750000,2026-09-10T19:00:00.218750,14.059418
1789084800250000000,2026-09-10T19:00:00.250000,13.914288
1789084800281250000,2026-09-10T19:00:00.281250,13.388194
1789084800312500000,2026-09-10T19:00:00.312500,13.333770
1789084800343750000,2026-09-10T19:00:00.343750,13.243064
1789084800375000000,2026-09-10T19:00:00.375000,13.170500
1789084800406250000,2026-09-10T19:00:00.406250,12.989088
1789084800437500000,2026-09-10T19:00:00.437500,13.061652
1789084800468750000,2026-09-10T19:00:00.468750,12.989088
1789084800500000000,2026-09-10T19:00:00.500000,12.789535
1789084800531250000,2026-09-10T19:00:00.531250,12.336005
1789084800562500000,2026-09-10T19:00:00.562500,12.462993
1789084800593750000,2026-09-10T19:00:00.593750,12.172734
1789084800625000000,2026-09-10T19:00:00.625000,11.973181
1789084800656250000,2026-09-10T19:00:00.656250,11.628499
1789084800687500000,2026-09-10T19:00:00.687500,11.628499
1789084800718750000,2026-09-10T19:00:00.718750,11.084263
1789084800750000000,2026-09-10T19:00:00.750000,10.830287
1789084800781250000,2026-09-10T19:00:00.781250,10.213487
1789084800812500000,2026-09-10T19:00:00.812500,9.632969
1789084800843750000,2026-09-10T19:00:00.843750,9.197580
1789084800875000000,2026-09-10T19:00:00.875000,8.816615
1789084800906250000,2026-09-10T19:00:00.906250,8.236098
1789084800937500000,2026-09-10T19:00:00.937500,7.800709
1789084800968750000,2026-09-10T19:00:00.968750,7.510450
1789084801000000000,2026-09-10T19:00:01,6.748520
1789084801031250000,2026-09-10T19:00:01.031250,5.986591
1789084801062500000,2026-09-10T19:00:01.062500,5.569343
1789084801093750000,2026-09-10T19:00:01.093750,5.188379
1789084801125000000,2026-09-10T19:00:01.125000,4.662284
1789084801156250000,2026-09-10T19:00:01.156250,4.281319
1789084801187500000,2026-09-10T19:00:01.187500,3.773366
1789084801218750000,2026-09-10T19:00:01.218750,2.975154
1789084801250000000,2026-09-10T19:00:01.250000,2.267648
1789084801281250000,2026-09-10T19:00:01.281250,1.578283
1789084801312500000,2026-09-10T19:00:01.312500,0.888918
1789084801343750000,2026-09-10T19:00:01.343750,0.362824
1789084801375000000,2026-09-10T19:00:01.375000,-0.199553
1789084801406250000,2026-09-10T19:00:01.406250,-1.233601
1789084801437500000,2026-09-10T19:00:01.437500,-1.850401
1789084801468750000,2026-09-10T19:00:01.468750,-2.557907
1789084801500000000,2026-09-10T19:00:01.500000,-2.993295
1789084801531250000,2026-09-10T19:00:01.531250,-3.845931
1789084801562500000,2026-09-10T19:00:01.562500,-4.353884
1789084801593750000,2026-09-10T19:00:01.593750,-5.006967
1789084801625000000,2026-09-10T19:00:01.625000,-6.004732
1789084801656250000,2026-09-10T19:00:01.656250,-6.784803
1789084801687500000,2026-09-10T19:00:01.687500,-7.310897
1789084801718750000,2026-09-10T19:00:01.718750,-7.746286
1789084801750000000,2026-09-10T19:00:01.750000,-8.308662
1789084801781250000,2026-09-10T19:00:01.781250,-8.363086
1789084801812500000,2026-09-10T19:00:01.812500,-9.016168
1789084801843750000,2026-09-10T19:00:01.843750,-9.560404
1789084801875000000,2026-09-10T19:00:01.875000,-10.177204
1789084801906250000,2026-09-10T19:00:01.906250,-10.739581
1789084801937500000,2026-09-10T19:00:01.937500,-11.229393
1789084801968750000,2026-09-10T19:00:01.968750,-11.646640
1789084802000000000,2026-09-10T19:00:02,-11.828052
1789084802031250000,2026-09-10T19:00:02.031250,-11.682922
1789084802062500000,2026-09-10T19:00:02.062500,-11.955040
1789084802093750000,2026-09-10T19:00:02.093750,-12.263440
1789084802125000000,2026-09-10T19:00:02.125000,-12.462993
1789084802156250000,2026-09-10T19:00:02.156250,-12.825817
1789084802187500000,2026-09-10T19:00:02.187500,-13.478900
1789084802218750000,2026-09-10T19:00:02.218750,-13.787300
1789084802250000000,2026-09-10T19:00:02.250000,-13.986853
1789084802281250000,2026-09-10T19:00:02.281250,-13.932429
1789084802312500000,2026-09-10T19:00:02.312500,-13.968712
1789084802343750000,2026-09-10T19:00:02.343750,-13.950570
1789084802375000000,2026-09-10T19:00:02.375000,-13.896147
1789084802406250000,2026-09-10T19:00:02.406250,-13.914288
1789084802437500000,2026-09-10T19:00:02.437500,-14.240829
1789084802468750000,2026-09-10T19:00:02.468750,-14.113841
1789084802500000000,2026-09-10T19:00:02.500000,-13.805441
1789084802531250000,2026-09-10T19:00:02.531250,-13.533323
1789084802562500000,2026-09-10T19:00:02.562500,-13.079794
1789084802593750000,2026-09-10T19:00:02.593750,-12.535558
1789084802625000000,2026-09-10T19:00:02.625000,-12.082029
1789084802656250000,2026-09-10T19:00:02.656250,-12.317864
1789084802687500000,2026-09-10T19:00:02.687500,-12.045746
1789084802718750000,2026-09-10T19:00:02.718750,-11.846193
1789084802750000000,2026-09-10T19:00:02.750000,-11.447087
1789084802781250000,2026-09-10T19:00:02.781250,-11.428946
1789084802812500000,2026-09-10T19:00:02.812500,-10.576310
1789084802843750000,2026-09-10T19:00:02.843750,-10.104639
1789084802875000000,2026-09-10T19:00:02.875000,-9.778098
1789084802906250000,2026-09-10T19:00:02.906250,-9.505980
1789084802937500000,2026-09-10T19:00:02.937500,-8.943604
1789084802968750000,2026-09-10T19:00:02.968750,-8.109109
1789084803000000000,2026-09-10T19:00:03,-7.909556
1789084803031250000,2026-09-10T19:00:03.031250,-7.546733
1789084803062500000,2026-09-10T19:00:03.062500,-6.839226
1789084803093750000,2026-09-10T19:00:03.093750,-6.258708
1789084803125000000,2026-09-10T19:00:03.125000,-6.131720
1789084803156250000,2026-09-10T19:00:03.156250,-5.387932
1789084803187500000,2026-09-10T19:00:03.187500,-4.607861
1789084803218750000,2026-09-10T19:00:03.218750,-3.972919
1789084803250000000,2026-09-10T19:00:03.250000,-3.283554
1789084803281250000,2026-09-10T19:00:03.281250,-2.684895
1789084803312500000,2026-09-10T19:00:03.312500,-1.904824
1789084803343750000,2026-09-10T19:00:03.343750,-1.360589
1789084803375000000,2026-09-10T19:00:03.375000,-0.834494
1789084803406250000,2026-09-10T19:00:03.406250,0.000000
1789084803437500000,2026-09-10T19:00:03.437500,0.435388
1789084803468750000,2026-09-10T19:00:03.468750,1.124753
1789084803500000000,2026-09-10T19:00:03.500000,1.904824
1789084803531250000,2026-09-10T19:00:03.531250,2.503483
1789084803562500000,2026-09-10T19:00:03.562500,3.065860
1789084803593750000,2026-09-10T19:00:03.593750,4.027343
1789084803625000000,2026-09-10T19:00:03.625000,4.571578
1789084803656250000,2026-09-10T19:00:03.656250,5.133955
1789084803687500000,2026-09-10T19:00:03.687500,5.932167
1789084803718750000,2026-09-10T19:00:03.718750,6.567109
1789084803750000000,2026-09-10T19:00:03.750000,7.111344
1789084803781250000,2026-09-10T19:00:03.781250,7.800709
1789084803812500000,2026-09-10T19:00:03.812500,8.290521
1789084803843750000,2026-09-10T19:00:03.843750,8.653345
1789084803875000000,2026-09-10T19:00:03.875000,9.052451
1789084803906250000,2026-09-10T19:00:03.906250,9.560404
1789084803937500000,2026-09-10T19:00:03.937500,9.905086
1789084803968750000,2026-09-10T19:00:03.968750,10.521887
1789084804000000000,2026-09-10T19:00:04,11.066122
1789084804031250000,2026-09-10T19:00:04.031250,11.265675
1789084804062500000,2026-09-10T19:00:04.062500,11.465228
1789084804093750000,2026-09-10T19:00:04.093750,11.737346
1789084804125000000,2026-09-10T19:00:04.125000,11.809911
1789084804156250000,2026-09-10T19:00:04.156250,12.082029
1789084804187500000,2026-09-10T19:00:04.187500,12.426711
1789084804218750000,2026-09-10T19:00:04.218750,12.553699
1789084804250000000,2026-09-10T19:00:04.250000,12.535558
1789084804281250000,2026-09-10T19:00:04.281250,12.771394
1789084804312500000,2026-09-10T19:00:04.312500,12.662546
1789084804343750000,2026-09-10T19:00:04.343750,12.898382
1789084804375000000,2026-09-10T19:00:04.375000,13.188641
1789084804406250000,2026-09-10T19:00:04.406250,13.388194
1789084804437500000,2026-09-10T19:00:04.437500,13.478900
1789084804468750000,2026-09-10T19:00:04.468750,13.714735
1789084804500000000,2026-09-10T19:00:04.500000,13.787300
1789084804531250000,2026-09-10T19:00:04.531250,13.442617
1789084804562500000,2026-09-10T19:00:04.562500,13.714735
1789084804593750000,2026-09-10T19:00:04.593750,13.732876
1789084804625000000,2026-09-10T19:00:04.625000,13.533323
1789084804656250000,2026-09-10T19:00:04.656250,13.460759
1789084804687500000,2026-09-10T19:00:04.687500,13.859865
1789084804718750000,2026-09-10T19:00:04.718750,13.551464
1789084804750000000,2026-09-10T19:00:04.750000,13.406335
1789084804781250000,2026-09-10T19:00:04.781250,13.769159
1789084804812500000,2026-09-10T19:00:04.812500,13.805441
1789084804843750000,2026-09-10T19:00:04.843750,13.569606
1789084804875000000,2026-09-10T19:00:04.875000,13.678453
1789084804906250000,2026-09-10T19:00:04.906250,14.023135
1789084804937500000,2026-09-10T19:00:04.937500,13.968712
1789084804968750000,2026-09-10T19:00:04.968750,13.932429
1789084805000000000,2026-09-10T19:00:05,14.095700
1789084805031250000,2026-09-10T19:00:05.031250,14.240829
1789084805062500000,2026-09-10T19:00:05.062500,14.041276
1789084805093750000,2026-09-10T19:00:05.093750,14.113841
1789084805125000000,2026-09-10T19:00:05.125000,14.041276
1789084805156250000,2026-09-10T19:00:05.156250,14.222688
1789084805187500000,2026-09-10T19:00:05.187500,14.222688
1789084805218750000,2026-09-10T19:00:05.218750,14.150124
1789084805250000000,2026-09-10T19:00:05.250000,13.660312
1789084805281250000,2026-09-10T19:00:05.281250,13.587747
1789084805312500000,2026-09-10T19:00:05.312500,13.388194
1789084805343750000,2026-09-10T19:00:05.343750,12.989088
1789084805375000000,2026-09-10T19:00:05.375000,12.989088
1789084805406250000,2026-09-10T19:00:05.406250,13.116076
1789084805437500000,2026-09-10T19:00:05.437500,12.825817
1789084805468750000,2026-09-10T19:00:05.468750,12.517417
1789084805500000000,2026-09-10T19:00:05.500000,12.571841
1789084805531250000,2026-09-10T19:00:05.531250,12.227158
1789084805562500000,2026-09-10T19:00:05.562500,11.701064
1789084805593750000,2026-09-10T19:00:05.593750,11.447087
1789084805625000000,2026-09-10T19:00:05.625000,11.120546
1789084805656250000,2026-09-10T19:00:05.656250,10.993558
1789084805687500000,2026-09-10T19:00:05.687500,11.174969
1789084805718750000,2026-09-10T19:00:05.718750,11.193111
1789084805750000000,2026-09-10T19:00:05.750000,11.120546
1789084805781250000,2026-09-10T19:00:05.781250,10.685157
1789084805812500000,2026-09-10T19:00:05.812500,10.304193
1789084805843750000,2026-09-10T19:00:05.843750,9.469698
1789084805875000000,2026-09-10T19:00:05.875000,8.998027
1789084805906250000,2026-09-10T19:00:05.906250,8.689627
1789084805937500000,2026-09-10T19:00:05.937500,8.635204
1789084805968750000,2026-09-10T19:00:05.968750,8.036545
1789084806000000000,2026-09-10T19:00:06,7.746286
1789084806031250000,2026-09-10T19:00:06.031250,7.310897
1789084806062500000,2026-09-10T19:00:06.062500,6.784803
1789084806093750000,2026-09-10T19:00:06.093750,6.131720
1789084806125000000,2026-09-10T19:00:06.125000,5.496779
1789084806156250000,2026-09-10T19:00:06.156250,4.825555
1789084806187500000,2026-09-10T19:00:06.187500,4.462731
1789128000093750000,2026-09-11T07:00:00.093750,8.471933
1789128000125000000,2026-09-11T07:00:00.125000,8.072827
1789128000156250000,2026-09-11T07:00:00.156250,7.474168
1789128000187500000,2026-09-11T07:00:00.187500,7.002497
1789128000218750000,2026-09-11T07:00:00.218750,6.222426
1789128000250000000,2026-09-11T07:00:00.250000,5.641908
1789128000281250000,2026-09-11T07:00:00.281250,5.333508
1789128000312500000,2026-09-11T07:00:00.312500,5.025108
1789128000343750000,2026-09-11T07:00:00.343750,4.444590
1789128000375000000,2026-09-11T07:00:00.375000,4.099908
1789128000406250000,2026-09-11T07:00:00.406250,3.573813
1789128000437500000,2026-09-11T07:00:00.437500,2.830025
1789128000468750000,2026-09-11T07:00:00.468750,2.122519
1789128000500000000,2026-09-11T07:00:00.500000,1.342448
1789128000531250000,2026-09-11T07:00:00.531250,0.562377
1789128000562500000,2026-09-11T07:00:00.562500,-0.145129
1789128000593750000,2026-09-11T07:00:00.593750,-0.743789
1789128000625000000,2026-09-11T07:00:00.625000,-1.378730
1789128000656250000,2026-09-11T07:00:00.656250,-1.868542
1789128000687500000,2026-09-11T07:00:00.687500,-2.285789
1789128000718750000,2026-09-11T07:00:00.718750,-2.920731
1789128000750000000,2026-09-11T07:00:00.750000,-3.555672
1789128000781250000,2026-09-11T07:00:00.781250,-4.335743
1789128000812500000,2026-09-11T07:00:00.812500,-4.879978
1789128000843750000,2026-09-11T07:00:00.843750,-5.678191
1789128000875000000,2026-09-11T07:00:00.875000,-6.113579
1789128000906250000,2026-09-11T07:00:00.906250,-6.966215
1789128000937500000,2026-09-11T07:00:00.937500,-7.419744
1789128000968750000,2026-09-11T07:00:00.968750,-8.000262
1789128001000000000,2026-09-11T07:00:01,-8.635204
1789128001031250000,2026-09-11T07:00:01.031250,-9.306427
1789128001062500000,2026-09-11T07:00:01.062500,-9.687392
1789128001093750000,2026-09-11T07:00:01.093750,-10.104639
1789128001125000000,2026-09-11T07:00:01.125000,-10.503746
1789128001156250000,2026-09-11T07:00:01.156250,-10.540028
1789128001187500000,2026-09-11T07:00:01.187500,-10.775863
1789128001218750000,2026-09-11T07:00:01.218750,-11.011699
1789128001250000000,2026-09-11T07:00:01.250000,-11.102405
1789128001281250000,2026-09-11T07:00:01.281250,-11.755487
1789128001312500000,2026-09-11T07:00:01.312500,-12.263440
1789128001343750000,2026-09-11T07:00:01.343750,-12.716970
1789128001375000000,2026-09-11T07:00:01.375000,-12.825817
1789128001406250000,2026-09-11T07:00:01.406250,-13.134217
1789128001437500000,2026-09-11T07:00:01.437500,-13.116076
1789128001468750000,2026-09-11T07:00:01.468750,-13.424476
1789128001500000000,2026-09-11T07:00:01.500000,-13.315629
1789128001531250000,2026-09-11T07:00:01.531250,-13.678453
1789128001562500000,2026-09-11T07:00:01.562500,-13.751017
1789128001593750000,2026-09-11T07:00:01.593750,-13.732876
1789128001625000000,2026-09-11T07:00:01.625000,-13.624029
1789128001656250000,2026-09-11T07:00:01.656250,-13.424476
1789128001687500000,2026-09-11T07:00:01.687500,-12.970947
1789128001718750000,2026-09-11T07:00:01.718750,-12.771394
1789128001750000000,2026-09-11T07:00:01.750000,-12.535558
1789128001781250000,2026-09-11T07:00:01.781250,-12.227158
1789128001812500000,2026-09-11T07:00:01.812500,-12.336005
1789128001843750000,2026-09-11T07:00:01.843750,-12.027605
1789128001875000000,2026-09-11T07:00:01.875000,-12.136452
1789128001906250000,2026-09-11T07:00:01.906250,-11.973181
1789128001937500000,2026-09-11T07:00:01.937500,-11.882476
1789128001968750000,2026-09-11T07:00:01.968750,-11.301958
1789128002000000000,2026-09-11T07:00:02,-11.483369
1789128002031250000,2026-09-11T07:00:02.031250,-10.866569
1789128002062500000,2026-09-11T07:00:02.062500,-10.267910
1789128002093750000,2026-09-11T07:00:02.093750,-9.796239
1789128002125000000,2026-09-11T07:00:02.125000,-9.397133
1789128002156250000,2026-09-11T07:00:02.156250,-8.744051
1789128002187500000,2026-09-11T07:00:02.187500,-8.090968
1789128002218750000,2026-09-11T07:00:02.218750,-7.546733
1789128002250000000,2026-09-11T07:00:02.250000,-6.911791
1789128002281250000,2026-09-11T07:00:02.281250,-6.421979
1789128002312500000,2026-09-11T07:00:02.312500,-5.660049
1789128002343750000,2026-09-11T07:00:02.343750,-5.315367
1789128002375000000,2026-09-11T07:00:02.375000,-4.752990
1789128002406250000,2026-09-11T07:00:02.406250,-3.791507
1789128002437500000,2026-09-11T07:00:02.437500,-3.392401
1789128002468750000,2026-09-11T07:00:02.468750,-3.029578
1789128002500000000,2026-09-11T07:00:02.500000,-2.031813
1789128002531250000,2026-09-11T07:00:02.531250,-1.614565
1789128002562500000,2026-09-11T07:00:02.562500,-1.034047
1789128002593750000,2026-09-11T07:00:02.593750,-0.362824
1789128002625000000,2026-09-11T07:00:02.625000,0.326541
1789128002656250000,2026-09-11T07:00:02.656250,0.707506
1789128002687500000,2026-09-11T07:00:02.687500,1.487577
1789128002718750000,2026-09-11T07:00:02.718750,1.814118
1789128002750000000,2026-09-11T07:00:02.750000,2.811884
1789128002781250000,2026-09-11T07:00:02.781250,3.737084
1789128002812500000,2026-09-11T07:00:02.812500,4.263178
1789128002843750000,2026-09-11T07:00:02.843750,4.952543
1789128002875000000,2026-09-11T07:00:02.875000,5.406073
1789128002906250000,2026-09-11T07:00:02.906250,5.841461
1789128002937500000,2026-09-11T07:00:02.937500,6.113579
1789128002968750000,2026-09-11T07:00:02.968750,6.893650
1789128003000000000,2026-09-11T07:00:03,7.401603
1789128003031250000,2026-09-11T07:00:03.031250,7.927697
1789128003062500000,2026-09-11T07:00:03.062500,8.363086
1789128003093750000,2026-09-11T07:00:03.093750,8.834757
1789128003125000000,2026-09-11T07:00:03.125000,9.161298
1789128003156250000,2026-09-11T07:00:03.156250,9.397133
1789128003187500000,2026-09-11T07:00:03.187500,10.068357
1789128003218750000,2026-09-11T07:00:03.218750,10.050216
1789128003250000000,2026-09-11T07:00:03.250000,10.322334
1789128003281250000,2026-09-11T07:00:03.281250,10.775863
1789128003312500000,2026-09-11T07:00:03.312500,10.866569
1789128003343750000,2026-09-11T07:00:03.343750,11.356381
1789128003375000000,2026-09-11T07:00:03.375000,11.828052
1789128003406250000,2026-09-11T07:00:03.406250,12.245299
1789128003437500000,2026-09-11T07:00:03.437500,12.263440
1789128003468750000,2026-09-11T07:00:03.468750,12.789535
1789128003500000000,2026-09-11T07:00:03.500000,12.662546
1789128003531250000,2026-09-11T07:00:03.531250,12.735111
1789128003562500000,2026-09-11T07:00:03.562500,12.807676
1789128003593750000,2026-09-11T07:00:03.593750,12.934664
1789128003625000000,2026-09-11T07:00:03.625000,13.025370
1789128003656250000,2026-09-11T07:00:03.656250,13.079794
1789128003687500000,2026-09-11T07:00:03.687500,13.497041
1789128003718750000,2026-09-11T07:00:03.718750,13.497041
1789128003750000000,2026-09-11T07:00:03.750000,13.533323
1789128003781250000,2026-09-11T07:00:03.781250,13.642170
1789128003812500000,2026-09-11T07:00:03.812500,13.569606
1789128003843750000,2026-09-11T07:00:03.843750,13.406335
1789128003875000000,2026-09-11T07:00:03.875000,13.315629
1789128003906250000,2026-09-11T07:00:03.906250,13.007229
1789128003937500000,2026-09-11T07:00:03.937500,13.097935
1789128003968750000,2026-09-11T07:00:03.968750,13.206782
1789128004000000000,2026-09-11T07:00:04,13.315629
1789128004031250000,2026-09-11T07:00:04.031250,13.370053
1789128004062500000,2026-09-11T07:00:04.062500,13.751017
1789128004093750000,2026-09-11T07:00:04.093750,13.497041
1789128004125000000,2026-09-11T07:00:04.125000,13.660312
1789128004156250000,2026-09-11T07:00:04.156250,13.533323
1789128004187500000,2026-09-11T07:00:04.187500,13.460759
1789128004218750000,2026-09-11T07:00:04.218750,13.442617
1789128004250000000,2026-09-11T07:00:04.250000,13.406335
1789128004281250000,2026-09-11T07:00:04.281250,13.206782
1789128004312500000,2026-09-11T07:00:04.312500,13.351911
1789128004343750000,2026-09-11T07:00:04.343750,13.351911
1789128004375000000,2026-09-11T07:00:04.375000,13.116076
1789128004406250000,2026-09-11T07:00:04.406250,13.043511
1789128004437500000,2026-09-11T07:00:04.437500,12.771394
1789128004468750000,2026-09-11T07:00:04.468750,12.698829
1789128004500000000,2026-09-11T07:00:04.500000,12.862099
1789128004531250000,2026-09-11T07:00:04.531250,12.880241
1789128004562500000,2026-09-11T07:00:04.562500,12.880241
1789128004593750000,2026-09-11T07:00:04.593750,13.007229
1789128004625000000,2026-09-11T07:00:04.625000,12.644405
1789128004656250000,2026-09-11T07:00:04.656250,12.408570
1789128004687500000,2026-09-11T07:00:04.687500,12.390429
1789128004718750000,2026-09-11T07:00:04.718750,12.190876
1789128004750000000,2026-09-11T07:00:04.750000,11.955040
1789128004781250000,2026-09-11T07:00:04.781250,11.955040
1789128004812500000,2026-09-11T07:00:04.812500,11.519652
1789128004843750000,2026-09-11T07:00:04.843750,11.084263
1789128004875000000,2026-09-11T07:00:04.875000,10.902852
1789128004906250000,2026-09-11T07:00:04.906250,10.431181
1789128004937500000,2026-09-11T07:00:04.937500,10.231628
1789128004968750000,2026-09-11T07:00:04.968750,10.086498
1789128005000000000,2026-09-11T07:00:05,9.651110
1789128005031250000,2026-09-11T07:00:05.031250,9.306427
1789128005062500000,2026-09-11T07:00:05.062500,9.016168
1789128005093750000,2026-09-11T07:00:05.093750,8.508215
1789128005125000000,2026-09-11T07:00:05.125000,8.163533
1789128005156250000,2026-09-11T07:00:05.156250,7.855133
1789128005187500000,2026-09-11T07:00:05.187500,7.238332
1789128005218750000,2026-09-11T07:00:05.218750,7.129485
1789128005250000000,2026-09-11T07:00:05.250000,6.349414
1789128005281250000,2026-09-11T07:00:05.281250,5.950308
1789128005312500000,2026-09-11T07:00:05.312500,5.406073
1789128005343750000,2026-09-11T07:00:05.343750,5.115814
1789128005375000000,2026-09-11T07:00:05.375000,4.390167
1789128005406250000,2026-09-11T07:00:05.406250,4.118049
1789128005437500000,2026-09-11T07:00:05.437500,3.610096
1789128005468750000,2026-09-11T07:00:05.468750,3.174707
1789128005500000000,2026-09-11T07:00:05.500000,2.557907
1789128005531250000,2026-09-11T07:00:05.531250,2.086236
1789128005562500000,2026-09-11T07:00:05.562500,1.360589
1789128005593750000,2026-09-11T07:00:05.593750,0.507953
1789128005625000000,2026-09-11T07:00:05.625000,0.018141
1789128005656250000,2026-09-11T07:00:05.656250,-0.761930
1789128005687500000,2026-09-11T07:00:05.687500,-1.668989
1789128005718750000,2026-09-11T07:00:05.718750,-2.412777
1789128005750000000,2026-09-11T07:00:05.750000,-2.957013
1789128005781250000,2026-09-11T07:00:05.781250,-3.755225
1789128005812500000,2026-09-11T07:00:05.812500,-4.281319
1789128005843750000,2026-09-11T07:00:05.843750,-4.698567
1789128005875000000,2026-09-11T07:00:05.875000,-5.188379
1789128005906250000,2026-09-11T07:00:05.906250,-5.768897
1789128005937500000,2026-09-11T07:00:05.937500,-6.313132
1789128005968750000,2026-09-11T07:00:05.968750,-6.821085
1789128006000000000,2026-09-11T07:00:06,-7.601156
1789128006031250000,2026-09-11T07:00:06.031250,-8.018403
1789128006062500000,2026-09-11T07:00:06.062500,-8.598921
1789128006093750000,2026-09-11T07:00:06.093750,-9.143157
1789128006125000000,2026-09-11T07:00:06.125000,-9.941369
1789128006156250000,2026-09-11T07:00:06.156250,-10.159063
1789128006187500000,2026-09-11T07:00:06.187500,-10.757722
1789171200093750000,2026-09-11T19:00:00.093750,8.027474
1789171200125000000,2026-09-11T19:00:00.125000,7.102274
1789171200156250000,2026-09-11T19:00:00.156250,6.612462
1789171200187500000,2026-09-11T19:00:00.187500,6.122650
1789171200218750000,2026-09-11T19:00:00.218750,5.669120
1789171200250000000,2026-09-11T19:00:00.250000,4.925331
1789171200281250000,2026-09-11T19:00:00.281250,4.344814
1789171200312500000,2026-09-11T19:00:00.312500,3.492178
1789171200343750000,2026-09-11T19:00:00.343750,2.766531
1789171200375000000,2026-09-11T19:00:00.375000,2.258577
1789171200406250000,2026-09-11T19:00:00.406250,1.823189
1789171200437500000,2026-09-11T19:00:00.437500,1.424083
1789171200468750000,2026-09-11T19:00:00.468750,1.115683
1789171200500000000,2026-09-11T19:00:00.500000,0.607730
1789171200531250000,2026-09-11T19:00:00.531250,-0.081635
1789171200562500000,2026-09-11T19:00:00.562500,-0.879847
1789171200593750000,2026-09-11T19:00:00.593750,-1.532930
1789171200625000000,2026-09-11T19:00:00.625000,-2.313001
1789171200656250000,2026-09-11T19:00:00.656250,-2.966084
1789171200687500000,2026-09-11T19:00:00.687500,-3.619166
1789171200718750000,2026-09-11T19:00:00.718750,-4.163402
1789171200750000000,2026-09-11T19:00:00.750000,-4.671355
1789171200781250000,2026-09-11T19:00:00.781250,-5.342579
1789171200812500000,2026-09-11T19:00:00.812500,-5.886814
1789171200843750000,2026-09-11T19:00:00.843750,-6.340344
1789171200875000000,2026-09-11T19:00:00.875000,-7.156697
1789171200906250000,2026-09-11T19:00:00.906250,-7.773497
1789171200937500000,2026-09-11T19:00:00.937500,-8.372156
1789171200968750000,2026-09-11T19:00:00.968750,-9.115945
1789171201000000000,2026-09-11T19:00:01,-9.551333
1789171201031250000,2026-09-11T19:00:01.031250,-10.077428
1789171201062500000,2026-09-11T19:00:01.062500,-10.313263
1789171201093750000,2026-09-11T19:00:01.093750,-10.240698
1789171201125000000,2026-09-11T19:00:01.125000,-10.186275
1789171201156250000,2026-09-11T19:00:01.156250,-10.839357
1789171201187500000,2026-09-11T19:00:01.187500,-10.911922
1789171201218750000,2026-09-11T19:00:01.218750,-11.329169
1789171201250000000,2026-09-11T19:00:01.250000,-11.927828
1789171201281250000,2026-09-11T19:00:01.281250,-12.417640
1789171201312500000,2026-09-11T19:00:01.312500,-12.653476
1789171201343750000,2026-09-11T19:00:01.343750,-12.617193
1789171201375000000,2026-09-11T19:00:01.375000,-12.943735
1789171201406250000,2026-09-11T19:00:01.406250,-12.925594
1789171201437500000,2026-09-11T19:00:01.437500,-12.889311
1789171201468750000,2026-09-11T19:00:01.468750,-12.925594
1789171201500000000,2026-09-11T19:00:01.500000,-13.161429
1789171201531250000,2026-09-11T19:00:01.531250,-13.125147
1789171201562500000,2026-09-11T19:00:01.562500,-13.252135
1789171201593750000,2026-09-11T19:00:01.593750,-13.487970
1789171201625000000,2026-09-11T19:00:01.625000,-13.197711
1789171201656250000,2026-09-11T19:00:01.656250,-13.270276
1789171201687500000,2026-09-11T19:00:01.687500,-13.143288
1789171201718750000,2026-09-11T19:00:01.718750,-13.161429
1789171201750000000,2026-09-11T19:00:01.750000,-12.798605
1789171201781250000,2026-09-11T19:00:01.781250,-12.834888
1789171201812500000,2026-09-11T19:00:01.812500,-12.526488
1789171201843750000,2026-09-11T19:00:01.843750,-12.435782
1789171201875000000,2026-09-11T19:00:01.875000,-12.091099
1789171201906250000,2026-09-11T19:00:01.906250,-11.891546
1789171201937500000,2026-09-11T19:00:01.937500,-11.419875
1789171201968750000,2026-09-11T19:00:01.968750,-10.984487
1789171202000000000,2026-09-11T19:00:02,-10.657946
1789171202031250000,2026-09-11T19:00:02.031250,-10.204416
1789171202062500000,2026-09-11T19:00:02.062500,-9.551333
1789171202093750000,2026-09-11T19:00:02.093750,-9.242933
1789171202125000000,2026-09-11T19:00:02.125000,-8.571709
1789171202156250000,2026-09-11T19:00:02.156250,-8.027474
1789171202187500000,2026-09-11T19:00:02.187500,-7.374391
1789171202218750000,2026-09-11T19:00:02.218750,-7.102274
1789171202250000000,2026-09-11T19:00:02.250000,-6.340344
1789171202281250000,2026-09-11T19:00:02.281250,-5.796108
1789171202312500000,2026-09-11T19:00:02.312500,-4.979755
1789171202343750000,2026-09-11T19:00:02.343750,-4.580649
1789171202375000000,2026-09-11T19:00:02.375000,-3.691731
1789171202406250000,2026-09-11T19:00:02.406250,-3.129354
1789171202437500000,2026-09-11T19:00:02.437500,-2.639542
1789171202468750000,2026-09-11T19:00:02.468750,-2.276719
1789171202500000000,2026-09-11T19:00:02.500000,-1.569212
1789171202531250000,2026-09-11T19:00:02.531250,-1.224530
1789171202562500000,2026-09-11T19:00:02.562500,-0.934271
1789171202593750000,2026-09-11T19:00:02.593750,-0.662153
1789171202625000000,2026-09-11T19:00:02.625000,0.063494
1789171202656250000,2026-09-11T19:00:02.656250,0.607730
1789171202687500000,2026-09-11T19:00:02.687500,1.351518
1789171202718750000,2026-09-11T19:00:02.718750,2.204154
1789171202750000000,2026-09-11T19:00:02.750000,3.201919
1789171202781250000,2026-09-11T19:00:02.781250,3.836860
1789171202812500000,2026-09-11T19:00:02.812500,4.689496
1789171202843750000,2026-09-11T19:00:02.843750,5.342579
1789171202875000000,2026-09-11T19:00:02.875000,6.122650
1789171202906250000,2026-09-11T19:00:02.906250,6.648744
1789171202937500000,2026-09-11T19:00:02.937500,7.283685
1789171202968750000,2026-09-11T19:00:02.968750,7.483238
1789171203000000000,2026-09-11T19:00:03,7.737215
1789171203031250000,2026-09-11T19:00:03.031250,7.918627
1789171203062500000,2026-09-11T19:00:03.062500,8.154462
1789171203093750000,2026-09-11T19:00:03.093750,8.644274
1789171203125000000,2026-09-11T19:00:03.125000,8.970815
1789171203156250000,2026-09-11T19:00:03.156250,9.261074
1789171203187500000,2026-09-11T19:00:03.187500,9.623898
1789171203218750000,2026-09-11T19:00:03.218750,10.168134
1789171203250000000,2026-09-11T19:00:03.250000,10.313263
1789171203281250000,2026-09-11T19:00:03.281250,10.712369
1789171203312500000,2026-09-11T19:00:03.312500,11.202181
1789171203343750000,2026-09-11T19:00:03.343750,11.583146
1789171203375000000,2026-09-11T19:00:03.375000,11.855264
1789171203406250000,2026-09-11T19:00:03.406250,12.236229
1789171203437500000,2026-09-11T19:00:03.437500,12.526488
1789171203468750000,2026-09-11T19:00:03.468750,12.707899
1789171203500000000,2026-09-11T19:00:03.500000,12.744182
1789171203531250000,2026-09-11T19:00:03.531250,12.834888
1789171203562500000,2026-09-11T19:00:03.562500,12.798605
1789171203593750000,2026-09-11T19:00:03.593750,13.052582
1789171203625000000,2026-09-11T19:00:03.625000,13.306558
1789171203656250000,2026-09-11T19:00:03.656250,13.487970
1789171203687500000,2026-09-11T19:00:03.687500,13.415406
1789171203718750000,2026-09-11T19:00:03.718750,13.415406
1789171203750000000,2026-09-11T19:00:03.750000,13.233994
1789171203781250000,2026-09-11T19:00:03.781250,13.197711
1789171203812500000,2026-09-11T19:00:03.812500,13.052582
1789171203843750000,2026-09-11T19:00:03.843750,13.270276
1789171203875000000,2026-09-11T19:00:03.875000,13.197711
1789171203906250000,2026-09-11T19:00:03.906250,13.215853
1789171203937500000,2026-09-11T19:00:03.937500,12.871170
1789171203968750000,2026-09-11T19:00:03.968750,13.107005
1789171204000000000,2026-09-11T19:00:04,12.925594
1789171204031250000,2026-09-11T19:00:04.031250,13.143288
1789171204062500000,2026-09-11T19:00:04.062500,13.034441
1789171204093750000,2026-09-11T19:00:04.093750,13.233994
1789171204125000000,2026-09-11T19:00:04.125000,12.961876
1789171204156250000,2026-09-11T19:00:04.156250,13.088864
1789171204187500000,2026-09-11T19:00:04.187500,13.143288
1789171204218750000,2026-09-11T19:00:04.218750,13.379123
1789171204250000000,2026-09-11T19:00:04.250000,13.360982
1789171204281250000,2026-09-11T19:00:04.281250,13.324700
1789171204312500000,2026-09-11T19:00:04.312500,13.161429
1789171204343750000,2026-09-11T19:00:04.343750,12.580911
1789171204375000000,2026-09-11T19:00:04.375000,12.472064
1789171204406250000,2026-09-11T19:00:04.406250,12.326935
1789171204437500000,2026-09-11T19:00:04.437500,12.054817
1789171204468750000,2026-09-11T19:00:04.468750,11.964111
1789171204500000000,2026-09-11T19:00:04.500000,12.036676
1789171204531250000,2026-09-11T19:00:04.531250,12.054817
1789171204562500000,2026-09-11T19:00:04.562500,12.091099
1789171204593750000,2026-09-11T19:00:04.593750,12.254370
1789171204625000000,2026-09-11T19:00:04.625000,12.199946
1789171204656250000,2026-09-11T19:00:04.656250,12.163664
1789171204687500000,2026-09-11T19:00:04.687500,11.673852
1789171204718750000,2026-09-11T19:00:04.718750,11.401734
1789171204750000000,2026-09-11T19:00:04.750000,11.292887
1789171204781250000,2026-09-11T19:00:04.781250,11.057052
1789171204812500000,2026-09-11T19:00:04.812500,10.984487
1789171204843750000,2026-09-11T19:00:04.843750,11.147758
1789171204875000000,2026-09-11T19:00:04.875000,11.184040
1789171204906250000,2026-09-11T19:00:04.906250,10.875640
1789171204937500000,2026-09-11T19:00:04.937500,10.549098
1789171204968750000,2026-09-11T19:00:04.968750,10.204416
1789171205000000000,2026-09-11T19:00:05,9.642039
1789171205031250000,2026-09-11T19:00:05.031250,8.753121
1789171205062500000,2026-09-11T19:00:05.062500,8.444721
1789171205093750000,2026-09-11T19:00:05.093750,8.136321
1789171205125000000,2026-09-11T19:00:05.125000,7.628368
1789171205156250000,2026-09-11T19:00:05.156250,7.138556
1789171205187500000,2026-09-11T19:00:05.187500,6.866438
1789171205218750000,2026-09-11T19:00:05.218750,6.539897
1789171205250000000,2026-09-11T19:00:05.250000,5.868673
1789171205281250000,2026-09-11T19:00:05.281250,5.161167
1789171205312500000,2026-09-11T19:00:05.312500,4.889049
1789171205343750000,2026-09-11T19:00:05.343750,4.489943
1789171205375000000,2026-09-11T19:00:05.375000,3.800578
1789171205406250000,2026-09-11T19:00:05.406250,3.365190
1789171205437500000,2026-09-11T19:00:05.437500,3.111213
1789171205468750000,2026-09-11T19:00:05.468750,2.113448
1789171205500000000,2026-09-11T19:00:05.500000,1.315236
1789171205531250000,2026-09-11T19:00:05.531250,0.244906
1789171205562500000,2026-09-11T19:00:05.562500,-0.281188
1789171205593750000,2026-09-11T19:00:05.593750,-1.133824
1789171205625000000,2026-09-11T19:00:05.625000,-1.605495
1789171205656250000,2026-09-11T19:00:05.656250,-2.276719
1789171205687500000,2026-09-11T19:00:05.687500,-2.458130
1789171205718750000,2026-09-11T19:00:05.718750,-3.183778
1789171205750000000,2026-09-11T19:00:05.750000,-3.655449
1789171205781250000,2026-09-11T19:00:05.781250,-4.399237
1789171205812500000,2026-09-11T19:00:05.812500,-4.979755
1789171205843750000,2026-09-11T19:00:05.843750,-5.759826
1789171205875000000,2026-09-11T19:00:05.875000,-6.485473
1789171205906250000,2026-09-11T19:00:05.906250,-7.011568
1789171205937500000,2026-09-11T19:00:05.937500,-7.465097
1789171205968750000,2026-09-11T19:00:05.968750,-7.864203
1789171206000000000,2026-09-11T19:00:06,-8.372156
1789171206031250000,2026-09-11T19:00:06.031250,-8.716839
1789171206062500000,2026-09-11T19:00:06.062500,-9.279216
1789171206093750000,2026-09-11T19:00:06.093750,-9.877875
1789171206125000000,2026-09-11T19:00:06.125000,-10.258840
1789171206156250000,2026-09-11T19:00:06.156250,-10.730510
1789171206187500000,2026-09-11T19:00:06.187500,-11.383593
1789214400093750000,2026-09-12T07:00:00.093750,-11.492440
1789214400125000000,2026-09-12T07:00:00.125000,-12.000393
1789214400156250000,2026-09-12T07:00:00.156250,-12.236229
1789214400187500000,2026-09-12T07:00:00.187500,-12.726041
1789214400218750000,2026-09-12T07:00:00.218750,-13.252135
1789214400250000000,2026-09-12T07:00:00.250000,-13.433547
1789214400281250000,2026-09-12T07:00:00.281250,-13.306558
1789214400312500000,2026-09-12T07:00:00.312500,-13.560535
1789214400343750000,2026-09-12T07:00:00.343750,-13.379123
1789214400375000000,2026-09-12T07:00:00.375000,-13.379123
1789214400406250000,2026-09-12T07:00:00.406250,-13.107005
1789214400437500000,2026-09-12T07:00:00.437500,-13.052582
1789214400468750000,2026-09-12T07:00:00.468750,-13.397264
1789214400500000000,2026-09-12T07:00:00.500000,-13.161429
1789214400531250000,2026-09-12T07:00:00.531250,-13.088864
1789214400562500000,2026-09-12T07:00:00.562500,-13.179570
1789214400593750000,2026-09-12T07:00:00.593750,-13.524253
1789214400625000000,2026-09-12T07:00:00.625000,-13.179570
1789214400656250000,2026-09-12T07:00:00.656250,-13.233994
1789214400687500000,2026-09-12T07:00:00.687500,-13.306558
1789214400718750000,2026-09-12T07:00:00.718750,-13.052582
1789214400750000000,2026-09-12T07:00:00.750000,-12.744182
1789214400781250000,2026-09-12T07:00:00.781250,-12.580911
1789214400812500000,2026-09-12T07:00:00.812500,-12.236229
1789214400843750000,2026-09-12T07:00:00.843750,-11.673852
1789214400875000000,2026-09-12T07:00:00.875000,-11.002628
1789214400906250000,2026-09-12T07:00:00.906250,-10.857499
1789214400937500000,2026-09-12T07:00:00.937500,-10.331404
1789214400968750000,2026-09-12T07:00:00.968750,-10.149992
1789214401000000000,2026-09-12T07:00:01,-9.696463
1789214401031250000,2026-09-12T07:00:01.031250,-9.569475
1789214401062500000,2026-09-12T07:00:01.062500,-8.952674
1789214401093750000,2026-09-12T07:00:01.093750,-8.517286
1789214401125000000,2026-09-12T07:00:01.125000,-7.918627
1789214401156250000,2026-09-12T07:00:01.156250,-7.283685
1789214401187500000,2026-09-12T07:00:01.187500,-6.757591
1789214401218750000,2026-09-12T07:00:01.218750,-6.158932
1789214401250000000,2026-09-12T07:00:01.250000,-5.650979
1789214401281250000,2026-09-12T07:00:01.281250,-5.288155
1789214401312500000,2026-09-12T07:00:01.312500,-4.816484
1789214401343750000,2026-09-12T07:00:01.343750,-4.199684
1789214401375000000,2026-09-12T07:00:01.375000,-3.401472
1789214401406250000,2026-09-12T07:00:01.406250,-2.421848
1789214401437500000,2026-09-12T07:00:01.437500,-1.351518
1789214401468750000,2026-09-12T07:00:01.468750,-0.934271
1789214401500000000,2026-09-12T07:00:01.500000,-0.353753
1789214401531250000,2026-09-12T07:00:01.531250,-0.027212
1789214401562500000,2026-09-12T07:00:01.562500,0.625871
1789214401593750000,2026-09-12T07:00:01.593750,1.188248
1789214401625000000,2026-09-12T07:00:01.625000,1.913895
1789214401656250000,2026-09-12T07:00:01.656250,2.693966
1789214401687500000,2026-09-12T07:00:01.687500,3.655449
1789214401718750000,2026-09-12T07:00:01.718750,4.127119
1789214401750000000,2026-09-12T07:00:01.750000,4.580649
1789214401781250000,2026-09-12T07:00:01.781250,5.270014
1789214401812500000,2026-09-12T07:00:01.812500,5.650979
1789214401843750000,2026-09-12T07:00:01.843750,6.249638
1789214401875000000,2026-09-12T07:00:01.875000,6.630603
1789214401906250000,2026-09-12T07:00:01.906250,7.211121
1789214401937500000,2026-09-12T07:00:01.937500,7.628368
1789214401968750000,2026-09-12T07:00:01.968750,8.045615
1789214402000000000,2026-09-12T07:00:02,8.335874
1789214402031250000,2026-09-12T07:00:02.031250,8.861968
1789214402062500000,2026-09-12T07:00:02.062500,9.206651
1789214402093750000,2026-09-12T07:00:02.093750,9.496910
1789214402125000000,2026-09-12T07:00:02.125000,10.131851
1789214402156250000,2026-09-12T07:00:02.156250,10.349545
1789214402187500000,2026-09-12T07:00:02.187500,10.512816
1789214402218750000,2026-09-12T07:00:02.218750,10.657946
1789214402250000000,2026-09-12T07:00:02.250000,10.984487
1789214402281250000,2026-09-12T07:00:02.281250,11.202181
1789214402312500000,2026-09-12T07:00:02.312500,11.565005
1789214402343750000,2026-09-12T07:00:02.343750,12.272511
1789214402375000000,2026-09-12T07:00:02.375000,12.635335
1789214402406250000,2026-09-12T07:00:02.406250,12.889311
1789214402437500000,2026-09-12T07:00:02.437500,12.834888
1789214402468750000,2026-09-12T07:00:02.468750,12.943735
1789214402500000000,2026-09-12T07:00:02.500000,12.907452
1789214402531250000,2026-09-12T07:00:02.531250,13.070723
1789214402562500000,2026-09-12T07:00:02.562500,13.107005
1789214402593750000,2026-09-12T07:00:02.593750,13.016300
1789214402625000000,2026-09-12T07:00:02.625000,12.798605
1789214402656250000,2026-09-12T07:00:02.656250,12.907452
1789214402687500000,2026-09-12T07:00:02.687500,12.726041
1789214402718750000,2026-09-12T07:00:02.718750,12.762323
1789214402750000000,2026-09-12T07:00:02.750000,13.088864
1789214402781250000,2026-09-12T07:00:02.781250,13.270276
1789214402812500000,2026-09-12T07:00:02.812500,13.379123
1789214402843750000,2026-09-12T07:00:02.843750,13.379123
1789214402875000000,2026-09-12T07:00:02.875000,13.669382
1789214402906250000,2026-09-12T07:00:02.906250,13.306558
1789214402937500000,2026-09-12T07:00:02.937500,13.415406
1789214402968750000,2026-09-12T07:00:02.968750,13.215853
1789214403000000000,2026-09-12T07:00:03,13.288417
1789214403031250000,2026-09-12T07:00:03.031250,13.270276
1789214403062500000,2026-09-12T07:00:03.062500,13.288417
1789214403093750000,2026-09-12T07:00:03.093750,13.524253
1789214403125000000,2026-09-12T07:00:03.125000,13.397264
1789214403156250000,2026-09-12T07:00:03.156250,13.578676
1789214403187500000,2026-09-12T07:00:03.187500,13.415406
1789214403218750000,2026-09-12T07:00:03.218750,13.506111
1789214403250000000,2026-09-12T07:00:03.250000,13.125147
1789214403281250000,2026-09-12T07:00:03.281250,13.016300
1789214403312500000,2026-09-12T07:00:03.312500,12.980017
1789214403343750000,2026-09-12T07:00:03.343750,12.653476
1789214403375000000,2026-09-12T07:00:03.375000,12.617193
1789214403406250000,2026-09-12T07:00:03.406250,12.907452
1789214403437500000,2026-09-12T07:00:03.437500,12.599052
1789214403468750000,2026-09-12T07:00:03.468750,12.254370
1789214403500000000,2026-09-12T07:00:03.500000,12.236229
1789214403531250000,2026-09-12T07:00:03.531250,12.072958
1789214403562500000,2026-09-12T07:00:03.562500,11.873405
1789214403593750000,2026-09-12T07:00:03.593750,12.072958
1789214403625000000,2026-09-12T07:00:03.625000,12.036676
1789214403656250000,2026-09-12T07:00:03.656250,11.800840
1789214403687500000,2026-09-12T07:00:03.687500,11.855264
1789214403718750000,2026-09-12T07:00:03.718750,11.510581
1789214403750000000,2026-09-12T07:00:03.750000,11.220322
1789214403781250000,2026-09-12T07:00:03.781250,10.893781
1789214403812500000,2026-09-12T07:00:03.812500,10.621663
1789214403843750000,2026-09-12T07:00:03.843750,10.186275
1789214403875000000,2026-09-12T07:00:03.875000,9.750886
1789214403906250000,2026-09-12T07:00:03.906250,9.061521
1789214403937500000,2026-09-12T07:00:03.937500,8.589851
1789214403968750000,2026-09-12T07:00:03.968750,8.317733
1789214404000000000,2026-09-12T07:00:04,7.719074
1789214404031250000,2026-09-12T07:00:04.031250,7.555803
1789214404062500000,2026-09-12T07:00:04.062500,7.374391
1789214404093750000,2026-09-12T07:00:04.093750,7.319968
1789214404125000000,2026-09-12T07:00:04.125000,6.848297
1789214404156250000,2026-09-12T07:00:04.156250,6.739450
1789214404187500000,2026-09-12T07:00:04.187500,6.394767
1789214404218750000,2026-09-12T07:00:04.218750,6.213356
1789214404250000000,2026-09-12T07:00:04.250000,5.560273
1789214404281250000,2026-09-12T07:00:04.281250,4.907190
1789214404312500000,2026-09-12T07:00:04.312500,4.290390
1789214404343750000,2026-09-12T07:00:04.343750,3.474037
1789214404375000000,2026-09-12T07:00:04.375000,2.494413
1789214404406250000,2026-09-12T07:00:04.406250,1.605495
1789214404437500000,2026-09-12T07:00:04.437500,1.442224
1789214404468750000,2026-09-12T07:00:04.468750,0.789142
1789214404500000000,2026-09-12T07:00:04.500000,0.099777
1789214404531250000,2026-09-12T07:00:04.531250,-0.426318
1789214404562500000,2026-09-12T07:00:04.562500,-0.879847
1789214404593750000,2026-09-12T07:00:04.593750,-1.968318
1789214404625000000,2026-09-12T07:00:04.625000,-2.621401
1789214404656250000,2026-09-12T07:00:04.656250,-3.220060
1789214404687500000,2026-09-12T07:00:04.687500,-3.873143
1789214404718750000,2026-09-12T07:00:04.718750,-4.489943
1789214404750000000,2026-09-12T07:00:04.750000,-4.979755
1789214404781250000,2026-09-12T07:00:04.781250,-5.632838
1789214404812500000,2026-09-12T07:00:04.812500,-6.394767
1789214404843750000,2026-09-12T07:00:04.843750,-6.975285
1789214404875000000,2026-09-12T07:00:04.875000,-7.537662
1789214404906250000,2026-09-12T07:00:04.906250,-7.954909
1789214404937500000,2026-09-12T07:00:04.937500,-8.481004
1789214404968750000,2026-09-12T07:00:04.968750,-8.952674
1789214405000000000,2026-09-12T07:00:05,-9.623898
1789214405031250000,2026-09-12T07:00:05.031250,-10.168134
1789214405062500000,2026-09-12T07:00:05.062500,-10.730510
1789214405093750000,2026-09-12T07:00:05.093750,-11.111475
1789214405125000000,2026-09-12T07:00:05.125000,-11.419875
1789214405156250000,2026-09-12T07:00:05.156250,-11.456158
1789214405187500000,2026-09-12T07:00:05.187500,-11.583146
1789214405218750000,2026-09-12T07:00:05.218750,-11.782699
1789214405250000000,2026-09-12T07:00:05.250000,-11.982252
1789214405281250000,2026-09-12T07:00:05.281250,-12.218087
1789214405312500000,2026-09-12T07:00:05.312500,-12.199946
1789214405343750000,2026-09-12T07:00:05.343750,-12.653476
1789214405375000000,2026-09-12T07:00:05.375000,-12.762323
1789214405406250000,2026-09-12T07:00:05.406250,-13.016300
1789214405437500000,2026-09-12T07:00:05.437500,-13.252135
1789214405468750000,2026-09-12T07:00:05.468750,-13.669382
1789214405500000000,2026-09-12T07:00:05.500000,-13.415406
1789214405531250000,2026-09-12T07:00:05.531250,-13.578676
1789214405562500000,2026-09-12T07:00:05.562500,-13.560535
1789214405593750000,2026-09-12T07:00:05.593750,-13.107005
1789214405625000000,2026-09-12T07:00:05.625000,-12.943735
1789214405656250000,2026-09-12T07:00:05.656250,-12.907452
1789214405687500000,2026-09-12T07:00:05.687500,-12.871170
1789214405718750000,2026-09-12T07:00:05.718750,-12.617193
1789214405750000000,2026-09-12T07:00:05.750000,-12.671617
1789214405781250000,2026-09-12T07:00:05.781250,-12.653476
1789214405812500000,2026-09-12T07:00:05.812500,-12.490205
1789214405843750000,2026-09-12T07:00:05.843750,-12.127382
1789214405875000000,2026-09-12T07:00:05.875000,-11.837123
1789214405906250000,2026-09-12T07:00:05.906250,-11.637570
1789214405937500000,2026-09-12T07:00:05.937500,-11.184040
1789214405968750000,2026-09-12T07:00:05.968750,-10.984487
1789214406000000000,2026-09-12T07:00:06,-10.512816
1789214406031250000,2026-09-12T07:00:06.031250,-10.240698
1789214406062500000,2026-09-12T07:00:06.062500,-9.496910
1789214406093750000,2026-09-12T07:00:06.093750,-8.988957
1789214406125000000,2026-09-12T07:00:06.125000,-8.118180
1789214406156250000,2026-09-12T07:00:06.156250,-7.682791
1789214406187500000,2026-09-12T07:00:06.187500,-7.374391
1789257600093750000,2026-09-12T19:00:00.093750,8.172603
1789257600125000000,2026-09-12T19:00:00.125000,8.426580
1789257600156250000,2026-09-12T19:00:00.156250,8.934533
1789257600187500000,2026-09-12T19:00:00.187500,9.297357
1789257600218750000,2026-09-12T19:00:00.218750,9.496910
1789257600250000000,2026-09-12T19:00:00.250000,9.769028
1789257600281250000,2026-09-12T19:00:00.281250,10.004863
1789257600312500000,2026-09-12T19:00:00.312500,10.240698
1789257600343750000,2026-09-12T19:00:00.343750,10.639804
1789257600375000000,2026-09-12T19:00:00.375000,11.147758
1789257600406250000,2026-09-12T19:00:00.406250,11.002628
1789257600437500000,2026-09-12T19:00:00.437500,11.383593
1789257600468750000,2026-09-12T19:00:00.468750,11.837123
1789257600500000000,2026-09-12T19:00:00.500000,12.181805
1789257600531250000,2026-09-12T19:00:00.531250,12.254370
1789257600562500000,2026-09-12T19:00:00.562500,12.853029
1789257600593750000,2026-09-12T19:00:00.593750,13.215853
1789257600625000000,2026-09-12T19:00:00.625000,13.342841
1789257600656250000,2026-09-12T19:00:00.656250,13.487970
1789257600687500000,2026-09-12T19:00:00.687500,13.669382
1789257600718750000,2026-09-12T19:00:00.718750,13.814512
1789257600750000000,2026-09-12T19:00:00.750000,13.741947
1789257600781250000,2026-09-12T19:00:00.781250,13.651241
1789257600812500000,2026-09-12T19:00:00.812500,13.306558
1789257600843750000,2026-09-12T19:00:00.843750,13.342841
1789257600875000000,2026-09-12T19:00:00.875000,13.324700
1789257600906250000,2026-09-12T19:00:00.906250,13.578676
1789257600937500000,2026-09-12T19:00:00.937500,13.814512
1789257600968750000,2026-09-12T19:00:00.968750,14.177335
1789257601000000000,2026-09-12T19:00:01,14.249900
1789257601031250000,2026-09-12T19:00:01.031250,14.141053
1789257601062500000,2026-09-12T19:00:01.062500,13.941500
1789257601093750000,2026-09-12T19:00:01.093750,13.760088
1789257601125000000,2026-09-12T19:00:01.125000,13.469829
1789257601156250000,2026-09-12T19:00:01.156250,13.360982
1789257601187500000,2026-09-12T19:00:01.187500,13.524253
1789257601218750000,2026-09-12T19:00:01.218750,13.451688
1789257601250000000,2026-09-12T19:00:01.250000,13.542394
1789257601281250000,2026-09-12T19:00:01.281250,13.596817
1789257601312500000,2026-09-12T19:00:01.312500,13.360982
1789257601343750000,2026-09-12T19:00:01.343750,13.270276
1789257601375000000,2026-09-12T19:00:01.375000,13.306558
1789257601406250000,2026-09-12T19:00:01.406250,13.107005
1789257601437500000,2026-09-12T19:00:01.437500,13.179570
1789257601468750000,2026-09-12T19:00:01.468750,13.233994
1789257601500000000,2026-09-12T19:00:01.500000,13.125147
1789257601531250000,2026-09-12T19:00:01.531250,13.143288
1789257601562500000,2026-09-12T19:00:01.562500,13.070723
1789257601593750000,2026-09-12T19:00:01.593750,12.780464
1789257601625000000,2026-09-12T19:00:01.625000,13.034441
1789257601656250000,2026-09-12T19:00:01.656250,12.798605
1789257601687500000,2026-09-12T19:00:01.687500,12.363217
1789257601718750000,2026-09-12T19:00:01.718750,12.199946
1789257601750000000,2026-09-12T19:00:01.750000,12.109240
1789257601781250000,2026-09-12T19:00:01.781250,11.691993
1789257601812500000,2026-09-12T19:00:01.812500,11.601287
1789257601843750000,2026-09-12T19:00:01.843750,11.365452
1789257601875000000,2026-09-12T19:00:01.875000,11.292887
1789257601906250000,2026-09-12T19:00:01.906250,11.202181
1789257601937500000,2026-09-12T19:00:01.937500,11.075193
1789257601968750000,2026-09-12T19:00:01.968750,10.893781
1789257602000000000,2026-09-12T19:00:02,10.730510
1789257602031250000,2026-09-12T19:00:02.031250,10.403969
1789257602062500000,2026-09-12T19:00:02.062500,10.149992
1789257602093750000,2026-09-12T19:00:02.093750,9.678322
1789257602125000000,2026-09-12T19:00:02.125000,9.007098
1789257602156250000,2026-09-12T19:00:02.156250,8.698698
1789257602187500000,2026-09-12T19:00:02.187500,8.190745
1789257602218750000,2026-09-12T19:00:02.218750,7.954909
1789257602250000000,2026-09-12T19:00:02.250000,7.319968
1789257602281250000,2026-09-12T19:00:02.281250,6.866438
1789257602312500000,2026-09-12T19:00:02.312500,6.485473
1789257602343750000,2026-09-12T19:00:02.343750,5.959379
1789257602375000000,2026-09-12T19:00:02.375000,4.961614
1789257602406250000,2026-09-12T19:00:02.406250,4.508084
1789257602437500000,2026-09-12T19:00:02.437500,4.127119
1789257602468750000,2026-09-12T19:00:02.468750,3.455896
1789257602500000000,2026-09-12T19:00:02.500000,3.147495
1789257602531250000,2026-09-12T19:00:02.531250,2.693966
1789257602562500000,2026-09-12T19:00:02.562500,2.403707
1789257602593750000,2026-09-12T19:00:02.593750,1.714342
1789257602625000000,2026-09-12T19:00:02.625000,1.024977
1789257602656250000,2026-09-12T19:00:02.656250,0.208624
1789257602687500000,2026-09-12T19:00:02.687500,-0.462600
1789257602718750000,2026-09-12T19:00:02.718750,-1.696201
1789257602750000000,2026-09-12T19:00:02.750000,-2.313001
1789257602781250000,2026-09-12T19:00:02.781250,-2.839095
1789257602812500000,2026-09-12T19:00:02.812500,-3.328907
1789257602843750000,2026-09-12T19:00:02.843750,-3.836860
1789257602875000000,2026-09-12T19:00:02.875000,-4.290390
1789257602906250000,2026-09-12T19:00:02.906250,-4.889049
1789257602937500000,2026-09-12T19:00:02.937500,-5.342579
1789257602968750000,2026-09-12T19:00:02.968750,-6.449191
1789257603000000000,2026-09-12T19:00:03,-7.192979
1789257603031250000,2026-09-12T19:00:03.031250,-7.719074
1789257603062500000,2026-09-12T19:00:03.062500,-8.136321
1789257603093750000,2026-09-12T19:00:03.093750,-8.861968
1789257603125000000,2026-09-12T19:00:03.125000,-9.315498
1789257603156250000,2026-09-12T19:00:03.156250,-9.732745
1789257603187500000,2026-09-12T19:00:03.187500,-10.023004
1789257603218750000,2026-09-12T19:00:03.218750,-10.494675
1789257603250000000,2026-09-12T19:00:03.250000,-11.129616
1789257603281250000,2026-09-12T19:00:03.281250,-11.510581
1789257603312500000,2026-09-12T19:00:03.312500,-11.873405
1789257603343750000,2026-09-12T19:00:03.343750,-12.272511
1789257603375000000,2026-09-12T19:00:03.375000,-12.762323
1789257603406250000,2026-09-12T19:00:03.406250,-12.744182
1789257603437500000,2026-09-12T19:00:03.437500,-13.034441
1789257603468750000,2026-09-12T19:00:03.468750,-13.270276
1789257603500000000,2026-09-12T19:00:03.500000,-13.342841
1789257603531250000,2026-09-12T19:00:03.531250,-13.614959
1789257603562500000,2026-09-12T19:00:03.562500,-13.868935
1789257603593750000,2026-09-12T19:00:03.593750,-13.850794
1789257603625000000,2026-09-12T19:00:03.625000,-14.050347
1789257603656250000,2026-09-12T19:00:03.656250,-14.249900
1789257603687500000,2026-09-12T19:00:03.687500,-14.050347
1789257603718750000,2026-09-12T19:00:03.718750,-13.868935
1789257603750000000,2026-09-12T19:00:03.750000,-13.578676
1789257603781250000,2026-09-12T19:00:03.781250,-13.215853
1789257603812500000,2026-09-12T19:00:03.812500,-13.179570
1789257603843750000,2026-09-12T19:00:03.843750,-13.016300
1789257603875000000,2026-09-12T19:00:03.875000,-13.052582
1789257603906250000,2026-09-12T19:00:03.906250,-12.689758
1789257603937500000,2026-09-12T19:00:03.937500,-12.490205
1789257603968750000,2026-09-12T19:00:03.968750,-12.091099
1789257604000000000,2026-09-12T19:00:04,-11.982252
1789257604031250000,2026-09-12T19:00:04.031250,-11.746417
1789257604062500000,2026-09-12T19:00:04.062500,-11.528722
1789257604093750000,2026-09-12T19:00:04.093750,-11.147758
1789257604125000000,2026-09-12T19:00:04.125000,-11.093334
1789257604156250000,2026-09-12T19:00:04.156250,-10.585381
1789257604187500000,2026-09-12T19:00:04.187500,-10.095569
1789257604218750000,2026-09-12T19:00:04.218750,-9.823451
1789257604250000000,2026-09-12T19:00:04.250000,-9.496910
1789257604281250000,2026-09-12T19:00:04.281250,-8.662415
1789257604312500000,2026-09-12T19:00:04.312500,-8.009333
1789257604343750000,2026-09-12T19:00:04.343750,-7.301827
1789257604375000000,2026-09-12T19:00:04.375000,-6.576179
1789257604406250000,2026-09-12T19:00:04.406250,-6.177073
1789257604437500000,2026-09-12T19:00:04.437500,-5.505849
1789257604468750000,2026-09-12T19:00:04.468750,-4.961614
1789257604500000000,2026-09-12T19:00:04.500000,-4.562508
1789257604531250000,2026-09-12T19:00:04.531250,-4.199684
1789257604562500000,2026-09-12T19:00:04.562500,-3.274484
1789257604593750000,2026-09-12T19:00:04.593750,-2.947942
1789257604625000000,2026-09-12T19:00:04.625000,-2.167871
1789257604656250000,2026-09-12T19:00:04.656250,-1.478506
1789257604687500000,2026-09-12T19:00:04.687500,-0.861706
1789257604718750000,2026-09-12T19:00:04.718750,-0.136059
1789257604750000000,2026-09-12T19:00:04.750000,0.752859
1789257604781250000,2026-09-12T19:00:04.781250,1.133824
1789257604812500000,2026-09-12T19:00:04.812500,1.913895
1789257604843750000,2026-09-12T19:00:04.843750,2.766531
1789257604875000000,2026-09-12T19:00:04.875000,3.328907
1789257604906250000,2026-09-12T19:00:04.906250,3.728013
1789257604937500000,2026-09-12T19:00:04.937500,4.544367
1789257604968750000,2026-09-12T19:00:04.968750,5.034179
1789257605000000000,2026-09-12T19:00:05,5.777967
1789257605031250000,2026-09-12T19:00:05.031250,6.231497
1789257605062500000,2026-09-12T19:00:05.062500,6.884579
1789257605093750000,2026-09-12T19:00:05.093750,7.211121
1789257605125000000,2026-09-12T19:00:05.125000,7.737215
1789257605156250000,2026-09-12T19:00:05.156250,7.809780
1789257605187500000,2026-09-12T19:00:05.187500,8.172603
1789257605218750000,2026-09-12T19:00:05.218750,8.880110
1789257605250000000,2026-09-12T19:00:05.250000,9.261074
1789257605281250000,2026-09-12T19:00:05.281250,9.551333
1789257605312500000,2026-09-12T19:00:05.312500,10.313263
1789257605343750000,2026-09-12T19:00:05.343750,10.657946
1789257605375000000,2026-09-12T19:00:05.375000,10.821216
1789257605406250000,2026-09-12T19:00:05.406250,11.165899
1789257605437500000,2026-09-12T19:00:05.437500,11.565005
1789257605468750000,2026-09-12T19:00:05.468750,11.311028
1789257605500000000,2026-09-12T19:00:05.500000,11.800840
1789257605531250000,2026-09-12T19:00:05.531250,11.927828
1789257605562500000,2026-09-12T19:00:05.562500,12.472064
1789257605593750000,2026-09-12T19:00:05.593750,12.762323
1789257605625000000,2026-09-12T19:00:05.625000,13.125147
1789257605656250000,2026-09-12T19:00:05.656250,13.252135
1789257605687500000,2026-09-12T19:00:05.687500,13.506111
1789257605718750000,2026-09-12T19:00:05.718750,13.143288
1789257605750000000,2026-09-12T19:00:05.750000,13.070723
1789257605781250000,2026-09-12T19:00:05.781250,13.270276
1789257605812500000,2026-09-12T19:00:05.812500,13.125147
1789257605843750000,2026-09-12T19:00:05.843750,13.052582
1789257605875000000,2026-09-12T19:00:05.875000,13.415406
1789257605906250000,2026-09-12T19:00:05.906250,13.469829
1789257605937500000,2026-09-12T19:00:05.937500,13.596817
1789257605968750000,2026-09-12T19:00:05.968750,13.542394
1789257606000000000,2026-09-12T19:00:06,13.506111
1789257606031250000,2026-09-12T19:00:06.031250,13.560535
1789257606062500000,2026-09-12T19:00:06.062500,13.506111
1789257606093750000,2026-09-12T19:00:06.093750,13.215853
1789257606125000000,2026-09-12T19:00:06.125000,13.288417
1789257606156250000,2026-09-12T19:00:06.156250,13.360982
1789257606187500000,2026-09-12T19:00:06.187500,13.161429
1789300800093750000,2026-09-13T07:00:00.093750,-0.208624
1789300800125000000,2026-09-13T07:00:00.125000,-1.006836
1789300800156250000,2026-09-13T07:00:00.156250,-1.551071
1789300800187500000,2026-09-13T07:00:00.187500,-1.859471
1789300800218750000,2026-09-13T07:00:00.218750,-2.186013
1789300800250000000,2026-09-13T07:00:00.250000,-2.893519
1789300800281250000,2026-09-13T07:00:00.281250,-3.401472
1789300800312500000,2026-09-13T07:00:00.312500,-4.127119
1789300800343750000,2026-09-13T07:00:00.343750,-5.016037
1789300800375000000,2026-09-13T07:00:00.375000,-5.977520
1789300800406250000,2026-09-13T07:00:00.406250,-6.812015
1789300800437500000,2026-09-13T07:00:00.437500,-7.465097
1789300800468750000,2026-09-13T07:00:00.468750,-8.335874
1789300800500000000,2026-09-13T07:00:00.500000,-8.880110
1789300800531250000,2026-09-13T07:00:00.531250,-9.279216
1789300800562500000,2026-09-13T07:00:00.562500,-9.515051
1789300800593750000,2026-09-13T07:00:00.593750,-9.859734
1789300800625000000,2026-09-13T07:00:00.625000,-10.313263
1789300800656250000,2026-09-13T07:00:00.656250,-10.948205
1789300800687500000,2026-09-13T07:00:00.687500,-11.038910
1789300800718750000,2026-09-13T07:00:00.718750,-11.419875
1789300800750000000,2026-09-13T07:00:00.750000,-11.782699
1789300800781250000,2026-09-13T07:00:00.781250,-12.036676
1789300800812500000,2026-09-13T07:00:00.812500,-12.272511
1789300800843750000,2026-09-13T07:00:00.843750,-12.853029
1789300800875000000,2026-09-13T07:00:00.875000,-12.925594
1789300800906250000,2026-09-13T07:00:00.906250,-13.088864
1789300800937500000,2026-09-13T07:00:00.937500,-12.834888
1789300800968750000,2026-09-13T07:00:00.968750,-12.744182
1789300801000000000,2026-09-13T07:00:01,-12.961876
1789300801031250000,2026-09-13T07:00:01.031250,-13.270276
1789300801062500000,2026-09-13T07:00:01.062500,-13.506111
1789300801093750000,2026-09-13T07:00:01.093750,-13.741947
1789300801125000000,2026-09-13T07:00:01.125000,-13.651241
1789300801156250000,2026-09-13T07:00:01.156250,-13.342841
1789300801187500000,2026-09-13T07:00:01.187500,-13.125147
1789300801218750000,2026-09-13T07:00:01.218750,-12.980017
1789300801250000000,2026-09-13T07:00:01.250000,-12.526488
1789300801281250000,2026-09-13T07:00:01.281250,-12.417640
1789300801312500000,2026-09-13T07:00:01.312500,-12.254370
1789300801343750000,2026-09-13T07:00:01.343750,-12.163664
1789300801375000000,2026-09-13T07:00:01.375000,-11.673852
1789300801406250000,2026-09-13T07:00:01.406250,-11.673852
1789300801437500000,2026-09-13T07:00:01.437500,-11.401734
1789300801468750000,2026-09-13T07:00:01.468750,-11.002628
1789300801500000000,2026-09-13T07:00:01.500000,-10.621663
1789300801531250000,2026-09-13T07:00:01.531250,-10.385828
1789300801562500000,2026-09-13T07:00:01.562500,-9.859734
1789300801593750000,2026-09-13T07:00:01.593750,-9.351780
1789300801625000000,2026-09-13T07:00:01.625000,-8.970815
1789300801656250000,2026-09-13T07:00:01.656250,-8.662415
1789300801687500000,2026-09-13T07:00:01.687500,-8.390298
1789300801718750000,2026-09-13T07:00:01.718750,-8.100039
1789300801750000000,2026-09-13T07:00:01.750000,-7.773497
1789300801781250000,2026-09-13T07:00:01.781250,-7.174838
1789300801812500000,2026-09-13T07:00:01.812500,-6.594320
1789300801843750000,2026-09-13T07:00:01.843750,-5.505849
1789300801875000000,2026-09-13T07:00:01.875000,-4.689496
1789300801906250000,2026-09-13T07:00:01.906250,-4.018272
1789300801937500000,2026-09-13T07:00:01.937500,-3.383331
1789300801968750000,2026-09-13T07:00:01.968750,-2.929801
1789300802000000000,2026-09-13T07:00:02,-2.258577
1789300802031250000,2026-09-13T07:00:02.031250,-1.605495
1789300802062500000,2026-09-13T07:00:02.062500,-1.151965
1789300802093750000,2026-09-13T07:00:02.093750,-0.517024
1789300802125000000,2026-09-13T07:00:02.125000,0.462600
1789300802156250000,2026-09-13T07:00:02.156250,0.662153
1789300802187500000,2026-09-13T07:00:02.187500,1.315236
1789300802218750000,2026-09-13T07:00:02.218750,2.439989
1789300802250000000,2026-09-13T07:00:02.250000,3.093072
1789300802281250000,2026-09-13T07:00:02.281250,3.528460
1789300802312500000,2026-09-13T07:00:02.312500,4.163402
1789300802343750000,2026-09-13T07:00:02.343750,4.671355
1789300802375000000,2026-09-13T07:00:02.375000,4.707637
1789300802406250000,2026-09-13T07:00:02.406250,4.943473
1789300802437500000,2026-09-13T07:00:02.437500,5.832391
1789300802468750000,2026-09-13T07:00:02.468750,6.195214
1789300802500000000,2026-09-13T07:00:02.500000,6.721309
1789300802531250000,2026-09-13T07:00:02.531250,7.483238
1789300802562500000,2026-09-13T07:00:02.562500,8.245168
1789300802593750000,2026-09-13T07:00:02.593750,8.880110
1789300802625000000,2026-09-13T07:00:02.625000,9.805310
1789300802656250000,2026-09-13T07:00:02.656250,10.258840
1789300802687500000,2026-09-13T07:00:02.687500,10.839357
1789300802718750000,2026-09-13T07:00:02.718750,11.220322
1789300802750000000,2026-09-13T07:00:02.750000,11.202181
1789300802781250000,2026-09-13T07:00:02.781250,11.111475
1789300802812500000,2026-09-13T07:00:02.812500,11.238463
1789300802843750000,2026-09-13T07:00:02.843750,11.075193
1789300802875000000,2026-09-13T07:00:02.875000,11.347311
1789300802906250000,2026-09-13T07:00:02.906250,11.274746
1789300802937500000,2026-09-13T07:00:02.937500,11.474299
1789300802968750000,2026-09-13T07:00:02.968750,11.764558
1789300803000000000,2026-09-13T07:00:03,12.272511
1789300803031250000,2026-09-13T07:00:03.031250,12.363217
1789300803062500000,2026-09-13T07:00:03.062500,13.016300
1789300803093750000,2026-09-13T07:00:03.093750,13.415406
1789300803125000000,2026-09-13T07:00:03.125000,13.433547
1789300803156250000,2026-09-13T07:00:03.156250,13.524253
1789300803187500000,2026-09-13T07:00:03.187500,13.542394
1789300803218750000,2026-09-13T07:00:03.218750,13.596817
1789300803250000000,2026-09-13T07:00:03.250000,13.252135
1789300803281250000,2026-09-13T07:00:03.281250,13.433547
1789300803312500000,2026-09-13T07:00:03.312500,13.433547
1789300803343750000,2026-09-13T07:00:03.343750,13.397264
1789300803375000000,2026-09-13T07:00:03.375000,13.560535
1789300803406250000,2026-09-13T07:00:03.406250,13.741947
1789300803437500000,2026-09-13T07:00:03.437500,13.723806
1789300803468750000,2026-09-13T07:00:03.468750,13.487970
1789300803500000000,2026-09-13T07:00:03.500000,13.451688
1789300803531250000,2026-09-13T07:00:03.531250,13.179570
1789300803562500000,2026-09-13T07:00:03.562500,13.324700
1789300803593750000,2026-09-13T07:00:03.593750,13.324700
1789300803625000000,2026-09-13T07:00:03.625000,13.270276
1789300803656250000,2026-09-13T07:00:03.656250,13.397264
1789300803687500000,2026-09-13T07:00:03.687500,13.433547
1789300803718750000,2026-09-13T07:00:03.718750,13.379123
1789300803750000000,2026-09-13T07:00:03.750000,13.469829
1789300803781250000,2026-09-13T07:00:03.781250,13.342841
1789300803812500000,2026-09-13T07:00:03.812500,13.379123
1789300803843750000,2026-09-13T07:00:03.843750,13.215853
1789300803875000000,2026-09-13T07:00:03.875000,13.070723
1789300803906250000,2026-09-13T07:00:03.906250,12.853029
1789300803937500000,2026-09-13T07:00:03.937500,12.998158
1789300803968750000,2026-09-13T07:00:03.968750,12.780464
1789300804000000000,2026-09-13T07:00:04,12.871170
1789300804031250000,2026-09-13T07:00:04.031250,12.907452
1789300804062500000,2026-09-13T07:00:04.062500,12.726041
1789300804093750000,2026-09-13T07:00:04.093750,12.816746
1789300804125000000,2026-09-13T07:00:04.125000,12.635335
1789300804156250000,2026-09-13T07:00:04.156250,12.490205
1789300804187500000,2026-09-13T07:00:04.187500,12.345076
1789300804218750000,2026-09-13T07:00:04.218750,12.345076
1789300804250000000,2026-09-13T07:00:04.250000,12.145523
1789300804281250000,2026-09-13T07:00:04.281250,12.054817
1789300804312500000,2026-09-13T07:00:04.312500,11.873405
1789300804343750000,2026-09-13T07:00:04.343750,11.710134
1789300804375000000,2026-09-13T07:00:04.375000,11.510581
1789300804406250000,2026-09-13T07:00:04.406250,11.329169
1789300804437500000,2026-09-13T07:00:04.437500,10.984487
1789300804468750000,2026-09-13T07:00:04.468750,10.403969
1789300804500000000,2026-09-13T07:00:04.500000,9.896016
1789300804531250000,2026-09-13T07:00:04.531250,9.315498
1789300804562500000,2026-09-13T07:00:04.562500,8.753121
1789300804593750000,2026-09-13T07:00:04.593750,8.444721
1789300804625000000,2026-09-13T07:00:04.625000,7.846062
1789300804656250000,2026-09-13T07:00:04.656250,7.465097
1789300804687500000,2026-09-13T07:00:04.687500,7.555803
1789300804718750000,2026-09-13T07:00:04.718750,7.428815
1789300804750000000,2026-09-13T07:00:04.750000,6.884579
1789300804781250000,2026-09-13T07:00:04.781250,6.866438
1789300804812500000,2026-09-13T07:00:04.812500,6.449191
1789300804843750000,2026-09-13T07:00:04.843750,5.705402
1789300804875000000,2026-09-13T07:00:04.875000,4.961614
1789300804906250000,2026-09-13T07:00:04.906250,4.362955
1789300804937500000,2026-09-13T07:00:04.937500,3.564743
1789300804968750000,2026-09-13T07:00:04.968750,2.911660
1789300805000000000,2026-09-13T07:00:05,1.950177
1789300805031250000,2026-09-13T07:00:05.031250,1.079400
1789300805062500000,2026-09-13T07:00:05.062500,0.426318
1789300805093750000,2026-09-13T07:00:05.093750,-0.117918
1789300805125000000,2026-09-13T07:00:05.125000,-0.752859
1789300805156250000,2026-09-13T07:00:05.156250,-1.260812
1789300805187500000,2026-09-13T07:00:05.187500,-1.623636
1789300805218750000,2026-09-13T07:00:05.218750,-2.294860
1789300805250000000,2026-09-13T07:00:05.250000,-2.929801
1789300805281250000,2026-09-13T07:00:05.281250,-3.474037
1789300805312500000,2026-09-13T07:00:05.312500,-3.873143
1789300805343750000,2026-09-13T07:00:05.343750,-4.762061
1789300805375000000,2026-09-13T07:00:05.375000,-5.415143
1789300805406250000,2026-09-13T07:00:05.406250,-6.122650
1789300805437500000,2026-09-13T07:00:05.437500,-6.576179
1789300805468750000,2026-09-13T07:00:05.468750,-7.283685
1789300805500000000,2026-09-13T07:00:05.500000,-7.737215
1789300805531250000,2026-09-13T07:00:05.531250,-8.263309
1789300805562500000,2026-09-13T07:00:05.562500,-8.934533
1789300805593750000,2026-09-13T07:00:05.593750,-9.769028
1789300805625000000,2026-09-13T07:00:05.625000,-10.113710
1789300805656250000,2026-09-13T07:00:05.656250,-10.530957
1789300805687500000,2026-09-13T07:00:05.687500,-10.730510
1789300805718750000,2026-09-13T07:00:05.718750,-10.948205
1789300805750000000,2026-09-13T07:00:05.750000,-11.093334
1789300805781250000,2026-09-13T07:00:05.781250,-11.474299
1789300805812500000,2026-09-13T07:00:05.812500,-11.945970
1789300805843750000,2026-09-13T07:00:05.843750,-12.127382
1789300805875000000,2026-09-13T07:00:05.875000,-12.181805
1789300805906250000,2026-09-13T07:00:05.906250,-12.689758
1789300805937500000,2026-09-13T07:00:05.937500,-12.961876
1789300805968750000,2026-09-13T07:00:05.968750,-12.980017
1789300806000000000,2026-09-13T07:00:06,-13.252135
1789300806031250000,2026-09-13T07:00:06.031250,-13.379123
1789300806062500000,2026-09-13T07:00:06.062500,-13.107005
1789300806093750000,2026-09-13T07:00:06.093750,-13.252135
1789300806125000000,2026-09-13T07:00:06.125000,-13.197711
1789300806156250000,2026-09-13T07:00:06.156250,-12.925594
1789300806187500000,2026-09-13T07:00:06.187500,-13.107005
1789344000093750000,2026-09-13T19:00:00.093750,10.168134
1789344000125000000,2026-09-13T19:00:00.125000,10.313263
1789344000156250000,2026-09-13T19:00:00.156250,10.839357
1789344000187500000,2026-09-13T19:00:00.187500,11.383593
1789344000218750000,2026-09-13T19:00:00.218750,11.256605
1789344000250000000,2026-09-13T19:00:00.250000,11.438017
1789344000281250000,2026-09-13T19:00:00.281250,11.728275
1789344000312500000,2026-09-13T19:00:00.312500,11.855264
1789344000343750000,2026-09-13T19:00:00.343750,11.764558
1789344000375000000,2026-09-13T19:00:00.375000,12.435782
1789344000406250000,2026-09-13T19:00:00.406250,12.726041
1789344000437500000,2026-09-13T19:00:00.437500,12.889311
1789344000468750000,2026-09-13T19:00:00.468750,12.980017
1789344000500000000,2026-09-13T19:00:00.500000,13.415406
1789344000531250000,2026-09-13T19:00:00.531250,13.233994
1789344000562500000,2026-09-13T19:00:00.562500,13.179570
1789344000593750000,2026-09-13T19:00:00.593750,13.288417
1789344000625000000,2026-09-13T19:00:00.625000,13.705665
1789344000656250000,2026-09-13T19:00:00.656250,13.143288
1789344000687500000,2026-09-13T19:00:00.687500,13.342841
1789344000718750000,2026-09-13T19:00:00.718750,13.669382
1789344000750000000,2026-09-13T19:00:00.750000,13.633100
1789344000781250000,2026-09-13T19:00:00.781250,13.433547
1789344000812500000,2026-09-13T19:00:00.812500,13.542394
1789344000843750000,2026-09-13T19:00:00.843750,13.397264
1789344000875000000,2026-09-13T19:00:00.875000,13.469829
1789344000906250000,2026-09-13T19:00:00.906250,13.578676
1789344000937500000,2026-09-13T19:00:00.937500,13.524253
1789344000968750000,2026-09-13T19:00:00.968750,13.741947
1789344001000000000,2026-09-13T19:00:01,13.923359
1789344001031250000,2026-09-13T19:00:01.031250,13.796370
1789344001062500000,2026-09-13T19:00:01.062500,13.669382
1789344001093750000,2026-09-13T19:00:01.093750,13.651241
1789344001125000000,2026-09-13T19:00:01.125000,13.760088
1789344001156250000,2026-09-13T19:00:01.156250,13.379123
1789344001187500000,2026-09-13T19:00:01.187500,13.107005
1789344001218750000,2026-09-13T19:00:01.218750,12.816746
1789344001250000000,2026-09-13T19:00:01.250000,12.853029
1789344001281250000,2026-09-13T19:00:01.281250,12.599052
1789344001312500000,2026-09-13T19:00:01.312500,12.671617
1789344001343750000,2026-09-13T19:00:01.343750,12.617193
1789344001375000000,2026-09-13T19:00:01.375000,12.671617
1789344001406250000,2026-09-13T19:00:01.406250,12.417640
1789344001437500000,2026-09-13T19:00:01.437500,12.326935
1789344001468750000,2026-09-13T19:00:01.468750,12.399499
1789344001500000000,2026-09-13T19:00:01.500000,12.199946
1789344001531250000,2026-09-13T19:00:01.531250,12.018534
1789344001562500000,2026-09-13T19:00:01.562500,11.855264
1789344001593750000,2026-09-13T19:00:01.593750,11.546864
1789344001625000000,2026-09-13T19:00:01.625000,11.401734
1789344001656250000,2026-09-13T19:00:01.656250,11.311028
1789344001687500000,2026-09-13T19:00:01.687500,11.165899
1789344001718750000,2026-09-13T19:00:01.718750,11.002628
1789344001750000000,2026-09-13T19:00:01.750000,10.694228
1789344001781250000,2026-09-13T19:00:01.781250,10.367687
1789344001812500000,2026-09-13T19:00:01.812500,9.950439
1789344001843750000,2026-09-13T19:00:01.843750,9.787169
1789344001875000000,2026-09-13T19:00:01.875000,9.424345
1789344001906250000,2026-09-13T19:00:01.906250,9.079663
1789344001937500000,2026-09-13T19:00:01.937500,8.372156
1789344001968750000,2026-09-13T19:00:01.968750,8.045615
1789344002000000000,2026-09-13T19:00:02,7.483238
1789344002031250000,2026-09-13T19:00:02.031250,7.065991
1789344002062500000,2026-09-13T19:00:02.062500,6.721309
1789344002093750000,2026-09-13T19:00:02.093750,6.467332
1789344002125000000,2026-09-13T19:00:02.125000,5.959379
1789344002156250000,2026-09-13T19:00:02.156250,5.324438
1789344002187500000,2026-09-13T19:00:02.187500,4.780202
1789344002218750000,2026-09-13T19:00:02.218750,4.326672
1789344002250000000,2026-09-13T19:00:02.250000,3.637307
1789344002281250000,2026-09-13T19:00:02.281250,2.984225
1789344002312500000,2026-09-13T19:00:02.312500,2.802813
1789344002343750000,2026-09-13T19:00:02.343750,2.059024
1789344002375000000,2026-09-13T19:00:02.375000,1.260812
1789344002406250000,2026-09-13T19:00:02.406250,0.807283
1789344002437500000,2026-09-13T19:00:02.437500,0.498883
1789344002468750000,2026-09-13T19:00:02.468750,-0.480741
1789344002500000000,2026-09-13T19:00:02.500000,-1.170106
1789344002531250000,2026-09-13T19:00:02.531250,-1.424083
1789344002562500000,2026-09-13T19:00:02.562500,-2.222295
1789344002593750000,2026-09-13T19:00:02.593750,-2.929801
1789344002625000000,2026-09-13T19:00:02.625000,-3.728013
1789344002656250000,2026-09-13T19:00:02.656250,-4.362955
1789344002687500000,2026-09-13T19:00:02.687500,-5.342579
1789344002718750000,2026-09-13T19:00:02.718750,-5.959379
1789344002750000000,2026-09-13T19:00:02.750000,-6.902721
1789344002781250000,2026-09-13T19:00:02.781250,-7.265544
1789344002812500000,2026-09-13T19:00:02.812500,-7.791639
1789344002843750000,2026-09-13T19:00:02.843750,-8.063756
1789344002875000000,2026-09-13T19:00:02.875000,-8.644274
1789344002906250000,2026-09-13T19:00:02.906250,-9.134086
1789344002937500000,2026-09-13T19:00:02.937500,-9.605757
1789344002968750000,2026-09-13T19:00:02.968750,-9.932298
1789344003000000000,2026-09-13T19:00:03,-10.530957
1789344003031250000,2026-09-13T19:00:03.031250,-10.875640
1789344003062500000,2026-09-13T19:00:03.062500,-10.875640
1789344003093750000,2026-09-13T19:00:03.093750,-11.111475
1789344003125000000,2026-09-13T19:00:03.125000,-11.492440
1789344003156250000,2026-09-13T19:00:03.156250,-11.655711
1789344003187500000,2026-09-13T19:00:03.187500,-12.054817
1789344003218750000,2026-09-13T19:00:03.218750,-12.218087
1789344003250000000,2026-09-13T19:00:03.250000,-12.689758
1789344003281250000,2026-09-13T19:00:03.281250,-12.980017
1789344003312500000,2026-09-13T19:00:03.312500,-13.252135
1789344003343750000,2026-09-13T19:00:03.343750,-13.252135
1789344003375000000,2026-09-13T19:00:03.375000,-13.469829
1789344003406250000,2026-09-13T19:00:03.406250,-13.778229
1789344003437500000,2026-09-13T19:00:03.437500,-13.741947
1789344003468750000,2026-09-13T19:00:03.468750,-13.796370
1789344003500000000,2026-09-13T19:00:03.500000,-13.923359
1789344003531250000,2026-09-13T19:00:03.531250,-13.868935
1789344003562500000,2026-09-13T19:00:03.562500,-13.125147
1789344003593750000,2026-09-13T19:00:03.593750,-12.889311
1789344003625000000,2026-09-13T19:00:03.625000,-12.544629
1789344003656250000,2026-09-13T19:00:03.656250,-12.199946
1789344003687500000,2026-09-13T19:00:03.687500,-12.145523
1789344003718750000,2026-09-13T19:00:03.718750,-12.508346
1789344003750000000,2026-09-13T19:00:03.750000,-12.272511
1789344003781250000,2026-09-13T19:00:03.781250,-12.345076
1789344003812500000,2026-09-13T19:00:03.812500,-12.000393
1789344003843750000,2026-09-13T19:00:03.843750,-11.728275
1789344003875000000,2026-09-13T19:00:03.875000,-11.057052
1789344003906250000,2026-09-13T19:00:03.906250,-10.839357
1789344003937500000,2026-09-13T19:00:03.937500,-10.222557
1789344003968750000,2026-09-13T19:00:03.968750,-9.932298
1789344004000000000,2026-09-13T19:00:04,-9.351780
1789344004031250000,2026-09-13T19:00:04.031250,-9.025239
1789344004062500000,2026-09-13T19:00:04.062500,-8.426580
1789344004093750000,2026-09-13T19:00:04.093750,-8.009333
1789344004125000000,2026-09-13T19:00:04.125000,-7.737215
1789344004156250000,2026-09-13T19:00:04.156250,-7.301827
1789344004187500000,2026-09-13T19:00:04.187500,-6.939003
1789344004218750000,2026-09-13T19:00:04.218750,-6.122650
1789344004250000000,2026-09-13T19:00:04.250000,-5.705402
1789344004281250000,2026-09-13T19:00:04.281250,-4.653214
1789344004312500000,2026-09-13T19:00:04.312500,-4.018272
1789344004343750000,2026-09-13T19:00:04.343750,-3.147495
1789344004375000000,2026-09-13T19:00:04.375000,-2.766531
1789344004406250000,2026-09-13T19:00:04.406250,-1.823189
1789344004437500000,2026-09-13T19:00:04.437500,-1.569212
1789344004468750000,2026-09-13T19:00:04.468750,-0.916130
1789344004500000000,2026-09-13T19:00:04.500000,-0.190482
1789344004531250000,2026-09-13T19:00:04.531250,0.263047
1789344004562500000,2026-09-13T19:00:04.562500,0.553306
1789344004593750000,2026-09-13T19:00:04.593750,1.460365
1789344004625000000,2026-09-13T19:00:04.625000,1.750624
1789344004656250000,2026-09-13T19:00:04.656250,2.149730
1789344004687500000,2026-09-13T19:00:04.687500,2.820954
1789344004718750000,2026-09-13T19:00:04.718750,3.709872
1789344004750000000,2026-09-13T19:00:04.750000,4.308531
1789344004781250000,2026-09-13T19:00:04.781250,5.288155
1789344004812500000,2026-09-13T19:00:04.812500,5.923097
1789344004843750000,2026-09-13T19:00:04.843750,6.775732
1789344004875000000,2026-09-13T19:00:04.875000,7.192979
1789344004906250000,2026-09-13T19:00:04.906250,7.555803
1789344004937500000,2026-09-13T19:00:04.937500,7.809780
1789344004968750000,2026-09-13T19:00:04.968750,8.426580
1789344005000000000,2026-09-13T19:00:05,8.662415
1789344005031250000,2026-09-13T19:00:05.031250,9.025239
1789344005062500000,2026-09-13T19:00:05.062500,9.224792
1789344005093750000,2026-09-13T19:00:05.093750,9.515051
1789344005125000000,2026-09-13T19:00:05.125000,9.533192
1789344005156250000,2026-09-13T19:00:05.156250,9.732745
1789344005187500000,2026-09-13T19:00:05.187500,9.769028
1789344005218750000,2026-09-13T19:00:05.218750,10.385828
1789344005250000000,2026-09-13T19:00:05.250000,10.803075
1789344005281250000,2026-09-13T19:00:05.281250,11.093334
1789344005312500000,2026-09-13T19:00:05.312500,11.456158
1789344005343750000,2026-09-13T19:00:05.343750,12.181805
1789344005375000000,2026-09-13T19:00:05.375000,12.290652
1789344005406250000,2026-09-13T19:00:05.406250,12.508346
1789344005437500000,2026-09-13T19:00:05.437500,12.853029
1789344005468750000,2026-09-13T19:00:05.468750,12.780464
1789344005500000000,2026-09-13T19:00:05.500000,12.707899
1789344005531250000,2026-09-13T19:00:05.531250,12.798605
1789344005562500000,2026-09-13T19:00:05.562500,12.798605
1789344005593750000,2026-09-13T19:00:05.593750,12.707899
1789344005625000000,2026-09-13T19:00:05.625000,13.052582
1789344005656250000,2026-09-13T19:00:05.656250,12.943735
1789344005687500000,2026-09-13T19:00:05.687500,13.179570
1789344005718750000,2026-09-13T19:00:05.718750,13.360982
1789344005750000000,2026-09-13T19:00:05.750000,13.578676
1789344005781250000,2026-09-13T19:00:05.781250,13.560535
1789344005812500000,2026-09-13T19:00:05.812500,13.832653
1789344005843750000,2026-09-13T19:00:05.843750,13.868935
1789344005875000000,2026-09-13T19:00:05.875000,13.760088
1789344005906250000,2026-09-13T19:00:05.906250,13.760088
1789344005937500000,2026-09-13T19:00:05.937500,13.687523
1789344005968750000,2026-09-13T19:00:05.968750,13.342841
1789344006000000000,2026-09-13T19:00:06,13.125147
1789344006031250000,2026-09-13T19:00:06.031250,13.270276
1789344006062500000,2026-09-13T19:00:06.062500,13.088864
1789344006093750000,2026-09-13T19:00:06.093750,13.016300
1789344006125000000,2026-09-13T19:00:06.125000,13.179570
1789344006156250000,2026-09-13T19:00:06.156250,13.324700
1789344006187500000,2026-09-13T19:00:06.187500,13.197711
1789387200093750000,2026-09-14T07:00:00.093750,-5.260943
1789387200125000000,2026-09-14T07:00:00.125000,-5.841461
1789387200156250000,2026-09-14T07:00:00.156250,-6.331273
1789387200187500000,2026-09-14T07:00:00.187500,-6.512685
1789387200218750000,2026-09-14T07:00:00.218750,-6.911791
1789387200250000000,2026-09-14T07:00:00.250000,-7.202050
1789387200281250000,2026-09-14T07:00:00.281250,-8.090968
1789387200312500000,2026-09-14T07:00:00.312500,-8.598921
1789387200343750000,2026-09-14T07:00:00.343750,-9.270145
1789387200375000000,2026-09-14T07:00:00.375000,-9.923228
1789387200406250000,2026-09-14T07:00:00.406250,-10.685157
1789387200437500000,2026-09-14T07:00:00.437500,-11.029840
1789387200468750000,2026-09-14T07:00:00.468750,-11.320099
1789387200500000000,2026-09-14T07:00:00.500000,-11.465228
1789387200531250000,2026-09-14T07:00:00.531250,-11.991323
1789387200562500000,2026-09-14T07:00:00.562500,-12.354146
1789387200593750000,2026-09-14T07:00:00.593750,-12.862099
1789387200625000000,2026-09-14T07:00:00.625000,-13.551464
1789387200656250000,2026-09-14T07:00:00.656250,-13.841723
1789387200687500000,2026-09-14T07:00:00.687500,-13.624029
1789387200718750000,2026-09-14T07:00:00.718750,-13.460759
1789387200750000000,2026-09-14T07:00:00.750000,-13.079794
1789387200781250000,2026-09-14T07:00:00.781250,-13.025370
1789387200812500000,2026-09-14T07:00:00.812500,-13.188641
1789387200843750000,2026-09-14T07:00:00.843750,-13.297488
1789387200875000000,2026-09-14T07:00:00.875000,-13.805441
1789387200906250000,2026-09-14T07:00:00.906250,-13.896147
1789387200937500000,2026-09-14T07:00:00.937500,-13.932429
1789387200968750000,2026-09-14T07:00:00.968750,-13.841723
1789387201000000000,2026-09-14T07:00:01,-13.751017
1789387201031250000,2026-09-14T07:00:01.031250,-13.333770
1789387201062500000,2026-09-14T07:00:01.062500,-13.206782
1789387201093750000,2026-09-14T07:00:01.093750,-12.843958
1789387201125000000,2026-09-14T07:00:01.125000,-12.934664
1789387201156250000,2026-09-14T07:00:01.156250,-12.789535
1789387201187500000,2026-09-14T07:00:01.187500,-12.553699
1789387201218750000,2026-09-14T07:00:01.218750,-12.281582
1789387201250000000,2026-09-14T07:00:01.250000,-11.791770
1789387201281250000,2026-09-14T07:00:01.281250,-11.120546
1789387201312500000,2026-09-14T07:00:01.312500,-10.667016
1789387201343750000,2026-09-14T07:00:01.343750,-10.449322
1789387201375000000,2026-09-14T07:00:01.375000,-9.995792
1789387201406250000,2026-09-14T07:00:01.406250,-9.814381
1789387201437500000,2026-09-14T07:00:01.437500,-9.451557
1789387201468750000,2026-09-14T07:00:01.468750,-8.852898
1789387201500000000,2026-09-14T07:00:01.500000,-8.000262
1789387201531250000,2026-09-14T07:00:01.531250,-7.183909
1789387201562500000,2026-09-14T07:00:01.562500,-6.712238
1789387201593750000,2026-09-14T07:00:01.593750,-5.986591
1789387201625000000,2026-09-14T07:00:01.625000,-5.496779
1789387201656250000,2026-09-14T07:00:01.656250,-4.934402
1789387201687500000,2026-09-14T07:00:01.687500,-4.553437
1789387201718750000,2026-09-14T07:00:01.718750,-3.936637
1789387201750000000,2026-09-14T07:00:01.750000,-3.192848
1789387201781250000,2026-09-14T07:00:01.781250,-2.630472
1789387201812500000,2026-09-14T07:00:01.812500,-1.977389
1789387201843750000,2026-09-14T07:00:01.843750,-1.560142
1789387201875000000,2026-09-14T07:00:01.875000,-0.653083
1789387201906250000,2026-09-14T07:00:01.906250,-0.090706
1789387201937500000,2026-09-14T07:00:01.937500,0.580518
1789387201968750000,2026-09-14T07:00:01.968750,1.106612
1789387202000000000,2026-09-14T07:00:02,2.068095
1789387202031250000,2026-09-14T07:00:02.031250,2.721178
1789387202062500000,2026-09-14T07:00:02.062500,3.501249
1789387202093750000,2026-09-14T07:00:02.093750,3.918496
1789387202125000000,2026-09-14T07:00:02.125000,4.517155
1789387202156250000,2026-09-14T07:00:02.156250,4.934402
1789387202187500000,2026-09-14T07:00:02.187500,5.460496
1789387202218750000,2026-09-14T07:00:02.218750,5.787038
1789387202250000000,2026-09-14T07:00:02.250000,6.421979
1789387202281250000,2026-09-14T07:00:02.281250,7.129485
1789387202312500000,2026-09-14T07:00:02.312500,7.673721
1789387202343750000,2026-09-14T07:00:02.343750,8.109109
1789387202375000000,2026-09-14T07:00:02.375000,8.544498
1789387202406250000,2026-09-14T07:00:02.406250,9.125016
1789387202437500000,2026-09-14T07:00:02.437500,9.487839
1789387202468750000,2026-09-14T07:00:02.468750,9.850663
1789387202500000000,2026-09-14T07:00:02.500000,10.249769
1789387202531250000,2026-09-14T07:00:02.531250,10.612593
1789387202562500000,2026-09-14T07:00:02.562500,10.540028
1789387202593750000,2026-09-14T07:00:02.593750,10.775863
1789387202625000000,2026-09-14T07:00:02.625000,10.920993
1789387202656250000,2026-09-14T07:00:02.656250,11.447087
1789387202687500000,2026-09-14T07:00:02.687500,12.082029
1789387202718750000,2026-09-14T07:00:02.718750,12.771394
1789387202750000000,2026-09-14T07:00:02.750000,12.825817
1789387202781250000,2026-09-14T07:00:02.781250,13.134217
1789387202812500000,2026-09-14T07:00:02.812500,12.970947
1789387202843750000,2026-09-14T07:00:02.843750,12.680688
1789387202875000000,2026-09-14T07:00:02.875000,12.825817
1789387202906250000,2026-09-14T07:00:02.906250,12.771394
1789387202937500000,2026-09-14T07:00:02.937500,12.989088
1789387202968750000,2026-09-14T07:00:02.968750,13.097935
1789387203000000000,2026-09-14T07:00:03,13.206782
1789387203031250000,2026-09-14T07:00:03.031250,13.007229
1789387203062500000,2026-09-14T07:00:03.062500,13.351911
1789387203093750000,2026-09-14T07:00:03.093750,13.025370
1789387203125000000,2026-09-14T07:00:03.125000,13.097935
1789387203156250000,2026-09-14T07:00:03.156250,13.116076
1789387203187500000,2026-09-14T07:00:03.187500,13.224923
1789387203218750000,2026-09-14T07:00:03.218750,12.970947
1789387203250000000,2026-09-14T07:00:03.250000,12.989088
1789387203281250000,2026-09-14T07:00:03.281250,13.061652
1789387203312500000,2026-09-14T07:00:03.312500,13.061652
1789387203343750000,2026-09-14T07:00:03.343750,13.261206
1789387203375000000,2026-09-14T07:00:03.375000,13.605888
1789387203406250000,2026-09-14T07:00:03.406250,13.914288
1789387203437500000,2026-09-14T07:00:03.437500,13.841723
1789387203468750000,2026-09-14T07:00:03.468750,13.932429
1789387203500000000,2026-09-14T07:00:03.500000,13.587747
1789387203531250000,2026-09-14T07:00:03.531250,13.497041
1789387203562500000,2026-09-14T07:00:03.562500,13.333770
1789387203593750000,2026-09-14T07:00:03.593750,12.970947
1789387203625000000,2026-09-14T07:00:03.625000,12.862099
1789387203656250000,2026-09-14T07:00:03.656250,13.061652
1789387203687500000,2026-09-14T07:00:03.687500,13.134217
1789387203718750000,2026-09-14T07:00:03.718750,13.079794
1789387203750000000,2026-09-14T07:00:03.750000,13.097935
1789387203781250000,2026-09-14T07:00:03.781250,13.297488
1789387203812500000,2026-09-14T07:00:03.812500,13.188641
1789387203843750000,2026-09-14T07:00:03.843750,12.753252
1789387203875000000,2026-09-14T07:00:03.875000,12.716970
1789387203906250000,2026-09-14T07:00:03.906250,12.716970
1789387203937500000,2026-09-14T07:00:03.937500,12.444852
1789387203968750000,2026-09-14T07:00:03.968750,12.408570
1789387204000000000,2026-09-14T07:00:04,12.299723
1789387204031250000,2026-09-14T07:00:04.031250,12.063887
1789387204062500000,2026-09-14T07:00:04.062500,12.045746
1789387204093750000,2026-09-14T07:00:04.093750,11.701064
1789387204125000000,2026-09-14T07:00:04.125000,11.320099
1789387204156250000,2026-09-14T07:00:04.156250,11.102405
1789387204187500000,2026-09-14T07:00:04.187500,11.084263
1789387204218750000,2026-09-14T07:00:04.218750,10.975416
1789387204250000000,2026-09-14T07:00:04.250000,10.757722
1789387204281250000,2026-09-14T07:00:04.281250,10.413040
1789387204312500000,2026-09-14T07:00:04.312500,10.231628
1789387204343750000,2026-09-14T07:00:04.343750,9.886945
1789387204375000000,2026-09-14T07:00:04.375000,9.397133
1789387204406250000,2026-09-14T07:00:04.406250,9.161298
1789387204437500000,2026-09-14T07:00:04.437500,8.762192
1789387204468750000,2026-09-14T07:00:04.468750,8.290521
1789387204500000000,2026-09-14T07:00:04.500000,7.401603
1789387204531250000,2026-09-14T07:00:04.531250,7.020638
1789387204562500000,2026-09-14T07:00:04.562500,6.095438
1789387204593750000,2026-09-14T07:00:04.593750,5.641908
1789387204625000000,2026-09-14T07:00:04.625000,5.297226
1789387204656250000,2026-09-14T07:00:04.656250,4.898120
1789387204687500000,2026-09-14T07:00:04.687500,4.208755
1789387204718750000,2026-09-14T07:00:04.718750,3.700802
1789387204750000000,2026-09-14T07:00:04.750000,3.120284
1789387204781250000,2026-09-14T07:00:04.781250,2.467201
1789387204812500000,2026-09-14T07:00:04.812500,2.031813
1789387204843750000,2026-09-14T07:00:04.843750,0.961483
1789387204875000000,2026-09-14T07:00:04.875000,0.489812
1789387204906250000,2026-09-14T07:00:04.906250,-0.253977
1789387204937500000,2026-09-14T07:00:04.937500,-1.269883
1789387204968750000,2026-09-14T07:00:04.968750,-2.267648
1789387205000000000,2026-09-14T07:00:05,-2.503483
1789387205031250000,2026-09-14T07:00:05.031250,-3.392401
1789387205062500000,2026-09-14T07:00:05.062500,-3.900355
1789387205093750000,2026-09-14T07:00:05.093750,-4.208755
1789387205125000000,2026-09-14T07:00:05.125000,-4.680425
1789387205156250000,2026-09-14T07:00:05.156250,-5.387932
1789387205187500000,2026-09-14T07:00:05.187500,-5.660049
1789387205218750000,2026-09-14T07:00:05.218750,-6.258708
1789387205250000000,2026-09-14T07:00:05.250000,-7.147626
1789387205281250000,2026-09-14T07:00:05.281250,-7.673721
1789387205312500000,2026-09-14T07:00:05.312500,-8.363086
1789387205343750000,2026-09-14T07:00:05.343750,-8.852898
1789387205375000000,2026-09-14T07:00:05.375000,-9.415274
1789387205406250000,2026-09-14T07:00:05.406250,-9.542263
1789387205437500000,2026-09-14T07:00:05.437500,-10.050216
1789387205468750000,2026-09-14T07:00:05.468750,-10.304193
1789387205500000000,2026-09-14T07:00:05.500000,-10.866569
1789387205531250000,2026-09-14T07:00:05.531250,-11.229393
1789387205562500000,2026-09-14T07:00:05.562500,-11.828052
1789387205593750000,2026-09-14T07:00:05.593750,-11.955040
1789387205625000000,2026-09-14T07:00:05.625000,-12.227158
1789387205656250000,2026-09-14T07:00:05.656250,-12.644405
1789387205687500000,2026-09-14T07:00:05.687500,-12.698829
1789387205718750000,2026-09-14T07:00:05.718750,-12.771394
1789387205750000000,2026-09-14T07:00:05.750000,-13.116076
1789387205781250000,2026-09-14T07:00:05.781250,-13.224923
1789387205812500000,2026-09-14T07:00:05.812500,-13.188641
1789387205843750000,2026-09-14T07:00:05.843750,-13.569606
1789387205875000000,2026-09-14T07:00:05.875000,-13.751017
1789387205906250000,2026-09-14T07:00:05.906250,-13.823582
1789387205937500000,2026-09-14T07:00:05.937500,-13.769159
1789387205968750000,2026-09-14T07:00:05.968750,-13.805441
1789387206000000000,2026-09-14T07:00:06,-13.787300
1789387206031250000,2026-09-14T07:00:06.031250,-13.714735
1789387206062500000,2026-09-14T07:00:06.062500,-13.551464
1789387206093750000,2026-09-14T07:00:06.093750,-13.478900
1789387206125000000,2026-09-14T07:00:06.125000,-13.261206
1789387206156250000,2026-09-14T07:00:06.156250,-13.043511
1789387206187500000,2026-09-14T07:00:06.187500,-12.608123
1789430400093750000,2026-09-14T19:00:00.093750,-12.608123
1789430400125000000,2026-09-14T19:00:00.125000,-12.481135
1789430400156250000,2026-09-14T19:00:00.156250,-12.136452
1789430400187500000,2026-09-14T19:00:00.187500,-12.063887
1789430400218750000,2026-09-14T19:00:00.218750,-11.973181
1789430400250000000,2026-09-14T19:00:00.250000,-11.465228
1789430400281250000,2026-09-14T19:00:00.281250,-11.011699
1789430400312500000,2026-09-14T19:00:00.312500,-11.011699
1789430400343750000,2026-09-14T19:00:00.343750,-10.249769
1789430400375000000,2026-09-14T19:00:00.375000,-10.050216
1789430400406250000,2026-09-14T19:00:00.406250,-9.596686
1789430400437500000,2026-09-14T19:00:00.437500,-9.125016
1789430400468750000,2026-09-14T19:00:00.468750,-8.344945
1789430400500000000,2026-09-14T19:00:00.500000,-7.927697
1789430400531250000,2026-09-14T19:00:00.531250,-7.220191
1789430400562500000,2026-09-14T19:00:00.562500,-6.929932
1789430400593750000,2026-09-14T19:00:00.593750,-6.512685
1789430400625000000,2026-09-14T19:00:00.625000,-6.077297
1789430400656250000,2026-09-14T19:00:00.656250,-5.714473
1789430400687500000,2026-09-14T19:00:00.687500,-5.315367
1789430400718750000,2026-09-14T19:00:00.718750,-4.535296
1789430400750000000,2026-09-14T19:00:00.750000,-3.918496
1789430400781250000,2026-09-14T19:00:00.781250,-2.957013
1789430400812500000,2026-09-14T19:00:00.812500,-2.086236
1789430400843750000,2026-09-14T19:00:00.843750,-1.106612
1789430400875000000,2026-09-14T19:00:00.875000,-0.290259
1789430400906250000,2026-09-14T19:00:00.906250,0.217694
1789430400937500000,2026-09-14T19:00:00.937500,0.743789
1789430400968750000,2026-09-14T19:00:00.968750,1.269883
1789430401000000000,2026-09-14T19:00:01,1.832260
1789430401031250000,2026-09-14T19:00:01.031250,2.412777
1789430401062500000,2026-09-14T19:00:01.062500,3.156566
1789430401093750000,2026-09-14T19:00:01.093750,3.591954
1789430401125000000,2026-09-14T19:00:01.125000,4.607861
1789430401156250000,2026-09-14T19:00:01.156250,5.043249
1789430401187500000,2026-09-14T19:00:01.187500,5.714473
1789430401218750000,2026-09-14T19:00:01.218750,6.440120
1789430401250000000,2026-09-14T19:00:01.250000,7.310897
1789430401281250000,2026-09-14T19:00:01.281250,7.401603
1789430401312500000,2026-09-14T19:00:01.312500,8.090968
1789430401343750000,2026-09-14T19:00:01.343750,8.272380
1789430401375000000,2026-09-14T19:00:01.375000,8.653345
1789430401406250000,2026-09-14T19:00:01.406250,8.998027
1789430401437500000,2026-09-14T19:00:01.437500,9.487839
1789430401468750000,2026-09-14T19:00:01.468750,9.687392
1789430401500000000,2026-09-14T19:00:01.500000,10.140922
1789430401531250000,2026-09-14T19:00:01.531250,10.286051
1789430401562500000,2026-09-14T19:00:01.562500,10.630734
1789430401593750000,2026-09-14T19:00:01.593750,11.011699
1789430401625000000,2026-09-14T19:00:01.625000,11.501511
1789430401656250000,2026-09-14T19:00:01.656250,12.045746
1789430401687500000,2026-09-14T19:00:01.687500,12.698829
1789430401718750000,2026-09-14T19:00:01.718750,12.716970
1789430401750000000,2026-09-14T19:00:01.750000,12.934664
1789430401781250000,2026-09-14T19:00:01.781250,13.152358
1789430401812500000,2026-09-14T19:00:01.812500,12.989088
1789430401843750000,2026-09-14T19:00:01.843750,12.989088
1789430401875000000,2026-09-14T19:00:01.875000,13.243064
1789430401906250000,2026-09-14T19:00:01.906250,13.333770
1789430401937500000,2026-09-14T19:00:01.937500,13.134217
1789430401968750000,2026-09-14T19:00:01.968750,13.478900
1789430402000000000,2026-09-14T19:00:02,13.497041
1789430402031250000,2026-09-14T19:00:02.031250,13.370053
1789430402062500000,2026-09-14T19:00:02.062500,13.533323
1789430402093750000,2026-09-14T19:00:02.093750,13.878006
1789430402125000000,2026-09-14T19:00:02.125000,13.751017
1789430402156250000,2026-09-14T19:00:02.156250,13.787300
1789430402187500000,2026-09-14T19:00:02.187500,13.896147
1789430402218750000,2026-09-14T19:00:02.218750,13.587747
1789430402250000000,2026-09-14T19:00:02.250000,13.515182
1789430402281250000,2026-09-14T19:00:02.281250,13.406335
1789430402312500000,2026-09-14T19:00:02.312500,13.442617
1789430402343750000,2026-09-14T19:00:02.343750,13.170500
1789430402375000000,2026-09-14T19:00:02.375000,13.243064
1789430402406250000,2026-09-14T19:00:02.406250,13.333770
1789430402437500000,2026-09-14T19:00:02.437500,13.551464
1789430402468750000,2026-09-14T19:00:02.468750,13.478900
1789430402500000000,2026-09-14T19:00:02.500000,13.986853
1789430402531250000,2026-09-14T19:00:02.531250,13.805441
1789430402562500000,2026-09-14T19:00:02.562500,13.478900
1789430402593750000,2026-09-14T19:00:02.593750,13.515182
1789430402625000000,2026-09-14T19:00:02.625000,13.533323
1789430402656250000,2026-09-14T19:00:02.656250,13.170500
1789430402687500000,2026-09-14T19:00:02.687500,13.224923
1789430402718750000,2026-09-14T19:00:02.718750,13.515182
1789430402750000000,2026-09-14T19:00:02.750000,13.533323
1789430402781250000,2026-09-14T19:00:02.781250,13.279347
1789430402812500000,2026-09-14T19:00:02.812500,13.478900
1789430402843750000,2026-09-14T19:00:02.843750,13.642170
1789430402875000000,2026-09-14T19:00:02.875000,13.261206
1789430402906250000,2026-09-14T19:00:02.906250,13.043511
1789430402937500000,2026-09-14T19:00:02.937500,13.188641
1789430402968750000,2026-09-14T19:00:02.968750,12.880241
1789430403000000000,2026-09-14T19:00:03,12.499276
1789430403031250000,2026-09-14T19:00:03.031250,12.227158
1789430403062500000,2026-09-14T19:00:03.062500,12.154593
1789430403093750000,2026-09-14T19:00:03.093750,11.628499
1789430403125000000,2026-09-14T19:00:03.125000,11.447087
1789430403156250000,2026-09-14T19:00:03.156250,11.066122
1789430403187500000,2026-09-14T19:00:03.187500,10.939134
1789430403218750000,2026-09-14T19:00:03.218750,10.612593
1789430403250000000,2026-09-14T19:00:03.250000,10.485604
1789430403281250000,2026-09-14T19:00:03.281250,9.886945
1789430403312500000,2026-09-14T19:00:03.312500,9.596686
1789430403343750000,2026-09-14T19:00:03.343750,9.252004
1789430403375000000,2026-09-14T19:00:03.375000,8.417509
1789430403406250000,2026-09-14T19:00:03.406250,7.818850
1789430403437500000,2026-09-14T19:00:03.437500,7.637438
1789430403468750000,2026-09-14T19:00:03.468750,7.329038
1789430403500000000,2026-09-14T19:00:03.500000,6.821085
1789430403531250000,2026-09-14T19:00:03.531250,6.694097
1789430403562500000,2026-09-14T19:00:03.562500,6.385697
1789430403593750000,2026-09-14T19:00:03.593750,6.022873
1789430403625000000,2026-09-14T19:00:03.625000,5.351649
1789430403656250000,2026-09-14T19:00:03.656250,4.716708
1789430403687500000,2026-09-14T19:00:03.687500,4.208755
1789430403718750000,2026-09-14T19:00:03.718750,3.464966
1789430403750000000,2026-09-14T19:00:03.750000,2.721178
1789430403781250000,2026-09-14T19:00:03.781250,2.213224
1789430403812500000,2026-09-14T19:00:03.812500,1.723412
1789430403843750000,2026-09-14T19:00:03.843750,0.834494
1789430403875000000,2026-09-14T19:00:03.875000,0.399106
1789430403906250000,2026-09-14T19:00:03.906250,-0.308400
1789430403937500000,2026-09-14T19:00:03.937500,-1.124753
1789430403968750000,2026-09-14T19:00:03.968750,-1.777836
1789430404000000000,2026-09-14T19:00:04,-2.140660
1789430404031250000,2026-09-14T19:00:04.031250,-2.648613
1789430404062500000,2026-09-14T19:00:04.062500,-3.283554
1789430404093750000,2026-09-14T19:00:04.093750,-3.737084
1789430404125000000,2026-09-14T19:00:04.125000,-4.480872
1789430404156250000,2026-09-14T19:00:04.156250,-5.351649
1789430404187500000,2026-09-14T19:00:04.187500,-6.258708
1789430404218750000,2026-09-14T19:00:04.218750,-6.730379
1789430404250000000,2026-09-14T19:00:04.250000,-7.492309
1789430404281250000,2026-09-14T19:00:04.281250,-7.836991
1789430404312500000,2026-09-14T19:00:04.312500,-8.399368
1789430404343750000,2026-09-14T19:00:04.343750,-8.961745
1789430404375000000,2026-09-14T19:00:04.375000,-9.378992
1789430404406250000,2026-09-14T19:00:04.406250,-9.505980
1789430404437500000,2026-09-14T19:00:04.437500,-9.832522
1789430404468750000,2026-09-14T19:00:04.468750,-10.177204
1789430404500000000,2026-09-14T19:00:04.500000,-10.485604
1789430404531250000,2026-09-14T19:00:04.531250,-11.084263
1789430404562500000,2026-09-14T19:00:04.562500,-11.465228
1789430404593750000,2026-09-14T19:00:04.593750,-11.973181
1789430404625000000,2026-09-14T19:00:04.625000,-12.281582
1789430404656250000,2026-09-14T19:00:04.656250,-12.553699
1789430404687500000,2026-09-14T19:00:04.687500,-12.934664
1789430404718750000,2026-09-14T19:00:04.718750,-13.279347
1789430404750000000,2026-09-14T19:00:04.750000,-13.297488
1789430404781250000,2026-09-14T19:00:04.781250,-13.388194
1789430404812500000,2026-09-14T19:00:04.812500,-13.333770
1789430404843750000,2026-09-14T19:00:04.843750,-13.297488
1789430404875000000,2026-09-14T19:00:04.875000,-13.551464
1789430404906250000,2026-09-14T19:00:04.906250,-13.823582
1789430404937500000,2026-09-14T19:00:04.937500,-13.986853
1789430404968750000,2026-09-14T19:00:04.968750,-13.896147
1789430405000000000,2026-09-14T19:00:05,-13.587747
1789430405031250000,2026-09-14T19:00:05.031250,-13.170500
1789430405062500000,2026-09-14T19:00:05.062500,-13.007229
1789430405093750000,2026-09-14T19:00:05.093750,-12.481135
1789430405125000000,2026-09-14T19:00:05.125000,-12.481135
1789430405156250000,2026-09-14T19:00:05.156250,-12.499276
1789430405187500000,2026-09-14T19:00:05.187500,-12.499276
1789430405218750000,2026-09-14T19:00:05.218750,-12.082029
1789430405250000000,2026-09-14T19:00:05.250000,-12.209017
1789430405281250000,2026-09-14T19:00:05.281250,-11.773628
1789430405312500000,2026-09-14T19:00:05.312500,-11.338240
1789430405343750000,2026-09-14T19:00:05.343750,-10.757722
1789430405375000000,2026-09-14T19:00:05.375000,-10.449322
1789430405406250000,2026-09-14T19:00:05.406250,-9.886945
1789430405437500000,2026-09-14T19:00:05.437500,-9.433416
1789430405468750000,2026-09-14T19:00:05.468750,-8.889180
1789430405500000000,2026-09-14T19:00:05.500000,-8.435651
1789430405531250000,2026-09-14T19:00:05.531250,-7.982121
1789430405562500000,2026-09-14T19:00:05.562500,-7.492309
1789430405593750000,2026-09-14T19:00:05.593750,-6.766662
1789430405625000000,2026-09-14T19:00:05.625000,-6.113579
1789430405656250000,2026-09-14T19:00:05.656250,-5.333508
1789430405687500000,2026-09-14T19:00:05.687500,-4.716708
1789430405718750000,2026-09-14T19:00:05.718750,-4.281319
1789430405750000000,2026-09-14T19:00:05.750000,-4.063625
1789430405781250000,2026-09-14T19:00:05.781250,-3.537531
1789430405812500000,2026-09-14T19:00:05.812500,-3.229131
1789430405843750000,2026-09-14T19:00:05.843750,-2.612330
1789430405875000000,2026-09-14T19:00:05.875000,-1.505718
1789430405906250000,2026-09-14T19:00:05.906250,-0.743789
1789430405937500000,2026-09-14T19:00:05.937500,0.090706
1789430405968750000,2026-09-14T19:00:05.968750,0.961483
1789430406000000000,2026-09-14T19:00:06,1.868542
1789430406031250000,2026-09-14T19:00:06.031250,2.521625
1789430406062500000,2026-09-14T19:00:06.062500,3.428684
1789430406093750000,2026-09-14T19:00:06.093750,3.646378
1789430406125000000,2026-09-14T19:00:06.125000,4.372025
1789430406156250000,2026-09-14T19:00:06.156250,4.698567
1789430406187500000,2026-09-14T19:00:06.187500,5.152096
1789473600093750000,2026-09-15T07:00:00.093750,-6.403838
1789473600125000000,2026-09-15T07:00:00.125000,-7.056921
1789473600156250000,2026-09-15T07:00:00.156250,-7.601156
1789473600187500000,2026-09-15T07:00:00.187500,-7.963980
1789473600218750000,2026-09-15T07:00:00.218750,-8.798474
1789473600250000000,2026-09-15T07:00:00.250000,-9.360851
1789473600281250000,2026-09-15T07:00:00.281250,-9.886945
1789473600312500000,2026-09-15T07:00:00.312500,-10.358616
1789473600343750000,2026-09-15T07:00:00.343750,-11.138687
1789473600375000000,2026-09-15T07:00:00.375000,-11.483369
1789473600406250000,2026-09-15T07:00:00.406250,-11.410805
1789473600437500000,2026-09-15T07:00:00.437500,-11.664781
1789473600468750000,2026-09-15T07:00:00.468750,-12.027605
1789473600500000000,2026-09-15T07:00:00.500000,-12.190876
1789473600531250000,2026-09-15T07:00:00.531250,-12.263440
1789473600562500000,2026-09-15T07:00:00.562500,-12.698829
1789473600593750000,2026-09-15T07:00:00.593750,-12.952805
1789473600625000000,2026-09-15T07:00:00.625000,-13.152358
1789473600656250000,2026-09-15T07:00:00.656250,-13.370053
1789473600687500000,2026-09-15T07:00:00.687500,-13.351911
1789473600718750000,2026-09-15T07:00:00.718750,-13.551464
1789473600750000000,2026-09-15T07:00:00.750000,-13.569606
1789473600781250000,2026-09-15T07:00:00.781250,-13.388194
1789473600812500000,2026-09-15T07:00:00.812500,-13.079794
1789473600843750000,2026-09-15T07:00:00.843750,-13.152358
1789473600875000000,2026-09-15T07:00:00.875000,-13.079794
1789473600906250000,2026-09-15T07:00:00.906250,-12.789535
1789473600937500000,2026-09-15T07:00:00.937500,-12.771394
1789473600968750000,2026-09-15T07:00:00.968750,-12.662546
1789473601000000000,2026-09-15T07:00:01,-12.408570
1789473601031250000,2026-09-15T07:00:01.031250,-12.263440
1789473601062500000,2026-09-15T07:00:01.062500,-12.499276
1789473601093750000,2026-09-15T07:00:01.093750,-12.172734
1789473601125000000,2026-09-15T07:00:01.125000,-11.936899
1789473601156250000,2026-09-15T07:00:01.156250,-11.918758
1789473601187500000,2026-09-15T07:00:01.187500,-11.537793
1789473601218750000,2026-09-15T07:00:01.218750,-11.338240
1789473601250000000,2026-09-15T07:00:01.250000,-10.902852
1789473601281250000,2026-09-15T07:00:01.281250,-10.648875
1789473601312500000,2026-09-15T07:00:01.312500,-10.050216
1789473601343750000,2026-09-15T07:00:01.343750,-9.723675
1789473601375000000,2026-09-15T07:00:01.375000,-8.653345
1789473601406250000,2026-09-15T07:00:01.406250,-8.363086
1789473601437500000,2026-09-15T07:00:01.437500,-7.564874
1789473601468750000,2026-09-15T07:00:01.468750,-7.002497
1789473601500000000,2026-09-15T07:00:01.500000,-6.204285
1789473601531250000,2026-09-15T07:00:01.531250,-5.696332
1789473601562500000,2026-09-15T07:00:01.562500,-5.043249
1789473601593750000,2026-09-15T07:00:01.593750,-4.771131
1789473601625000000,2026-09-15T07:00:01.625000,-4.099908
1789473601656250000,2026-09-15T07:00:01.656250,-3.555672
1789473601687500000,2026-09-15T07:00:01.687500,-3.210990
1789473601718750000,2026-09-15T07:00:01.718750,-2.539766
1789473601750000000,2026-09-15T07:00:01.750000,-1.668989
1789473601781250000,2026-09-15T07:00:01.781250,-1.088471
1789473601812500000,2026-09-15T07:00:01.812500,-0.308400
1789473601843750000,2026-09-15T07:00:01.843750,0.417247
1789473601875000000,2026-09-15T07:00:01.875000,1.161036
1789473601906250000,2026-09-15T07:00:01.906250,1.614565
1789473601937500000,2026-09-15T07:00:01.937500,2.013671
1789473601968750000,2026-09-15T07:00:01.968750,2.703036
1789473602000000000,2026-09-15T07:00:02,3.428684
1789473602031250000,2026-09-15T07:00:02.031250,4.063625
1789473602062500000,2026-09-15T07:00:02.062500,4.662284
1789473602093750000,2026-09-15T07:00:02.093750,5.224661
1789473602125000000,2026-09-15T07:00:02.125000,5.805179
1789473602156250000,2026-09-15T07:00:02.156250,6.168003
1789473602187500000,2026-09-15T07:00:02.187500,6.512685
1789473602218750000,2026-09-15T07:00:02.218750,6.893650
1789473602250000000,2026-09-15T07:00:02.250000,7.637438
1789473602281250000,2026-09-15T07:00:02.281250,7.655580
1789473602312500000,2026-09-15T07:00:02.312500,8.272380
1789473602343750000,2026-09-15T07:00:02.343750,8.689627
1789473602375000000,2026-09-15T07:00:02.375000,9.288286
1789473602406250000,2026-09-15T07:00:02.406250,9.669251
1789473602437500000,2026-09-15T07:00:02.437500,10.286051
1789473602468750000,2026-09-15T07:00:02.468750,10.358616
1789473602500000000,2026-09-15T07:00:02.500000,10.884710
1789473602531250000,2026-09-15T07:00:02.531250,11.265675
1789473602562500000,2026-09-15T07:00:02.562500,11.356381
1789473602593750000,2026-09-15T07:00:02.593750,11.646640
1789473602625000000,2026-09-15T07:00:02.625000,12.154593
1789473602656250000,2026-09-15T07:00:02.656250,12.354146
1789473602687500000,2026-09-15T07:00:02.687500,12.589982
1789473602718750000,2026-09-15T07:00:02.718750,12.807676
1789473602750000000,2026-09-15T07:00:02.750000,12.789535
1789473602781250000,2026-09-15T07:00:02.781250,12.880241
1789473602812500000,2026-09-15T07:00:02.812500,13.007229
1789473602843750000,2026-09-15T07:00:02.843750,12.807676
1789473602875000000,2026-09-15T07:00:02.875000,12.934664
1789473602906250000,2026-09-15T07:00:02.906250,13.043511
1789473602937500000,2026-09-15T07:00:02.937500,12.843958
1789473602968750000,2026-09-15T07:00:02.968750,12.662546
1789473603000000000,2026-09-15T07:00:03,12.952805
1789473603031250000,2026-09-15T07:00:03.031250,13.061652
1789473603062500000,2026-09-15T07:00:03.062500,13.261206
1789473603093750000,2026-09-15T07:00:03.093750,13.206782
1789473603125000000,2026-09-15T07:00:03.125000,13.206782
1789473603156250000,2026-09-15T07:00:03.156250,13.007229
1789473603187500000,2026-09-15T07:00:03.187500,13.007229
1789473603218750000,2026-09-15T07:00:03.218750,12.735111
1789473603250000000,2026-09-15T07:00:03.250000,12.970947
1789473603281250000,2026-09-15T07:00:03.281250,13.097935
1789473603312500000,2026-09-15T07:00:03.312500,13.315629
1789473603343750000,2026-09-15T07:00:03.343750,13.406335
1789473603375000000,2026-09-15T07:00:03.375000,13.642170
1789473603406250000,2026-09-15T07:00:03.406250,13.986853
1789473603437500000,2026-09-15T07:00:03.437500,13.914288
1789473603468750000,2026-09-15T07:00:03.468750,13.878006
1789473603500000000,2026-09-15T07:00:03.500000,13.533323
1789473603531250000,2026-09-15T07:00:03.531250,13.351911
1789473603562500000,2026-09-15T07:00:03.562500,13.061652
1789473603593750000,2026-09-15T07:00:03.593750,13.134217
1789473603625000000,2026-09-15T07:00:03.625000,12.825817
1789473603656250000,2026-09-15T07:00:03.656250,13.025370
1789473603687500000,2026-09-15T07:00:03.687500,13.025370
1789473603718750000,2026-09-15T07:00:03.718750,12.680688
1789473603750000000,2026-09-15T07:00:03.750000,12.372287
1789473603781250000,2026-09-15T07:00:03.781250,12.589982
1789473603812500000,2026-09-15T07:00:03.812500,12.462993
1789473603843750000,2026-09-15T07:00:03.843750,12.426711
1789473603875000000,2026-09-15T07:00:03.875000,12.281582
1789473603906250000,2026-09-15T07:00:03.906250,12.481135
1789473603937500000,2026-09-15T07:00:03.937500,12.136452
1789473603968750000,2026-09-15T07:00:03.968750,11.737346
1789473604000000000,2026-09-15T07:00:04,11.447087
1789473604031250000,2026-09-15T07:00:04.031250,11.519652
1789473604062500000,2026-09-15T07:00:04.062500,11.047981
1789473604093750000,2026-09-15T07:00:04.093750,10.630734
1789473604125000000,2026-09-15T07:00:04.125000,10.757722
1789473604156250000,2026-09-15T07:00:04.156250,10.540028
1789473604187500000,2026-09-15T07:00:04.187500,10.068357
1789473604218750000,2026-09-15T07:00:04.218750,9.868804
1789473604250000000,2026-09-15T07:00:04.250000,10.032075
1789473604281250000,2026-09-15T07:00:04.281250,9.252004
1789473604312500000,2026-09-15T07:00:04.312500,8.780333
1789473604343750000,2026-09-15T07:00:04.343750,8.236098
1789473604375000000,2026-09-15T07:00:04.375000,7.855133
1789473604406250000,2026-09-15T07:00:04.406250,7.020638
1789473604437500000,2026-09-15T07:00:04.437500,6.730379
1789473604468750000,2026-09-15T07:00:04.468750,6.385697
1789473604500000000,2026-09-15T07:00:04.500000,6.022873
1789473604531250000,2026-09-15T07:00:04.531250,5.406073
1789473604562500000,2026-09-15T07:00:04.562500,4.934402
1789473604593750000,2026-09-15T07:00:04.593750,4.499014
1789473604625000000,2026-09-15T07:00:04.625000,3.555672
1789473604656250000,2026-09-15T07:00:04.656250,3.156566
1789473604687500000,2026-09-15T07:00:04.687500,2.467201
1789473604718750000,2026-09-15T07:00:04.718750,1.777836
1789473604750000000,2026-09-15T07:00:04.750000,1.015906
1789473604781250000,2026-09-15T07:00:04.781250,0.507953
1789473604812500000,2026-09-15T07:00:04.812500,-0.181412
1789473604843750000,2026-09-15T07:00:04.843750,-1.034047
1789473604875000000,2026-09-15T07:00:04.875000,-1.505718
1789473604906250000,2026-09-15T07:00:04.906250,-1.995530
1789473604937500000,2026-09-15T07:00:04.937500,-2.430919
1789473604968750000,2026-09-15T07:00:04.968750,-3.410543
1789473605000000000,2026-09-15T07:00:05,-3.809649
1789473605031250000,2026-09-15T07:00:05.031250,-4.698567
1789473605062500000,2026-09-15T07:00:05.062500,-5.406073
1789473605093750000,2026-09-15T07:00:05.093750,-6.204285
1789473605125000000,2026-09-15T07:00:05.125000,-6.585250
1789473605156250000,2026-09-15T07:00:05.156250,-7.292756
1789473605187500000,2026-09-15T07:00:05.187500,-7.673721
1789473605218750000,2026-09-15T07:00:05.218750,-8.399368
1789473605250000000,2026-09-15T07:00:05.250000,-8.762192
1789473605281250000,2026-09-15T07:00:05.281250,-9.342710
1789473605312500000,2026-09-15T07:00:05.312500,-9.923228
1789473605343750000,2026-09-15T07:00:05.343750,-10.394898
1789473605375000000,2026-09-15T07:00:05.375000,-10.594451
1789473605406250000,2026-09-15T07:00:05.406250,-11.301958
1789473605437500000,2026-09-15T07:00:05.437500,-11.574075
1789473605468750000,2026-09-15T07:00:05.468750,-11.664781
1789473605500000000,2026-09-15T07:00:05.500000,-12.045746
1789473605531250000,2026-09-15T07:00:05.531250,-12.390429
1789473605562500000,2026-09-15T07:00:05.562500,-12.571841
1789473605593750000,2026-09-15T07:00:05.593750,-12.843958
1789473605625000000,2026-09-15T07:00:05.625000,-13.224923
1789473605656250000,2026-09-15T07:00:05.656250,-13.261206
1789473605687500000,2026-09-15T07:00:05.687500,-13.751017
1789473605718750000,2026-09-15T07:00:05.718750,-13.497041
1789473605750000000,2026-09-15T07:00:05.750000,-13.497041
1789473605781250000,2026-09-15T07:00:05.781250,-13.587747
1789473605812500000,2026-09-15T07:00:05.812500,-13.986853
1789473605843750000,2026-09-15T07:00:05.843750,-13.805441
1789473605875000000,2026-09-15T07:00:05.875000,-13.896147
1789473605906250000,2026-09-15T07:00:05.906250,-13.751017
1789473605937500000,2026-09-15T07:00:05.937500,-13.478900
1789473605968750000,2026-09-15T07:00:05.968750,-12.989088
1789473606000000000,2026-09-15T07:00:06,-12.662546
1789473606031250000,2026-09-15T07:00:06.031250,-12.753252
1789473606062500000,2026-09-15T07:00:06.062500,-12.535558
1789473606093750000,2026-09-15T07:00:06.093750,-12.698829
1789473606125000000,2026-09-15T07:00:06.125000,-12.644405
1789473606156250000,2026-09-15T07:00:06.156250,-12.317864
1789473606187500000,2026-09-15T07:00:06.187500,-12.009464
1789516800093750000,2026-09-15T19:00:00.093750,1.342448
1789516800125000000,2026-09-15T19:00:00.125000,1.922966
1789516800156250000,2026-09-15T19:00:00.156250,2.721178
1789516800187500000,2026-09-15T19:00:00.187500,3.483107
1789516800218750000,2026-09-15T19:00:00.218750,4.190614
1789516800250000000,2026-09-15T19:00:00.250000,5.043249
1789516800281250000,2026-09-15T19:00:00.281250,5.460496
1789516800312500000,2026-09-15T19:00:00.312500,5.968450
1789516800343750000,2026-09-15T19:00:00.343750,6.168003
1789516800375000000,2026-09-15T19:00:00.375000,6.802944
1789516800406250000,2026-09-15T19:00:00.406250,7.147626
1789516800437500000,2026-09-15T19:00:00.437500,7.818850
1789516800468750000,2026-09-15T19:00:00.468750,8.508215
1789516800500000000,2026-09-15T19:00:00.500000,9.034310
1789516800531250000,2026-09-15T19:00:00.531250,9.306427
1789516800562500000,2026-09-15T19:00:00.562500,9.524122
1789516800593750000,2026-09-15T19:00:00.593750,9.905086
1789516800625000000,2026-09-15T19:00:00.625000,10.068357
1789516800656250000,2026-09-15T19:00:00.656250,10.467463
1789516800687500000,2026-09-15T19:00:00.687500,10.866569
1789516800718750000,2026-09-15T19:00:00.718750,11.483369
1789516800750000000,2026-09-15T19:00:00.750000,11.628499
1789516800781250000,2026-09-15T19:00:00.781250,12.027605
1789516800812500000,2026-09-15T19:00:00.812500,12.045746
1789516800843750000,2026-09-15T19:00:00.843750,11.955040
1789516800875000000,2026-09-15T19:00:00.875000,12.209017
1789516800906250000,2026-09-15T19:00:00.906250,12.680688
1789516800937500000,2026-09-15T19:00:00.937500,12.644405
1789516800968750000,2026-09-15T19:00:00.968750,13.043511
1789516801000000000,2026-09-15T19:00:01,13.188641
1789516801031250000,2026-09-15T19:00:01.031250,13.333770
1789516801062500000,2026-09-15T19:00:01.062500,12.716970
1789516801093750000,2026-09-15T19:00:01.093750,12.898382
1789516801125000000,2026-09-15T19:00:01.125000,13.097935
1789516801156250000,2026-09-15T19:00:01.156250,13.551464
1789516801187500000,2026-09-15T19:00:01.187500,13.642170
1789516801218750000,2026-09-15T19:00:01.218750,14.077559
1789516801250000000,2026-09-15T19:00:01.250000,13.950570
1789516801281250000,2026-09-15T19:00:01.281250,13.769159
1789516801312500000,2026-09-15T19:00:01.312500,13.642170
1789516801343750000,2026-09-15T19:00:01.343750,13.406335
1789516801375000000,2026-09-15T19:00:01.375000,13.116076
1789516801406250000,2026-09-15T19:00:01.406250,13.170500
1789516801437500000,2026-09-15T19:00:01.437500,13.515182
1789516801468750000,2026-09-15T19:00:01.468750,13.243064
1789516801500000000,2026-09-15T19:00:01.500000,13.061652
1789516801531250000,2026-09-15T19:00:01.531250,13.388194
1789516801562500000,2026-09-15T19:00:01.562500,13.551464
1789516801593750000,2026-09-15T19:00:01.593750,13.134217
1789516801625000000,2026-09-15T19:00:01.625000,13.297488
1789516801656250000,2026-09-15T19:00:01.656250,13.333770
1789516801687500000,2026-09-15T19:00:01.687500,13.007229
1789516801718750000,2026-09-15T19:00:01.718750,12.934664
1789516801750000000,2026-09-15T19:00:01.750000,13.061652
1789516801781250000,2026-09-15T19:00:01.781250,13.025370
1789516801812500000,2026-09-15T19:00:01.812500,13.351911
1789516801843750000,2026-09-15T19:00:01.843750,13.297488
1789516801875000000,2026-09-15T19:00:01.875000,13.224923
1789516801906250000,2026-09-15T19:00:01.906250,13.061652
1789516801937500000,2026-09-15T19:00:01.937500,12.934664
1789516801968750000,2026-09-15T19:00:01.968750,12.753252
1789516802000000000,2026-09-15T19:00:02,12.862099
1789516802031250000,2026-09-15T19:00:02.031250,12.553699
1789516802062500000,2026-09-15T19:00:02.062500,12.426711
1789516802093750000,2026-09-15T19:00:02.093750,12.372287
1789516802125000000,2026-09-15T19:00:02.125000,12.063887
1789516802156250000,2026-09-15T19:00:02.156250,11.900617
1789516802187500000,2026-09-15T19:00:02.187500,11.846193
1789516802218750000,2026-09-15T19:00:02.218750,11.719205
1789516802250000000,2026-09-15T19:00:02.250000,11.410805
1789516802281250000,2026-09-15T19:00:02.281250,10.957275
1789516802312500000,2026-09-15T19:00:02.312500,10.757722
1789516802343750000,2026-09-15T19:00:02.343750,10.449322
1789516802375000000,2026-09-15T19:00:02.375000,9.832522
1789516802406250000,2026-09-15T19:00:02.406250,9.233863
1789516802437500000,2026-09-15T19:00:02.437500,8.834757
1789516802468750000,2026-09-15T19:00:02.468750,8.199815
1789516802500000000,2026-09-15T19:00:02.500000,7.583015
1789516802531250000,2026-09-15T19:00:02.531250,7.129485
1789516802562500000,2026-09-15T19:00:02.562500,6.929932
1789516802593750000,2026-09-15T19:00:02.593750,6.603391
1789516802625000000,2026-09-15T19:00:02.625000,6.222426
1789516802656250000,2026-09-15T19:00:02.656250,5.805179
1789516802687500000,2026-09-15T19:00:02.687500,5.369790
1789516802718750000,2026-09-15T19:00:02.718750,4.734849
1789516802750000000,2026-09-15T19:00:02.750000,4.009202
1789516802781250000,2026-09-15T19:00:02.781250,3.555672
1789516802812500000,2026-09-15T19:00:02.812500,2.866307
1789516802843750000,2026-09-15T19:00:02.843750,2.158801
1789516802875000000,2026-09-15T19:00:02.875000,1.523859
1789516802906250000,2026-09-15T19:00:02.906250,1.161036
1789516802937500000,2026-09-15T19:00:02.937500,0.344682
1789516802968750000,2026-09-15T19:00:02.968750,0.163271
1789516803000000000,2026-09-15T19:00:03,-0.181412
1789516803031250000,2026-09-15T19:00:03.031250,-0.997765
1789516803062500000,2026-09-15T19:00:03.062500,-1.832260
1789516803093750000,2026-09-15T19:00:03.093750,-2.176942
1789516803125000000,2026-09-15T19:00:03.125000,-3.283554
1789516803156250000,2026-09-15T19:00:03.156250,-4.172472
1789516803187500000,2026-09-15T19:00:03.187500,-4.789273
1789516803218750000,2026-09-15T19:00:03.218750,-5.533061
1789516803250000000,2026-09-15T19:00:03.250000,-6.385697
1789516803281250000,2026-09-15T19:00:03.281250,-6.875509
1789516803312500000,2026-09-15T19:00:03.312500,-7.510450
1789516803343750000,2026-09-15T19:00:03.343750,-7.782568
1789516803375000000,2026-09-15T19:00:03.375000,-8.000262
1789516803406250000,2026-09-15T19:00:03.406250,-8.653345
1789516803437500000,2026-09-15T19:00:03.437500,-8.907321
1789516803468750000,2026-09-15T19:00:03.468750,-9.215721
1789516803500000000,2026-09-15T19:00:03.500000,-9.995792
1789516803531250000,2026-09-15T19:00:03.531250,-10.757722
1789516803562500000,2026-09-15T19:00:03.562500,-11.138687
1789516803593750000,2026-09-15T19:00:03.593750,-11.900617
1789516803625000000,2026-09-15T19:00:03.625000,-12.372287
1789516803656250000,2026-09-15T19:00:03.656250,-12.517417
1789516803687500000,2026-09-15T19:00:03.687500,-12.716970
1789516803718750000,2026-09-15T19:00:03.718750,-12.880241
1789516803750000000,2026-09-15T19:00:03.750000,-12.898382
1789516803781250000,2026-09-15T19:00:03.781250,-13.206782
1789516803812500000,2026-09-15T19:00:03.812500,-13.315629
1789516803843750000,2026-09-15T19:00:03.843750,-13.224923
1789516803875000000,2026-09-15T19:00:03.875000,-13.515182
1789516803906250000,2026-09-15T19:00:03.906250,-13.569606
1789516803937500000,2026-09-15T19:00:03.937500,-13.660312
1789516803968750000,2026-09-15T19:00:03.968750,-13.714735
1789516804000000000,2026-09-15T19:00:04,-14.023135
1789516804031250000,2026-09-15T19:00:04.031250,-13.950570
1789516804062500000,2026-09-15T19:00:04.062500,-14.077559
1789516804093750000,2026-09-15T19:00:04.093750,-13.841723
1789516804125000000,2026-09-15T19:00:04.125000,-13.950570
1789516804156250000,2026-09-15T19:00:04.156250,-13.696594
1789516804187500000,2026-09-15T19:00:04.187500,-13.605888
1789516804218750000,2026-09-15T19:00:04.218750,-13.025370
1789516804250000000,2026-09-15T19:00:04.250000,-12.898382
1789516804281250000,2026-09-15T19:00:04.281250,-12.499276
1789516804312500000,2026-09-15T19:00:04.312500,-12.190876
1789516804343750000,2026-09-15T19:00:04.343750,-11.664781
1789516804375000000,2026-09-15T19:00:04.375000,-11.809911
1789516804406250000,2026-09-15T19:00:04.406250,-11.428946
1789516804437500000,2026-09-15T19:00:04.437500,-11.338240
1789516804468750000,2026-09-15T19:00:04.468750,-10.812146
1789516804500000000,2026-09-15T19:00:04.500000,-10.503746
1789516804531250000,2026-09-15T19:00:04.531250,-9.778098
1789516804562500000,2026-09-15T19:00:04.562500,-9.324569
1789516804593750000,2026-09-15T19:00:04.593750,-8.526356
1789516804625000000,2026-09-15T19:00:04.625000,-8.272380
1789516804656250000,2026-09-15T19:00:04.656250,-7.800709
1789516804687500000,2026-09-15T19:00:04.687500,-7.365321
1789516804718750000,2026-09-15T19:00:04.718750,-6.603391
1789516804750000000,2026-09-15T19:00:04.750000,-6.059155
1789516804781250000,2026-09-15T19:00:04.781250,-5.551202
1789516804812500000,2026-09-15T19:00:04.812500,-4.644143
1789516804843750000,2026-09-15T19:00:04.843750,-4.099908
1789516804875000000,2026-09-15T19:00:04.875000,-3.337978
1789516804906250000,2026-09-15T19:00:04.906250,-2.703036
1789516804937500000,2026-09-15T19:00:04.937500,-1.904824
1789516804968750000,2026-09-15T19:00:04.968750,-1.396871
1789516805000000000,2026-09-15T19:00:05,-0.544236
1789516805031250000,2026-09-15T19:00:05.031250,-0.054424
1789516805062500000,2026-09-15T19:00:05.062500,0.707506
1789516805093750000,2026-09-15T19:00:05.093750,1.396871
1789516805125000000,2026-09-15T19:00:05.125000,1.941107
1789516805156250000,2026-09-15T19:00:05.156250,2.467201
1789516805187500000,2026-09-15T19:00:05.187500,2.848166
1789516805218750000,2026-09-15T19:00:05.218750,3.374260
1789516805250000000,2026-09-15T19:00:05.250000,3.864072
1789516805281250000,2026-09-15T19:00:05.281250,4.408308
1789516805312500000,2026-09-15T19:00:05.312500,4.807414
1789516805343750000,2026-09-15T19:00:05.343750,5.641908
1789516805375000000,2026-09-15T19:00:05.375000,5.986591
1789516805406250000,2026-09-15T19:00:05.406250,6.911791
1789516805437500000,2026-09-15T19:00:05.437500,7.365321
1789516805468750000,2026-09-15T19:00:05.468750,8.254239
1789516805500000000,2026-09-15T19:00:05.500000,8.689627
1789516805531250000,2026-09-15T19:00:05.531250,9.215721
1789516805562500000,2026-09-15T19:00:05.562500,9.542263
1789516805593750000,2026-09-15T19:00:05.593750,10.068357
1789516805625000000,2026-09-15T19:00:05.625000,9.941369
1789516805656250000,2026-09-15T19:00:05.656250,9.832522
1789516805687500000,2026-09-15T19:00:05.687500,10.358616
1789516805718750000,2026-09-15T19:00:05.718750,10.376757
1789516805750000000,2026-09-15T19:00:05.750000,10.558169
1789516805781250000,2026-09-15T19:00:05.781250,11.066122
1789516805812500000,2026-09-15T19:00:05.812500,11.682922
1789516805843750000,2026-09-15T19:00:05.843750,11.828052
1789516805875000000,2026-09-15T19:00:05.875000,12.136452
1789516805906250000,2026-09-15T19:00:05.906250,12.336005
1789516805937500000,2026-09-15T19:00:05.937500,12.698829
1789516805968750000,2026-09-15T19:00:05.968750,12.644405
1789516806000000000,2026-09-15T19:00:06,12.644405
1789516806031250000,2026-09-15T19:00:06.031250,13.007229
1789516806062500000,2026-09-15T19:00:06.062500,13.188641
1789516806093750000,2026-09-15T19:00:06.093750,13.116076
1789516806125000000,2026-09-15T19:00:06.125000,13.370053
1789516806156250000,2026-09-15T19:00:06.156250,13.841723
1789516806187500000,2026-09-15T19:00:06.187500,13.587747
1789560000093750000,2026-09-16T07:00:00.093750,-7.537662
1789560000125000000,2026-09-16T07:00:00.125000,-8.063756
1789560000156250000,2026-09-16T07:00:00.156250,-8.807545
1789560000187500000,2026-09-16T07:00:00.187500,-9.388063
1789560000218750000,2026-09-16T07:00:00.218750,-10.004863
1789560000250000000,2026-09-16T07:00:00.250000,-10.168134
1789560000281250000,2026-09-16T07:00:00.281250,-10.748652
1789560000312500000,2026-09-16T07:00:00.312500,-11.020769
1789560000343750000,2026-09-16T07:00:00.343750,-11.510581
1789560000375000000,2026-09-16T07:00:00.375000,-11.909687
1789560000406250000,2026-09-16T07:00:00.406250,-12.072958
1789560000437500000,2026-09-16T07:00:00.437500,-12.508346
1789560000468750000,2026-09-16T07:00:00.468750,-12.943735
1789560000500000000,2026-09-16T07:00:00.500000,-13.125147
1789560000531250000,2026-09-16T07:00:00.531250,-13.125147
1789560000562500000,2026-09-16T07:00:00.562500,-13.524253
1789560000593750000,2026-09-16T07:00:00.593750,-13.651241
1789560000625000000,2026-09-16T07:00:00.625000,-13.887076
1789560000656250000,2026-09-16T07:00:00.656250,-14.068488
1789560000687500000,2026-09-16T07:00:00.687500,-14.231759
1789560000718750000,2026-09-16T07:00:00.718750,-13.868935
1789560000750000000,2026-09-16T07:00:00.750000,-13.796370
1789560000781250000,2026-09-16T07:00:00.781250,-13.596817
1789560000812500000,2026-09-16T07:00:00.812500,-13.306558
1789560000843750000,2026-09-16T07:00:00.843750,-13.070723
1789560000875000000,2026-09-16T07:00:00.875000,-13.614959
1789560000906250000,2026-09-16T07:00:00.906250,-13.397264
1789560000937500000,2026-09-16T07:00:00.937500,-13.342841
1789560000968750000,2026-09-16T07:00:00.968750,-13.415406
1789560001000000000,2026-09-16T07:00:01,-13.215853
1789560001031250000,2026-09-16T07:00:01.031250,-12.816746
1789560001062500000,2026-09-16T07:00:01.062500,-12.308793
1789560001093750000,2026-09-16T07:00:01.093750,-11.728275
1789560001125000000,2026-09-16T07:00:01.125000,-11.129616
1789560001156250000,2026-09-16T07:00:01.156250,-10.948205
1789560001187500000,2026-09-16T07:00:01.187500,-10.585381
1789560001218750000,2026-09-16T07:00:01.218750,-10.512816
1789560001250000000,2026-09-16T07:00:01.250000,-10.385828
1789560001281250000,2026-09-16T07:00:01.281250,-9.986722
1789560001312500000,2026-09-16T07:00:01.312500,-9.460627
1789560001343750000,2026-09-16T07:00:01.343750,-8.970815
1789560001375000000,2026-09-16T07:00:01.375000,-8.517286
1789560001406250000,2026-09-16T07:00:01.406250,-7.791639
1789560001437500000,2026-09-16T07:00:01.437500,-7.265544
1789560001468750000,2026-09-16T07:00:01.468750,-6.703167
1789560001500000000,2026-09-16T07:00:01.500000,-5.904955
1789560001531250000,2026-09-16T07:00:01.531250,-5.143026
1789560001562500000,2026-09-16T07:00:01.562500,-4.544367
1789560001593750000,2026-09-16T07:00:01.593750,-3.746154
1789560001625000000,2026-09-16T07:00:01.625000,-2.984225
1789560001656250000,2026-09-16T07:00:01.656250,-2.439989
1789560001687500000,2026-09-16T07:00:01.687500,-1.932036
1789560001718750000,2026-09-16T07:00:01.718750,-1.133824
1789560001750000000,2026-09-16T07:00:01.750000,-0.371894
1789560001781250000,2026-09-16T07:00:01.781250,0.226765
1789560001812500000,2026-09-16T07:00:01.812500,1.151965
1789560001843750000,2026-09-16T07:00:01.843750,1.895754
1789560001875000000,2026-09-16T07:00:01.875000,2.367425
1789560001906250000,2026-09-16T07:00:01.906250,2.784672
1789560001937500000,2026-09-16T07:00:01.937500,3.619166
1789560001968750000,2026-09-16T07:00:01.968750,3.746154
1789560002000000000,2026-09-16T07:00:02,4.290390
1789560002031250000,2026-09-16T07:00:02.031250,4.598790
1789560002062500000,2026-09-16T07:00:02.062500,5.233732
1789560002093750000,2026-09-16T07:00:02.093750,5.233732
1789560002125000000,2026-09-16T07:00:02.125000,5.977520
1789560002156250000,2026-09-16T07:00:02.156250,6.304061
1789560002187500000,2026-09-16T07:00:02.187500,7.374391
1789560002218750000,2026-09-16T07:00:02.218750,7.737215
1789560002250000000,2026-09-16T07:00:02.250000,8.571709
1789560002281250000,2026-09-16T07:00:02.281250,9.007098
1789560002312500000,2026-09-16T07:00:02.312500,9.642039
1789560002343750000,2026-09-16T07:00:02.343750,9.460627
1789560002375000000,2026-09-16T07:00:02.375000,10.059287
1789560002406250000,2026-09-16T07:00:02.406250,10.313263
1789560002437500000,2026-09-16T07:00:02.437500,10.766793
1789560002468750000,2026-09-16T07:00:02.468750,11.202181
1789560002500000000,2026-09-16T07:00:02.500000,11.873405
1789560002531250000,2026-09-16T07:00:02.531250,11.800840
1789560002562500000,2026-09-16T07:00:02.562500,12.072958
1789560002593750000,2026-09-16T07:00:02.593750,12.218087
1789560002625000000,2026-09-16T07:00:02.625000,12.000393
1789560002656250000,2026-09-16T07:00:02.656250,12.254370
1789560002687500000,2026-09-16T07:00:02.687500,12.653476
1789560002718750000,2026-09-16T07:00:02.718750,12.707899
1789560002750000000,2026-09-16T07:00:02.750000,12.961876
1789560002781250000,2026-09-16T07:00:02.781250,13.215853
1789560002812500000,2026-09-16T07:00:02.812500,12.889311
1789560002843750000,2026-09-16T07:00:02.843750,12.853029
1789560002875000000,2026-09-16T07:00:02.875000,13.034441
1789560002906250000,2026-09-16T07:00:02.906250,13.016300
1789560002937500000,2026-09-16T07:00:02.937500,13.088864
1789560002968750000,2026-09-16T07:00:02.968750,13.233994
1789560003000000000,2026-09-16T07:00:03,13.288417
1789560003031250000,2026-09-16T07:00:03.031250,13.270276
1789560003062500000,2026-09-16T07:00:03.062500,13.288417
1789560003093750000,2026-09-16T07:00:03.093750,13.306558
1789560003125000000,2026-09-16T07:00:03.125000,13.252135
1789560003156250000,2026-09-16T07:00:03.156250,12.998158
1789560003187500000,2026-09-16T07:00:03.187500,13.143288
1789560003218750000,2026-09-16T07:00:03.218750,13.270276
1789560003250000000,2026-09-16T07:00:03.250000,13.633100
1789560003281250000,2026-09-16T07:00:03.281250,13.796370
1789560003312500000,2026-09-16T07:00:03.312500,14.231759
1789560003343750000,2026-09-16T07:00:03.343750,13.959641
1789560003375000000,2026-09-16T07:00:03.375000,13.578676
1789560003406250000,2026-09-16T07:00:03.406250,13.179570
1789560003437500000,2026-09-16T07:00:03.437500,13.052582
1789560003468750000,2026-09-16T07:00:03.468750,12.834888
1789560003500000000,2026-09-16T07:00:03.500000,12.907452
1789560003531250000,2026-09-16T07:00:03.531250,13.016300
1789560003562500000,2026-09-16T07:00:03.562500,13.125147
1789560003593750000,2026-09-16T07:00:03.593750,13.397264
1789560003625000000,2026-09-16T07:00:03.625000,13.179570
1789560003656250000,2026-09-16T07:00:03.656250,13.070723
1789560003687500000,2026-09-16T07:00:03.687500,12.925594
1789560003718750000,2026-09-16T07:00:03.718750,12.744182
1789560003750000000,2026-09-16T07:00:03.750000,12.472064
1789560003781250000,2026-09-16T07:00:03.781250,12.508346
1789560003812500000,2026-09-16T07:00:03.812500,12.417640
1789560003843750000,2026-09-16T07:00:03.843750,12.199946
1789560003875000000,2026-09-16T07:00:03.875000,11.800840
1789560003906250000,2026-09-16T07:00:03.906250,11.818981
1789560003937500000,2026-09-16T07:00:03.937500,11.474299
1789560003968750000,2026-09-16T07:00:03.968750,11.238463
1789560004000000000,2026-09-16T07:00:04,11.184040
1789560004031250000,2026-09-16T07:00:04.031250,11.220322
1789560004062500000,2026-09-16T07:00:04.062500,10.422110
1789560004093750000,2026-09-16T07:00:04.093750,10.512816
1789560004125000000,2026-09-16T07:00:04.125000,10.476534
1789560004156250000,2026-09-16T07:00:04.156250,9.896016
1789560004187500000,2026-09-16T07:00:04.187500,9.351780
1789560004218750000,2026-09-16T07:00:04.218750,9.297357
1789560004250000000,2026-09-16T07:00:04.250000,8.880110
1789560004281250000,2026-09-16T07:00:04.281250,8.390298
1789560004312500000,2026-09-16T07:00:04.312500,8.208886
1789560004343750000,2026-09-16T07:00:04.343750,7.827921
1789560004375000000,2026-09-16T07:00:04.375000,7.283685
1789560004406250000,2026-09-16T07:00:04.406250,6.539897
1789560004437500000,2026-09-16T07:00:04.437500,5.850532
1789560004468750000,2026-09-16T07:00:04.468750,5.306296
1789560004500000000,2026-09-16T07:00:04.500000,4.870908
1789560004531250000,2026-09-16T07:00:04.531250,4.417378
1789560004562500000,2026-09-16T07:00:04.562500,4.036413
1789560004593750000,2026-09-16T07:00:04.593750,3.292625
1789560004625000000,2026-09-16T07:00:04.625000,2.820954
1789560004656250000,2026-09-16T07:00:04.656250,2.113448
1789560004687500000,2026-09-16T07:00:04.687500,1.170106
1789560004718750000,2026-09-16T07:00:04.718750,0.517024
1789560004750000000,2026-09-16T07:00:04.750000,0.172341
1789560004781250000,2026-09-16T07:00:04.781250,-0.408177
1789560004812500000,2026-09-16T07:00:04.812500,-0.825424
1789560004843750000,2026-09-16T07:00:04.843750,-1.405942
1789560004875000000,2026-09-16T07:00:04.875000,-2.167871
1789560004906250000,2026-09-16T07:00:04.906250,-2.875378
1789560004937500000,2026-09-16T07:00:04.937500,-3.782437
1789560004968750000,2026-09-16T07:00:04.968750,-4.471802
1789560005000000000,2026-09-16T07:00:05,-5.088602
1789560005031250000,2026-09-16T07:00:05.031250,-5.687261
1789560005062500000,2026-09-16T07:00:05.062500,-6.322203
1789560005093750000,2026-09-16T07:00:05.093750,-6.902721
1789560005125000000,2026-09-16T07:00:05.125000,-7.374391
1789560005156250000,2026-09-16T07:00:05.156250,-7.682791
1789560005187500000,2026-09-16T07:00:05.187500,-8.172603
1789560005218750000,2026-09-16T07:00:05.218750,-8.444721
1789560005250000000,2026-09-16T07:00:05.250000,-9.007098
1789560005281250000,2026-09-16T07:00:05.281250,-9.551333
1789560005312500000,2026-09-16T07:00:05.312500,-9.950439
1789560005343750000,2026-09-16T07:00:05.343750,-10.222557
1789560005375000000,2026-09-16T07:00:05.375000,-10.930063
1789560005406250000,2026-09-16T07:00:05.406250,-11.456158
1789560005437500000,2026-09-16T07:00:05.437500,-11.691993
1789560005468750000,2026-09-16T07:00:05.468750,-12.054817
1789560005500000000,2026-09-16T07:00:05.500000,-12.508346
1789560005531250000,2026-09-16T07:00:05.531250,-12.798605
1789560005562500000,2026-09-16T07:00:05.562500,-12.834888
1789560005593750000,2026-09-16T07:00:05.593750,-13.161429
1789560005625000000,2026-09-16T07:00:05.625000,-13.487970
1789560005656250000,2026-09-16T07:00:05.656250,-13.959641
1789560005687500000,2026-09-16T07:00:05.687500,-13.850794
1789560005718750000,2026-09-16T07:00:05.718750,-13.887076
1789560005750000000,2026-09-16T07:00:05.750000,-13.941500
1789560005781250000,2026-09-16T07:00:05.781250,-13.723806
1789560005812500000,2026-09-16T07:00:05.812500,-13.360982
1789560005843750000,2026-09-16T07:00:05.843750,-13.433547
1789560005875000000,2026-09-16T07:00:05.875000,-13.415406
1789560005906250000,2026-09-16T07:00:05.906250,-13.542394
1789560005937500000,2026-09-16T07:00:05.937500,-13.850794
1789560005968750000,2026-09-16T07:00:05.968750,-13.959641
1789560006000000000,2026-09-16T07:00:06,-13.760088
1789560006031250000,2026-09-16T07:00:06.031250,-13.687523
1789560006062500000,2026-09-16T07:00:06.062500,-13.034441
1789560006093750000,2026-09-16T07:00:06.093750,-12.562770
1789560006125000000,2026-09-16T07:00:06.125000,-12.054817
1789560006156250000,2026-09-16T07:00:06.156250,-11.546864
1789560006187500000,2026-09-16T07:00:06.187500,-10.893781
1789603200093750000,2026-09-16T19:00:00.093750,-13.823582
1789603200125000000,2026-09-16T19:00:00.125000,-13.896147
1789603200156250000,2026-09-16T19:00:00.156250,-13.914288
1789603200187500000,2026-09-16T19:00:00.187500,-13.732876
1789603200218750000,2026-09-16T19:00:00.218750,-13.442617
1789603200250000000,2026-09-16T19:00:00.250000,-13.152358
1789603200281250000,2026-09-16T19:00:00.281250,-12.608123
1789603200312500000,2026-09-16T19:00:00.312500,-12.589982
1789603200343750000,2026-09-16T19:00:00.343750,-12.426711
1789603200375000000,2026-09-16T19:00:00.375000,-12.227158
1789603200406250000,2026-09-16T19:00:00.406250,-12.063887
1789603200437500000,2026-09-16T19:00:00.437500,-11.882476
1789603200468750000,2026-09-16T19:00:00.468750,-11.156828
1789603200500000000,2026-09-16T19:00:00.500000,-10.667016
1789603200531250000,2026-09-16T19:00:00.531250,-10.213487
1789603200562500000,2026-09-16T19:00:00.562500,-9.378992
1789603200593750000,2026-09-16T19:00:00.593750,-8.852898
1789603200625000000,2026-09-16T19:00:00.625000,-8.254239
1789603200656250000,2026-09-16T19:00:00.656250,-7.800709
1789603200687500000,2026-09-16T19:00:00.687500,-7.202050
1789603200718750000,2026-09-16T19:00:00.718750,-6.748520
1789603200750000000,2026-09-16T19:00:00.750000,-6.403838
1789603200781250000,2026-09-16T19:00:00.781250,-6.113579
1789603200812500000,2026-09-16T19:00:00.812500,-5.533061
1789603200843750000,2026-09-16T19:00:00.843750,-4.698567
1789603200875000000,2026-09-16T19:00:00.875000,-4.335743
1789603200906250000,2026-09-16T19:00:00.906250,-3.519390
1789603200937500000,2026-09-16T19:00:00.937500,-2.684895
1789603200968750000,2026-09-16T19:00:00.968750,-2.176942
1789603201000000000,2026-09-16T19:00:01,-1.795977
1789603201031250000,2026-09-16T19:00:01.031250,-0.780071
1789603201062500000,2026-09-16T19:00:01.062500,-0.145129
1789603201093750000,2026-09-16T19:00:01.093750,0.253977
1789603201125000000,2026-09-16T19:00:01.125000,0.943342
1789603201156250000,2026-09-16T19:00:01.156250,1.759695
1789603201187500000,2026-09-16T19:00:01.187500,2.358354
1789603201218750000,2026-09-16T19:00:01.218750,3.174707
1789603201250000000,2026-09-16T19:00:01.250000,3.882213
1789603201281250000,2026-09-16T19:00:01.281250,4.517155
1789603201312500000,2026-09-16T19:00:01.312500,4.825555
1789603201343750000,2026-09-16T19:00:01.343750,5.369790
1789603201375000000,2026-09-16T19:00:01.375000,5.623767
1789603201406250000,2026-09-16T19:00:01.406250,5.968450
1789603201437500000,2026-09-16T19:00:01.437500,6.585250
1789603201468750000,2026-09-16T19:00:01.468750,7.202050
1789603201500000000,2026-09-16T19:00:01.500000,7.474168
1789603201531250000,2026-09-16T19:00:01.531250,7.982121
1789603201562500000,2026-09-16T19:00:01.562500,8.399368
1789603201593750000,2026-09-16T19:00:01.593750,8.580780
1789603201625000000,2026-09-16T19:00:01.625000,9.088733
1789603201656250000,2026-09-16T19:00:01.656250,9.723675
1789603201687500000,2026-09-16T19:00:01.687500,10.068357
1789603201718750000,2026-09-16T19:00:01.718750,10.449322
1789603201750000000,2026-09-16T19:00:01.750000,10.975416
1789603201781250000,2026-09-16T19:00:01.781250,11.138687
1789603201812500000,2026-09-16T19:00:01.812500,11.193111
1789603201843750000,2026-09-16T19:00:01.843750,11.519652
1789603201875000000,2026-09-16T19:00:01.875000,11.809911
1789603201906250000,2026-09-16T19:00:01.906250,11.973181
1789603201937500000,2026-09-16T19:00:01.937500,12.372287
1789603201968750000,2026-09-16T19:00:01.968750,12.680688
1789603202000000000,2026-09-16T19:00:02,12.753252
1789603202031250000,2026-09-16T19:00:02.031250,12.934664
1789603202062500000,2026-09-16T19:00:02.062500,13.079794
1789603202093750000,2026-09-16T19:00:02.093750,13.134217
1789603202125000000,2026-09-16T19:00:02.125000,13.206782
1789603202156250000,2026-09-16T19:00:02.156250,13.569606
1789603202187500000,2026-09-16T19:00:02.187500,13.678453
1789603202218750000,2026-09-16T19:00:02.218750,13.624029
1789603202250000000,2026-09-16T19:00:02.250000,13.696594
1789603202281250000,2026-09-16T19:00:02.281250,13.551464
1789603202312500000,2026-09-16T19:00:02.312500,13.569606
1789603202343750000,2026-09-16T19:00:02.343750,13.587747
1789603202375000000,2026-09-16T19:00:02.375000,13.823582
1789603202406250000,2026-09-16T19:00:02.406250,13.660312
1789603202437500000,2026-09-16T19:00:02.437500,13.841723
1789603202468750000,2026-09-16T19:00:02.468750,13.660312
1789603202500000000,2026-09-16T19:00:02.500000,13.569606
1789603202531250000,2026-09-16T19:00:02.531250,13.351911
1789603202562500000,2026-09-16T19:00:02.562500,13.442617
1789603202593750000,2026-09-16T19:00:02.593750,13.660312
1789603202625000000,2026-09-16T19:00:02.625000,13.696594
1789603202656250000,2026-09-16T19:00:02.656250,13.914288
1789603202687500000,2026-09-16T19:00:02.687500,13.859865
1789603202718750000,2026-09-16T19:00:02.718750,13.841723
1789603202750000000,2026-09-16T19:00:02.750000,13.406335
1789603202781250000,2026-09-16T19:00:02.781250,13.297488
1789603202812500000,2026-09-16T19:00:02.812500,13.206782
1789603202843750000,2026-09-16T19:00:02.843750,13.261206
1789603202875000000,2026-09-16T19:00:02.875000,13.351911
1789603202906250000,2026-09-16T19:00:02.906250,13.315629
1789603202937500000,2026-09-16T19:00:02.937500,13.043511
1789603202968750000,2026-09-16T19:00:02.968750,12.880241
1789603203000000000,2026-09-16T19:00:03,12.626264
1789603203031250000,2026-09-16T19:00:03.031250,12.190876
1789603203062500000,2026-09-16T19:00:03.062500,12.154593
1789603203093750000,2026-09-16T19:00:03.093750,12.172734
1789603203125000000,2026-09-16T19:00:03.125000,12.100170
1789603203156250000,2026-09-16T19:00:03.156250,12.390429
1789603203187500000,2026-09-16T19:00:03.187500,12.716970
1789603203218750000,2026-09-16T19:00:03.218750,12.825817
1789603203250000000,2026-09-16T19:00:03.250000,12.807676
1789603203281250000,2026-09-16T19:00:03.281250,12.499276
1789603203312500000,2026-09-16T19:00:03.312500,12.100170
1789603203343750000,2026-09-16T19:00:03.343750,11.519652
1789603203375000000,2026-09-16T19:00:03.375000,10.939134
1789603203406250000,2026-09-16T19:00:03.406250,10.721440
1789603203437500000,2026-09-16T19:00:03.437500,10.449322
1789603203468750000,2026-09-16T19:00:03.468750,10.104639
1789603203500000000,2026-09-16T19:00:03.500000,9.669251
1789603203531250000,2026-09-16T19:00:03.531250,9.542263
1789603203562500000,2026-09-16T19:00:03.562500,9.143157
1789603203593750000,2026-09-16T19:00:03.593750,8.943604
1789603203625000000,2026-09-16T19:00:03.625000,8.290521
1789603203656250000,2026-09-16T19:00:03.656250,7.891415
1789603203687500000,2026-09-16T19:00:03.687500,7.310897
1789603203718750000,2026-09-16T19:00:03.718750,6.839226
1789603203750000000,2026-09-16T19:00:03.750000,6.004732
1789603203781250000,2026-09-16T19:00:03.781250,5.823320
1789603203812500000,2026-09-16T19:00:03.812500,5.206520
1789603203843750000,2026-09-16T19:00:03.843750,4.916261
1789603203875000000,2026-09-16T19:00:03.875000,4.045484
1789603203906250000,2026-09-16T19:00:03.906250,3.356119
1789603203937500000,2026-09-16T19:00:03.937500,2.739319
1789603203968750000,2026-09-16T19:00:03.968750,2.340213
1789603204000000000,2026-09-16T19:00:04,1.487577
1789603204031250000,2026-09-16T19:00:04.031250,0.997765
1789603204062500000,2026-09-16T19:00:04.062500,0.671224
1789603204093750000,2026-09-16T19:00:04.093750,-0.199553
1789603204125000000,2026-09-16T19:00:04.125000,-1.034047
1789603204156250000,2026-09-16T19:00:04.156250,-1.687130
1789603204187500000,2026-09-16T19:00:04.187500,-2.176942
1789603204218750000,2026-09-16T19:00:04.218750,-2.957013
1789603204250000000,2026-09-16T19:00:04.250000,-3.247272
1789603204281250000,2026-09-16T19:00:04.281250,-3.718943
1789603204312500000,2026-09-16T19:00:04.312500,-4.535296
1789603204343750000,2026-09-16T19:00:04.343750,-5.406073
1789603204375000000,2026-09-16T19:00:04.375000,-6.131720
1789603204406250000,2026-09-16T19:00:04.406250,-6.802944
1789603204437500000,2026-09-16T19:00:04.437500,-7.492309
1789603204468750000,2026-09-16T19:00:04.468750,-7.710003
1789603204500000000,2026-09-16T19:00:04.500000,-8.163533
1789603204531250000,2026-09-16T19:00:04.531250,-8.544498
1789603204562500000,2026-09-16T19:00:04.562500,-9.106874
1789603204593750000,2026-09-16T19:00:04.593750,-9.270145
1789603204625000000,2026-09-16T19:00:04.625000,-9.923228
1789603204656250000,2026-09-16T19:00:04.656250,-10.340475
1789603204687500000,2026-09-16T19:00:04.687500,-10.630734
1789603204718750000,2026-09-16T19:00:04.718750,-11.011699
1789603204750000000,2026-09-16T19:00:04.750000,-11.610358
1789603204781250000,2026-09-16T19:00:04.781250,-11.936899
1789603204812500000,2026-09-16T19:00:04.812500,-12.190876
1789603204843750000,2026-09-16T19:00:04.843750,-12.553699
1789603204875000000,2026-09-16T19:00:04.875000,-12.807676
1789603204906250000,2026-09-16T19:00:04.906250,-12.970947
1789603204937500000,2026-09-16T19:00:04.937500,-13.188641
1789603204968750000,2026-09-16T19:00:04.968750,-13.406335
1789603205000000000,2026-09-16T19:00:05,-13.551464
1789603205031250000,2026-09-16T19:00:05.031250,-13.533323
1789603205062500000,2026-09-16T19:00:05.062500,-13.515182
1789603205093750000,2026-09-16T19:00:05.093750,-13.388194
1789603205125000000,2026-09-16T19:00:05.125000,-13.315629
1789603205156250000,2026-09-16T19:00:05.156250,-12.989088
1789603205187500000,2026-09-16T19:00:05.187500,-13.079794
1789603205218750000,2026-09-16T19:00:05.218750,-12.916523
1789603205250000000,2026-09-16T19:00:05.250000,-12.862099
1789603205281250000,2026-09-16T19:00:05.281250,-12.626264
1789603205312500000,2026-09-16T19:00:05.312500,-12.571841
1789603205343750000,2026-09-16T19:00:05.343750,-12.045746
1789603205375000000,2026-09-16T19:00:05.375000,-12.336005
1789603205406250000,2026-09-16T19:00:05.406250,-11.936899
1789603205437500000,2026-09-16T19:00:05.437500,-11.646640
1789603205468750000,2026-09-16T19:00:05.468750,-11.356381
1789603205500000000,2026-09-16T19:00:05.500000,-11.410805
1789603205531250000,2026-09-16T19:00:05.531250,-10.703299
1789603205562500000,2026-09-16T19:00:05.562500,-10.340475
1789603205593750000,2026-09-16T19:00:05.593750,-10.068357
1789603205625000000,2026-09-16T19:00:05.625000,-9.669251
1789603205656250000,2026-09-16T19:00:05.656250,-8.707768
1789603205687500000,2026-09-16T19:00:05.687500,-8.254239
1789603205718750000,2026-09-16T19:00:05.718750,-8.018403
1789603205750000000,2026-09-16T19:00:05.750000,-7.347180
1789603205781250000,2026-09-16T19:00:05.781250,-6.911791
1789603205812500000,2026-09-16T19:00:05.812500,-6.730379
1789603205843750000,2026-09-16T19:00:05.843750,-6.313132
1789603205875000000,2026-09-16T19:00:05.875000,-5.623767
1789603205906250000,2026-09-16T19:00:05.906250,-5.152096
1789603205937500000,2026-09-16T19:00:05.937500,-4.662284
1789603205968750000,2026-09-16T19:00:05.968750,-4.045484
1789603206000000000,2026-09-16T19:00:06,-3.084001
1789603206031250000,2026-09-16T19:00:06.031250,-2.213224
1789603206062500000,2026-09-16T19:00:06.062500,-1.487577
1789603206093750000,2026-09-16T19:00:06.093750,-0.780071
1789603206125000000,2026-09-16T19:00:06.125000,-0.326541
1789603206156250000,2026-09-16T19:00:06.156250,0.199553
1789603206187500000,2026-09-16T19:00:06.187500,0.598659
1789646400093750000,2026-09-17T07:00:00.093750,1.224530
1789646400125000000,2026-09-17T07:00:00.125000,1.569212
1789646400156250000,2026-09-17T07:00:00.156250,2.149730
1789646400187500000,2026-09-17T07:00:00.187500,2.966084
1789646400218750000,2026-09-17T07:00:00.218750,3.764296
1789646400250000000,2026-09-17T07:00:00.250000,4.272249
1789646400281250000,2026-09-17T07:00:00.281250,5.088602
1789646400312500000,2026-09-17T07:00:00.312500,5.923097
1789646400343750000,2026-09-17T07:00:00.343750,6.612462
1789646400375000000,2026-09-17T07:00:00.375000,6.902721
1789646400406250000,2026-09-17T07:00:00.406250,7.501380
1789646400437500000,2026-09-17T07:00:00.437500,8.009333
1789646400468750000,2026-09-17T07:00:00.468750,8.100039
1789646400500000000,2026-09-17T07:00:00.500000,8.317733
1789646400531250000,2026-09-17T07:00:00.531250,8.916392
1789646400562500000,2026-09-17T07:00:00.562500,9.242933
1789646400593750000,2026-09-17T07:00:00.593750,9.714604
1789646400625000000,2026-09-17T07:00:00.625000,10.113710
1789646400656250000,2026-09-17T07:00:00.656250,10.676087
1789646400687500000,2026-09-17T07:00:00.687500,10.657946
1789646400718750000,2026-09-17T07:00:00.718750,10.948205
1789646400750000000,2026-09-17T07:00:00.750000,11.147758
1789646400781250000,2026-09-17T07:00:00.781250,11.728275
1789646400812500000,2026-09-17T07:00:00.812500,11.891546
1789646400843750000,2026-09-17T07:00:00.843750,12.072958
1789646400875000000,2026-09-17T07:00:00.875000,12.091099
1789646400906250000,2026-09-17T07:00:00.906250,12.453923
1789646400937500000,2026-09-17T07:00:00.937500,12.127382
1789646400968750000,2026-09-17T07:00:00.968750,12.091099
1789646401000000000,2026-09-17T07:00:01,12.127382
1789646401031250000,2026-09-17T07:00:01.031250,12.453923
1789646401062500000,2026-09-17T07:00:01.062500,12.508346
1789646401093750000,2026-09-17T07:00:01.093750,12.889311
1789646401125000000,2026-09-17T07:00:01.125000,12.834888
1789646401156250000,2026-09-17T07:00:01.156250,12.961876
1789646401187500000,2026-09-17T07:00:01.187500,13.107005
1789646401218750000,2026-09-17T07:00:01.218750,12.943735
1789646401250000000,2026-09-17T07:00:01.250000,13.052582
1789646401281250000,2026-09-17T07:00:01.281250,13.397264
1789646401312500000,2026-09-17T07:00:01.312500,13.524253
1789646401343750000,2026-09-17T07:00:01.343750,13.306558
1789646401375000000,2026-09-17T07:00:01.375000,13.578676
1789646401406250000,2026-09-17T07:00:01.406250,13.379123
1789646401437500000,2026-09-17T07:00:01.437500,13.324700
1789646401468750000,2026-09-17T07:00:01.468750,13.469829
1789646401500000000,2026-09-17T07:00:01.500000,13.669382
1789646401531250000,2026-09-17T07:00:01.531250,13.560535
1789646401562500000,2026-09-17T07:00:01.562500,13.360982
1789646401593750000,2026-09-17T07:00:01.593750,13.197711
1789646401625000000,2026-09-17T07:00:01.625000,12.762323
1789646401656250000,2026-09-17T07:00:01.656250,12.508346
1789646401687500000,2026-09-17T07:00:01.687500,12.308793
1789646401718750000,2026-09-17T07:00:01.718750,12.544629
1789646401750000000,2026-09-17T07:00:01.750000,12.490205
1789646401781250000,2026-09-17T07:00:01.781250,12.816746
1789646401812500000,2026-09-17T07:00:01.812500,12.961876
1789646401843750000,2026-09-17T07:00:01.843750,12.925594
1789646401875000000,2026-09-17T07:00:01.875000,13.107005
1789646401906250000,2026-09-17T07:00:01.906250,12.889311
1789646401937500000,2026-09-17T07:00:01.937500,12.707899
1789646401968750000,2026-09-17T07:00:01.968750,12.290652
1789646402000000000,2026-09-17T07:00:02,12.254370
1789646402031250000,2026-09-17T07:00:02.031250,11.746417
1789646402062500000,2026-09-17T07:00:02.062500,11.673852
1789646402093750000,2026-09-17T07:00:02.093750,11.619428
1789646402125000000,2026-09-17T07:00:02.125000,11.691993
1789646402156250000,2026-09-17T07:00:02.156250,11.474299
1789646402187500000,2026-09-17T07:00:02.187500,11.365452
1789646402218750000,2026-09-17T07:00:02.218750,11.256605
1789646402250000000,2026-09-17T07:00:02.250000,10.966346
1789646402281250000,2026-09-17T07:00:02.281250,10.694228
1789646402312500000,2026-09-17T07:00:02.312500,10.440251
1789646402343750000,2026-09-17T07:00:02.343750,10.476534
1789646402375000000,2026-09-17T07:00:02.375000,10.186275
1789646402406250000,2026-09-17T07:00:02.406250,9.551333
1789646402437500000,2026-09-17T07:00:02.437500,9.442486
1789646402468750000,2026-09-17T07:00:02.468750,9.206651
1789646402500000000,2026-09-17T07:00:02.500000,8.281450
1789646402531250000,2026-09-17T07:00:02.531250,7.918627
1789646402562500000,2026-09-17T07:00:02.562500,7.791639
1789646402593750000,2026-09-17T07:00:02.593750,6.939003
1789646402625000000,2026-09-17T07:00:02.625000,6.358485
1789646402656250000,2026-09-17T07:00:02.656250,6.304061
1789646402687500000,2026-09-17T07:00:02.687500,5.596555
1789646402718750000,2026-09-17T07:00:02.718750,5.124884
1789646402750000000,2026-09-17T07:00:02.750000,4.762061
1789646402781250000,2026-09-17T07:00:02.781250,4.217825
1789646402812500000,2026-09-17T07:00:02.812500,3.673590
1789646402843750000,2026-09-17T07:00:02.843750,3.093072
1789646402875000000,2026-09-17T07:00:02.875000,2.131589
1789646402906250000,2026-09-17T07:00:02.906250,1.478506
1789646402937500000,2026-09-17T07:00:02.937500,0.861706
1789646402968750000,2026-09-17T07:00:02.968750,-0.117918
1789646403000000000,2026-09-17T07:00:03,-0.698436
1789646403031250000,2026-09-17T07:00:03.031250,-1.061259
1789646403062500000,2026-09-17T07:00:03.062500,-1.514789
1789646403093750000,2026-09-17T07:00:03.093750,-2.095307
1789646403125000000,2026-09-17T07:00:03.125000,-2.530695
1789646403156250000,2026-09-17T07:00:03.156250,-3.074931
1789646403187500000,2026-09-17T07:00:03.187500,-3.873143
1789646403218750000,2026-09-17T07:00:03.218750,-4.743920
1789646403250000000,2026-09-17T07:00:03.250000,-5.415143
1789646403281250000,2026-09-17T07:00:03.281250,-5.868673
1789646403312500000,2026-09-17T07:00:03.312500,-6.358485
1789646403343750000,2026-09-17T07:00:03.343750,-6.939003
1789646403375000000,2026-09-17T07:00:03.375000,-7.428815
1789646403406250000,2026-09-17T07:00:03.406250,-8.154462
1789646403437500000,2026-09-17T07:00:03.437500,-8.716839
1789646403468750000,2026-09-17T07:00:03.468750,-9.388063
1789646403500000000,2026-09-17T07:00:03.500000,-9.914157
1789646403531250000,2026-09-17T07:00:03.531250,-10.476534
1789646403562500000,2026-09-17T07:00:03.562500,-10.494675
1789646403593750000,2026-09-17T07:00:03.593750,-11.147758
1789646403625000000,2026-09-17T07:00:03.625000,-11.184040
1789646403656250000,2026-09-17T07:00:03.656250,-11.456158
1789646403687500000,2026-09-17T07:00:03.687500,-11.945970
1789646403718750000,2026-09-17T07:00:03.718750,-12.707899
1789646403750000000,2026-09-17T07:00:03.750000,-12.707899
1789646403781250000,2026-09-17T07:00:03.781250,-13.197711
1789646403812500000,2026-09-17T07:00:03.812500,-13.016300
1789646403843750000,2026-09-17T07:00:03.843750,-12.961876
1789646403875000000,2026-09-17T07:00:03.875000,-13.016300
1789646403906250000,2026-09-17T07:00:03.906250,-13.252135
1789646403937500000,2026-09-17T07:00:03.937500,-13.342841
1789646403968750000,2026-09-17T07:00:03.968750,-13.651241
1789646404000000000,2026-09-17T07:00:04,-13.669382
1789646404031250000,2026-09-17T07:00:04.031250,-13.397264
1789646404062500000,2026-09-17T07:00:04.062500,-13.542394
1789646404093750000,2026-09-17T07:00:04.093750,-13.324700
1789646404125000000,2026-09-17T07:00:04.125000,-13.088864
1789646404156250000,2026-09-17T07:00:04.156250,-12.889311
1789646404187500000,2026-09-17T07:00:04.187500,-12.635335
1789646404218750000,2026-09-17T07:00:04.218750,-12.490205
1789646404250000000,2026-09-17T07:00:04.250000,-12.689758
1789646404281250000,2026-09-17T07:00:04.281250,-12.635335
1789646404312500000,2026-09-17T07:00:04.312500,-12.544629
1789646404343750000,2026-09-17T07:00:04.343750,-12.653476
1789646404375000000,2026-09-17T07:00:04.375000,-12.381358
1789646404406250000,2026-09-17T07:00:04.406250,-11.982252
1789646404437500000,2026-09-17T07:00:04.437500,-11.565005
1789646404468750000,2026-09-17T07:00:04.468750,-11.038910
1789646404500000000,2026-09-17T07:00:04.500000,-10.930063
1789646404531250000,2026-09-17T07:00:04.531250,-10.730510
1789646404562500000,2026-09-17T07:00:04.562500,-10.204416
1789646404593750000,2026-09-17T07:00:04.593750,-10.023004
1789646404625000000,2026-09-17T07:00:04.625000,-9.660180
1789646404656250000,2026-09-17T07:00:04.656250,-8.644274
1789646404687500000,2026-09-17T07:00:04.687500,-7.737215
1789646404718750000,2026-09-17T07:00:04.718750,-7.283685
1789646404750000000,2026-09-17T07:00:04.750000,-6.539897
1789646404781250000,2026-09-17T07:00:04.781250,-6.267779
1789646404812500000,2026-09-17T07:00:04.812500,-5.705402
1789646404843750000,2026-09-17T07:00:04.843750,-5.487708
1789646404875000000,2026-09-17T07:00:04.875000,-4.725778
1789646404906250000,2026-09-17T07:00:04.906250,-4.018272
1789646404937500000,2026-09-17T07:00:04.937500,-3.147495
1789646404968750000,2026-09-17T07:00:04.968750,-2.693966
1789646405000000000,2026-09-17T07:00:05,-1.786907
1789646405031250000,2026-09-17T07:00:05.031250,-1.224530
1789646405062500000,2026-09-17T07:00:05.062500,-0.716577
1789646405093750000,2026-09-17T07:00:05.093750,0.190482
1789646405125000000,2026-09-17T07:00:05.125000,0.553306
1789646405156250000,2026-09-17T07:00:05.156250,1.478506
1789646405187500000,2026-09-17T07:00:05.187500,2.204154
1789646405218750000,2026-09-17T07:00:05.218750,2.712107
1789646405250000000,2026-09-17T07:00:05.250000,3.129354
1789646405281250000,2026-09-17T07:00:05.281250,3.981990
1789646405312500000,2026-09-17T07:00:05.312500,4.054555
1789646405343750000,2026-09-17T07:00:05.343750,4.489943
1789646405375000000,2026-09-17T07:00:05.375000,4.889049
1789646405406250000,2026-09-17T07:00:05.406250,5.342579
1789646405437500000,2026-09-17T07:00:05.437500,5.832391
1789646405468750000,2026-09-17T07:00:05.468750,6.612462
1789646405500000000,2026-09-17T07:00:05.500000,7.211121
1789646405531250000,2026-09-17T07:00:05.531250,8.118180
1789646405562500000,2026-09-17T07:00:05.562500,8.535427
1789646405593750000,2026-09-17T07:00:05.593750,9.079663
1789646405625000000,2026-09-17T07:00:05.625000,9.297357
1789646405656250000,2026-09-17T07:00:05.656250,9.841592
1789646405687500000,2026-09-17T07:00:05.687500,9.896016
1789646405718750000,2026-09-17T07:00:05.718750,10.276981
1789646405750000000,2026-09-17T07:00:05.750000,10.458393
1789646405781250000,2026-09-17T07:00:05.781250,10.839357
1789646405812500000,2026-09-17T07:00:05.812500,10.857499
1789646405843750000,2026-09-17T07:00:05.843750,11.165899
1789646405875000000,2026-09-17T07:00:05.875000,11.202181
1789646405906250000,2026-09-17T07:00:05.906250,11.782699
1789646405937500000,2026-09-17T07:00:05.937500,12.054817
1789646405968750000,2026-09-17T07:00:05.968750,12.181805
1789646406000000000,2026-09-17T07:00:06,12.290652
1789646406031250000,2026-09-17T07:00:06.031250,12.726041
1789646406062500000,2026-09-17T07:00:06.062500,12.798605
1789646406093750000,2026-09-17T07:00:06.093750,13.016300
1789646406125000000,2026-09-17T07:00:06.125000,13.161429
1789646406156250000,2026-09-17T07:00:06.156250,13.379123
1789646406187500000,2026-09-17T07:00:06.187500,13.487970
1789689600093750000,2026-09-17T19:00:00.093750,-6.285920
1789689600125000000,2026-09-17T19:00:00.125000,-5.687261
1789689600156250000,2026-09-17T19:00:00.156250,-4.743920
1789689600187500000,2026-09-17T19:00:00.187500,-3.728013
1789689600218750000,2026-09-17T19:00:00.218750,-3.401472
1789689600250000000,2026-09-17T19:00:00.250000,-3.165637
1789689600281250000,2026-09-17T19:00:00.281250,-2.421848
1789689600312500000,2026-09-17T19:00:00.312500,-1.986460
1789689600343750000,2026-09-17T19:00:00.343750,-1.587354
1789689600375000000,2026-09-17T19:00:00.375000,-0.589588
1789689600406250000,2026-09-17T19:00:00.406250,0.263047
1789689600437500000,2026-09-17T19:00:00.437500,0.916130
1789689600468750000,2026-09-17T19:00:00.468750,1.387801
1789689600500000000,2026-09-17T19:00:00.500000,2.022742
1789689600531250000,2026-09-17T19:00:00.531250,2.349283
1789689600562500000,2026-09-17T19:00:00.562500,2.712107
1789689600593750000,2026-09-17T19:00:00.593750,3.292625
1789689600625000000,2026-09-17T19:00:00.625000,3.855002
1789689600656250000,2026-09-17T19:00:00.656250,4.399237
1789689600687500000,2026-09-17T19:00:00.687500,4.852767
1789689600718750000,2026-09-17T19:00:00.718750,5.741685
1789689600750000000,2026-09-17T19:00:00.750000,5.904955
1789689600781250000,2026-09-17T19:00:00.781250,6.376626
1789689600812500000,2026-09-17T19:00:00.812500,6.939003
1789689600843750000,2026-09-17T19:00:00.843750,7.519521
1789689600875000000,2026-09-17T19:00:00.875000,7.900486
1789689600906250000,2026-09-17T19:00:00.906250,8.589851
1789689600937500000,2026-09-17T19:00:00.937500,8.898251
1789689600968750000,2026-09-17T19:00:00.968750,9.279216
1789689601000000000,2026-09-17T19:00:01,9.623898
1789689601031250000,2026-09-17T19:00:01.031250,10.023004
1789689601062500000,2026-09-17T19:00:01.062500,10.403969
1789689601093750000,2026-09-17T19:00:01.093750,10.639804
1789689601125000000,2026-09-17T19:00:01.125000,10.821216
1789689601156250000,2026-09-17T19:00:01.156250,11.093334
1789689601187500000,2026-09-17T19:00:01.187500,11.401734
1789689601218750000,2026-09-17T19:00:01.218750,11.438017
1789689601250000000,2026-09-17T19:00:01.250000,12.036676
1789689601281250000,2026-09-17T19:00:01.281250,12.381358
1789689601312500000,2026-09-17T19:00:01.312500,12.508346
1789689601343750000,2026-09-17T19:00:01.343750,12.653476
1789689601375000000,2026-09-17T19:00:01.375000,12.980017
1789689601406250000,2026-09-17T19:00:01.406250,12.816746
1789689601437500000,2026-09-17T19:00:01.437500,12.780464
1789689601468750000,2026-09-17T19:00:01.468750,13.125147
1789689601500000000,2026-09-17T19:00:01.500000,12.961876
1789689601531250000,2026-09-17T19:00:01.531250,12.998158
1789689601562500000,2026-09-17T19:00:01.562500,13.125147
1789689601593750000,2026-09-17T19:00:01.593750,13.306558
1789689601625000000,2026-09-17T19:00:01.625000,13.215853
1789689601656250000,2026-09-17T19:00:01.656250,13.324700
1789689601687500000,2026-09-17T19:00:01.687500,13.252135
1789689601718750000,2026-09-17T19:00:01.718750,13.070723
1789689601750000000,2026-09-17T19:00:01.750000,13.161429
1789689601781250000,2026-09-17T19:00:01.781250,12.998158
1789689601812500000,2026-09-17T19:00:01.812500,12.998158
1789689601843750000,2026-09-17T19:00:01.843750,13.088864
1789689601875000000,2026-09-17T19:00:01.875000,13.324700
1789689601906250000,2026-09-17T19:00:01.906250,13.016300
1789689601937500000,2026-09-17T19:00:01.937500,12.998158
1789689601968750000,2026-09-17T19:00:01.968750,13.034441
1789689602000000000,2026-09-17T19:00:02,12.580911
1789689602031250000,2026-09-17T19:00:02.031250,12.562770
1789689602062500000,2026-09-17T19:00:02.062500,12.453923
1789689602093750000,2026-09-17T19:00:02.093750,12.345076
1789689602125000000,2026-09-17T19:00:02.125000,12.290652
1789689602156250000,2026-09-17T19:00:02.156250,12.453923
1789689602187500000,2026-09-17T19:00:02.187500,12.345076
1789689602218750000,2026-09-17T19:00:02.218750,12.308793
1789689602250000000,2026-09-17T19:00:02.250000,12.580911
1789689602281250000,2026-09-17T19:00:02.281250,12.490205
1789689602312500000,2026-09-17T19:00:02.312500,12.381358
1789689602343750000,2026-09-17T19:00:02.343750,12.326935
1789689602375000000,2026-09-17T19:00:02.375000,12.435782
1789689602406250000,2026-09-17T19:00:02.406250,12.290652
1789689602437500000,2026-09-17T19:00:02.437500,12.308793
1789689602468750000,2026-09-17T19:00:02.468750,12.199946
1789689602500000000,2026-09-17T19:00:02.500000,12.236229
1789689602531250000,2026-09-17T19:00:02.531250,11.927828
1789689602562500000,2026-09-17T19:00:02.562500,11.637570
1789689602593750000,2026-09-17T19:00:02.593750,11.347311
1789689602625000000,2026-09-17T19:00:02.625000,11.365452
1789689602656250000,2026-09-17T19:00:02.656250,10.930063
1789689602687500000,2026-09-17T19:00:02.687500,10.712369
1789689602718750000,2026-09-17T19:00:02.718750,10.512816
1789689602750000000,2026-09-17T19:00:02.750000,10.258840
1789689602781250000,2026-09-17T19:00:02.781250,9.986722
1789689602812500000,2026-09-17T19:00:02.812500,9.605757
1789689602843750000,2026-09-17T19:00:02.843750,9.134086
1789689602875000000,2026-09-17T19:00:02.875000,8.662415
1789689602906250000,2026-09-17T19:00:02.906250,7.900486
1789689602937500000,2026-09-17T19:00:02.937500,7.392532
1789689602968750000,2026-09-17T19:00:02.968750,7.156697
1789689603000000000,2026-09-17T19:00:03,6.975285
1789689603031250000,2026-09-17T19:00:03.031250,6.412909
1789689603062500000,2026-09-17T19:00:03.062500,6.285920
1789689603093750000,2026-09-17T19:00:03.093750,6.031944
1789689603125000000,2026-09-17T19:00:03.125000,5.415143
1789689603156250000,2026-09-17T19:00:03.156250,5.143026
1789689603187500000,2026-09-17T19:00:03.187500,4.780202
1789689603218750000,2026-09-17T19:00:03.218750,3.945708
1789689603250000000,2026-09-17T19:00:03.250000,2.893519
1789689603281250000,2026-09-17T19:00:03.281250,2.585119
1789689603312500000,2026-09-17T19:00:03.312500,1.442224
1789689603343750000,2026-09-17T19:00:03.343750,0.662153
1789689603375000000,2026-09-17T19:00:03.375000,0.244906
1789689603406250000,2026-09-17T19:00:03.406250,-0.081635
1789689603437500000,2026-09-17T19:00:03.437500,-1.188248
1789689603468750000,2026-09-17T19:00:03.468750,-1.823189
1789689603500000000,2026-09-17T19:00:03.500000,-2.421848
1789689603531250000,2026-09-17T19:00:03.531250,-2.966084
1789689603562500000,2026-09-17T19:00:03.562500,-3.619166
1789689603593750000,2026-09-17T19:00:03.593750,-4.272249
1789689603625000000,2026-09-17T19:00:03.625000,-4.508084
1789689603656250000,2026-09-17T19:00:03.656250,-4.834626
1789689603687500000,2026-09-17T19:00:03.687500,-5.560273
1789689603718750000,2026-09-17T19:00:03.718750,-6.231497
1789689603750000000,2026-09-17T19:00:03.750000,-6.485473
1789689603781250000,2026-09-17T19:00:03.781250,-7.374391
1789689603812500000,2026-09-17T19:00:03.812500,-8.208886
1789689603843750000,2026-09-17T19:00:03.843750,-8.898251
1789689603875000000,2026-09-17T19:00:03.875000,-9.569475
1789689603906250000,2026-09-17T19:00:03.906250,-10.095569
1789689603937500000,2026-09-17T19:00:03.937500,-10.258840
1789689603968750000,2026-09-17T19:00:03.968750,-10.567240
1789689604000000000,2026-09-17T19:00:04,-10.639804
1789689604031250000,2026-09-17T19:00:04.031250,-10.966346
1789689604062500000,2026-09-17T19:00:04.062500,-11.383593
1789689604093750000,2026-09-17T19:00:04.093750,-11.873405
1789689604125000000,2026-09-17T19:00:04.125000,-11.909687
1789689604156250000,2026-09-17T19:00:04.156250,-12.018534
1789689604187500000,2026-09-17T19:00:04.187500,-11.964111
1789689604218750000,2026-09-17T19:00:04.218750,-12.181805
1789689604250000000,2026-09-17T19:00:04.250000,-12.326935
1789689604281250000,2026-09-17T19:00:04.281250,-12.689758
1789689604312500000,2026-09-17T19:00:04.312500,-13.215853
1789689604343750000,2026-09-17T19:00:04.343750,-13.215853
1789689604375000000,2026-09-17T19:00:04.375000,-13.179570
1789689604406250000,2026-09-17T19:00:04.406250,-13.324700
1789689604437500000,2026-09-17T19:00:04.437500,-13.179570
1789689604468750000,2026-09-17T19:00:04.468750,-13.070723
1789689604500000000,2026-09-17T19:00:04.500000,-13.088864
1789689604531250000,2026-09-17T19:00:04.531250,-13.016300
1789689604562500000,2026-09-17T19:00:04.562500,-12.871170
1789689604593750000,2026-09-17T19:00:04.593750,-12.943735
1789689604625000000,2026-09-17T19:00:04.625000,-12.744182
1789689604656250000,2026-09-17T19:00:04.656250,-12.508346
1789689604687500000,2026-09-17T19:00:04.687500,-12.163664
1789689604718750000,2026-09-17T19:00:04.718750,-11.818981
1789689604750000000,2026-09-17T19:00:04.750000,-11.746417
1789689604781250000,2026-09-17T19:00:04.781250,-11.365452
1789689604812500000,2026-09-17T19:00:04.812500,-11.002628
1789689604843750000,2026-09-17T19:00:04.843750,-11.020769
1789689604875000000,2026-09-17T19:00:04.875000,-10.385828
1789689604906250000,2026-09-17T19:00:04.906250,-9.515051
1789689604937500000,2026-09-17T19:00:04.937500,-9.224792
1789689604968750000,2026-09-17T19:00:04.968750,-9.079663
1789689605000000000,2026-09-17T19:00:05,-8.281450
1789689605031250000,2026-09-17T19:00:05.031250,-7.900486
1789689605062500000,2026-09-17T19:00:05.062500,-7.573944
1789689605093750000,2026-09-17T19:00:05.093750,-7.283685
1789689605125000000,2026-09-17T19:00:05.125000,-6.648744
1789689605156250000,2026-09-17T19:00:05.156250,-6.177073
1789689605187500000,2026-09-17T19:00:05.187500,-5.850532
1789689605218750000,2026-09-17T19:00:05.218750,-5.342579
1789689605250000000,2026-09-17T19:00:05.250000,-4.399237
1789689605281250000,2026-09-17T19:00:05.281250,-3.855002
1789689605312500000,2026-09-17T19:00:05.312500,-3.074931
1789689605343750000,2026-09-17T19:00:05.343750,-2.421848
1789689605375000000,2026-09-17T19:00:05.375000,-1.932036
1789689605406250000,2026-09-17T19:00:05.406250,-1.405942
1789689605437500000,2026-09-17T19:00:05.437500,-0.607730
1789689605468750000,2026-09-17T19:00:05.468750,-0.117918
1789689605500000000,2026-09-17T19:00:05.500000,0.698436
1789689605531250000,2026-09-17T19:00:05.531250,1.478506
1789689605562500000,2026-09-17T19:00:05.562500,2.222295
1789689605593750000,2026-09-17T19:00:05.593750,2.820954
1789689605625000000,2026-09-17T19:00:05.625000,3.619166
1789689605656250000,2026-09-17T19:00:05.656250,4.254108
1789689605687500000,2026-09-17T19:00:05.687500,4.852767
1789689605718750000,2026-09-17T19:00:05.718750,5.233732
1789689605750000000,2026-09-17T19:00:05.750000,5.796108
1789689605781250000,2026-09-17T19:00:05.781250,6.285920
1789689605812500000,2026-09-17T19:00:05.812500,6.830156
1789689605843750000,2026-09-17T19:00:05.843750,7.646509
1789689605875000000,2026-09-17T19:00:05.875000,8.481004
1789689605906250000,2026-09-17T19:00:05.906250,8.771262
1789689605937500000,2026-09-17T19:00:05.937500,9.242933
1789689605968750000,2026-09-17T19:00:05.968750,9.533192
1789689606000000000,2026-09-17T19:00:06,9.823451
1789689606031250000,2026-09-17T19:00:06.031250,10.077428
1789689606062500000,2026-09-17T19:00:06.062500,10.567240
1789689606093750000,2026-09-17T19:00:06.093750,10.911922
1789689606125000000,2026-09-17T19:00:06.125000,11.220322
1789689606156250000,2026-09-17T19:00:06.156250,11.456158
1789689606187500000,2026-09-17T19:00:06.187500,11.637570
1789732800093750000,2026-09-18T07:00:00.093750,7.719074
1789732800125000000,2026-09-18T07:00:00.125000,7.918627
1789732800156250000,2026-09-18T07:00:00.156250,8.444721
1789732800187500000,2026-09-18T07:00:00.187500,8.807545
1789732800218750000,2026-09-18T07:00:00.218750,9.152227
1789732800250000000,2026-09-18T07:00:00.250000,9.442486
1789732800281250000,2026-09-18T07:00:00.281250,9.877875
1789732800312500000,2026-09-18T07:00:00.312500,9.750886
1789732800343750000,2026-09-18T07:00:00.343750,10.004863
1789732800375000000,2026-09-18T07:00:00.375000,10.149992
1789732800406250000,2026-09-18T07:00:00.406250,10.476534
1789732800437500000,2026-09-18T07:00:00.437500,10.857499
1789732800468750000,2026-09-18T07:00:00.468750,11.238463
1789732800500000000,2026-09-18T07:00:00.500000,11.546864
1789732800531250000,2026-09-18T07:00:00.531250,11.837123
1789732800562500000,2026-09-18T07:00:00.562500,12.091099
1789732800593750000,2026-09-18T07:00:00.593750,12.036676
1789732800625000000,2026-09-18T07:00:00.625000,12.472064
1789732800656250000,2026-09-18T07:00:00.656250,12.435782
1789732800687500000,2026-09-18T07:00:00.687500,12.580911
1789732800718750000,2026-09-18T07:00:00.718750,12.544629
1789732800750000000,2026-09-18T07:00:00.750000,12.689758
1789732800781250000,2026-09-18T07:00:00.781250,12.744182
1789732800812500000,2026-09-18T07:00:00.812500,12.871170
1789732800843750000,2026-09-18T07:00:00.843750,12.980017
1789732800875000000,2026-09-18T07:00:00.875000,13.197711
1789732800906250000,2026-09-18T07:00:00.906250,13.179570
1789732800937500000,2026-09-18T07:00:00.937500,13.379123
1789732800968750000,2026-09-18T07:00:00.968750,13.233994
1789732801000000000,2026-09-18T07:00:01,13.088864
1789732801031250000,2026-09-18T07:00:01.031250,12.780464
1789732801062500000,2026-09-18T07:00:01.062500,12.925594
1789732801093750000,2026-09-18T07:00:01.093750,12.272511
1789732801125000000,2026-09-18T07:00:01.125000,12.526488
1789732801156250000,2026-09-18T07:00:01.156250,12.435782
1789732801187500000,2026-09-18T07:00:01.187500,12.816746
1789732801218750000,2026-09-18T07:00:01.218750,12.689758
1789732801250000000,2026-09-18T07:00:01.250000,13.052582
1789732801281250000,2026-09-18T07:00:01.281250,12.998158
1789732801312500000,2026-09-18T07:00:01.312500,13.016300
1789732801343750000,2026-09-18T07:00:01.343750,12.707899
1789732801375000000,2026-09-18T07:00:01.375000,12.871170
1789732801406250000,2026-09-18T07:00:01.406250,12.744182
1789732801437500000,2026-09-18T07:00:01.437500,12.889311
1789732801468750000,2026-09-18T07:00:01.468750,13.125147
1789732801500000000,2026-09-18T07:00:01.500000,13.125147
1789732801531250000,2026-09-18T07:00:01.531250,12.925594
1789732801562500000,2026-09-18T07:00:01.562500,12.961876
1789732801593750000,2026-09-18T07:00:01.593750,12.762323
1789732801625000000,2026-09-18T07:00:01.625000,12.544629
1789732801656250000,2026-09-18T07:00:01.656250,12.399499
1789732801687500000,2026-09-18T07:00:01.687500,12.199946
1789732801718750000,2026-09-18T07:00:01.718750,11.710134
1789732801750000000,2026-09-18T07:00:01.750000,11.456158
1789732801781250000,2026-09-18T07:00:01.781250,10.984487
1789732801812500000,2026-09-18T07:00:01.812500,10.984487
1789732801843750000,2026-09-18T07:00:01.843750,10.766793
1789732801875000000,2026-09-18T07:00:01.875000,10.875640
1789732801906250000,2026-09-18T07:00:01.906250,10.313263
1789732801937500000,2026-09-18T07:00:01.937500,10.403969
1789732801968750000,2026-09-18T07:00:01.968750,10.023004
1789732802000000000,2026-09-18T07:00:02,10.186275
1789732802031250000,2026-09-18T07:00:02.031250,9.750886
1789732802062500000,2026-09-18T07:00:02.062500,9.660180
1789732802093750000,2026-09-18T07:00:02.093750,9.115945
1789732802125000000,2026-09-18T07:00:02.125000,8.753121
1789732802156250000,2026-09-18T07:00:02.156250,7.954909
1789732802187500000,2026-09-18T07:00:02.187500,7.465097
1789732802218750000,2026-09-18T07:00:02.218750,7.120415
1789732802250000000,2026-09-18T07:00:02.250000,6.703167
1789732802281250000,2026-09-18T07:00:02.281250,6.340344
1789732802312500000,2026-09-18T07:00:02.312500,6.140791
1789732802343750000,2026-09-18T07:00:02.343750,5.995661
1789732802375000000,2026-09-18T07:00:02.375000,5.397002
1789732802406250000,2026-09-18T07:00:02.406250,5.179308
1789732802437500000,2026-09-18T07:00:02.437500,4.616931
1789732802468750000,2026-09-18T07:00:02.468750,3.909425
1789732802500000000,2026-09-18T07:00:02.500000,3.183778
1789732802531250000,2026-09-18T07:00:02.531250,2.657683
1789732802562500000,2026-09-18T07:00:02.562500,1.823189
1789732802593750000,2026-09-18T07:00:02.593750,1.188248
1789732802625000000,2026-09-18T07:00:02.625000,0.317471
1789732802656250000,2026-09-18T07:00:02.656250,-0.335612
1789732802687500000,2026-09-18T07:00:02.687500,-1.097542
1789732802718750000,2026-09-18T07:00:02.718750,-1.696201
1789732802750000000,2026-09-18T07:00:02.750000,-2.548836
1789732802781250000,2026-09-18T07:00:02.781250,-3.111213
1789732802812500000,2026-09-18T07:00:02.812500,-3.764296
1789732802843750000,2026-09-18T07:00:02.843750,-3.891284
1789732802875000000,2026-09-18T07:00:02.875000,-4.399237
1789732802906250000,2026-09-18T07:00:02.906250,-4.653214
1789732802937500000,2026-09-18T07:00:02.937500,-5.179308
1789732802968750000,2026-09-18T07:00:02.968750,-5.614696
1789732803000000000,2026-09-18T07:00:03,-6.140791
1789732803031250000,2026-09-18T07:00:03.031250,-6.576179
1789732803062500000,2026-09-18T07:00:03.062500,-7.483238
1789732803093750000,2026-09-18T07:00:03.093750,-7.827921
1789732803125000000,2026-09-18T07:00:03.125000,-8.354015
1789732803156250000,2026-09-18T07:00:03.156250,-9.406204
1789732803187500000,2026-09-18T07:00:03.187500,-10.059287
1789732803218750000,2026-09-18T07:00:03.218750,-10.512816
1789732803250000000,2026-09-18T07:00:03.250000,-11.111475
1789732803281250000,2026-09-18T07:00:03.281250,-11.274746
1789732803312500000,2026-09-18T07:00:03.312500,-11.565005
1789732803343750000,2026-09-18T07:00:03.343750,-11.964111
1789732803375000000,2026-09-18T07:00:03.375000,-12.163664
1789732803406250000,2026-09-18T07:00:03.406250,-12.218087
1789732803437500000,2026-09-18T07:00:03.437500,-13.016300
1789732803468750000,2026-09-18T07:00:03.468750,-13.052582
1789732803500000000,2026-09-18T07:00:03.500000,-13.288417
1789732803531250000,2026-09-18T07:00:03.531250,-13.288417
1789732803562500000,2026-09-18T07:00:03.562500,-13.379123
1789732803593750000,2026-09-18T07:00:03.593750,-13.270276
1789732803625000000,2026-09-18T07:00:03.625000,-13.125147
1789732803656250000,2026-09-18T07:00:03.656250,-13.107005
1789732803687500000,2026-09-18T07:00:03.687500,-12.907452
1789732803718750000,2026-09-18T07:00:03.718750,-12.961876
1789732803750000000,2026-09-18T07:00:03.750000,-12.544629
1789732803781250000,2026-09-18T07:00:03.781250,-12.635335
1789732803812500000,2026-09-18T07:00:03.812500,-12.435782
1789732803843750000,2026-09-18T07:00:03.843750,-12.326935
1789732803875000000,2026-09-18T07:00:03.875000,-12.199946
1789732803906250000,2026-09-18T07:00:03.906250,-12.345076
1789732803937500000,2026-09-18T07:00:03.937500,-12.363217
1789732803968750000,2026-09-18T07:00:03.968750,-12.109240
1789732804000000000,2026-09-18T07:00:04,-11.964111
1789732804031250000,2026-09-18T07:00:04.031250,-11.855264
1789732804062500000,2026-09-18T07:00:04.062500,-11.673852
1789732804093750000,2026-09-18T07:00:04.093750,-10.984487
1789732804125000000,2026-09-18T07:00:04.125000,-10.639804
1789732804156250000,2026-09-18T07:00:04.156250,-10.585381
1789732804187500000,2026-09-18T07:00:04.187500,-9.914157
1789732804218750000,2026-09-18T07:00:04.218750,-9.460627
1789732804250000000,2026-09-18T07:00:04.250000,-9.478769
1789732804281250000,2026-09-18T07:00:04.281250,-9.242933
1789732804312500000,2026-09-18T07:00:04.312500,-8.553568
1789732804343750000,2026-09-18T07:00:04.343750,-8.100039
1789732804375000000,2026-09-18T07:00:04.375000,-7.301827
1789732804406250000,2026-09-18T07:00:04.406250,-6.612462
1789732804437500000,2026-09-18T07:00:04.437500,-5.904955
1789732804468750000,2026-09-18T07:00:04.468750,-5.197449
1789732804500000000,2026-09-18T07:00:04.500000,-4.725778
1789732804531250000,2026-09-18T07:00:04.531250,-4.435519
1789732804562500000,2026-09-18T07:00:04.562500,-3.655449
1789732804593750000,2026-09-18T07:00:04.593750,-3.129354
1789732804625000000,2026-09-18T07:00:04.625000,-2.675825
1789732804656250000,2026-09-18T07:00:04.656250,-2.113448
1789732804687500000,2026-09-18T07:00:04.687500,-1.460365
1789732804718750000,2026-09-18T07:00:04.718750,-0.897989
1789732804750000000,2026-09-18T07:00:04.750000,0.154200
1789732804781250000,2026-09-18T07:00:04.781250,0.752859
1789732804812500000,2026-09-18T07:00:04.812500,1.496648
1789732804843750000,2026-09-18T07:00:04.843750,2.530695
1789732804875000000,2026-09-18T07:00:04.875000,3.074931
1789732804906250000,2026-09-18T07:00:04.906250,3.401472
1789732804937500000,2026-09-18T07:00:04.937500,4.381096
1789732804968750000,2026-09-18T07:00:04.968750,4.943473
1789732805000000000,2026-09-18T07:00:05,5.306296
1789732805031250000,2026-09-18T07:00:05.031250,6.013802
1789732805062500000,2026-09-18T07:00:05.062500,6.739450
1789732805093750000,2026-09-18T07:00:05.093750,6.975285
1789732805125000000,2026-09-18T07:00:05.125000,7.628368
1789732805156250000,2026-09-18T07:00:05.156250,8.045615
1789732805187500000,2026-09-18T07:00:05.187500,8.372156
1789732805218750000,2026-09-18T07:00:05.218750,8.462862
1789732805250000000,2026-09-18T07:00:05.250000,8.916392
1789732805281250000,2026-09-18T07:00:05.281250,9.206651
1789732805312500000,2026-09-18T07:00:05.312500,9.569475
1789732805343750000,2026-09-18T07:00:05.343750,10.077428
1789732805375000000,2026-09-18T07:00:05.375000,10.512816
1789732805406250000,2026-09-18T07:00:05.406250,10.803075
1789732805437500000,2026-09-18T07:00:05.437500,10.930063
1789732805468750000,2026-09-18T07:00:05.468750,11.129616
1789732805500000000,2026-09-18T07:00:05.500000,11.401734
1789732805531250000,2026-09-18T07:00:05.531250,11.710134
1789732805562500000,2026-09-18T07:00:05.562500,11.855264
1789732805593750000,2026-09-18T07:00:05.593750,12.363217
1789732805625000000,2026-09-18T07:00:05.625000,12.762323
1789732805656250000,2026-09-18T07:00:05.656250,12.671617
1789732805687500000,2026-09-18T07:00:05.687500,12.798605
1789732805718750000,2026-09-18T07:00:05.718750,12.853029
1789732805750000000,2026-09-18T07:00:05.750000,12.726041
1789732805781250000,2026-09-18T07:00:05.781250,12.726041
1789732805812500000,2026-09-18T07:00:05.812500,12.689758
1789732805843750000,2026-09-18T07:00:05.843750,12.653476
1789732805875000000,2026-09-18T07:00:05.875000,12.635335
1789732805906250000,2026-09-18T07:00:05.906250,12.707899
1789732805937500000,2026-09-18T07:00:05.937500,12.726041
1789732805968750000,2026-09-18T07:00:05.968750,12.707899
1789732806000000000,2026-09-18T07:00:06,12.780464
1789732806031250000,2026-09-18T07:00:06.031250,12.925594
1789732806062500000,2026-09-18T07:00:06.062500,12.726041
1789732806093750000,2026-09-18T07:00:06.093750,12.599052
1789732806125000000,2026-09-18T07:00:06.125000,12.780464
1789732806156250000,2026-09-18T07:00:06.156250,12.780464
1789732806187500000,2026-09-18T07:00:06.187500,12.780464
