timestamp_ns,timestamp_iso,valor
1787011200093750000,2026-08-17T19:00:00.093750,10.760786
1787011200125000000,2026-08-17T19:00:00.125000,10.379391
1787011200156250000,2026-08-17T19:00:00.156250,9.507631
1787011200187500000,2026-08-17T19:00:00.187500,8.708518
1787011200218750000,2026-08-17T19:00:00.218750,8.236315
1787011200250000000,2026-08-17T19:00:00.250000,7.963890
1787011200281250000,2026-08-17T19:00:00.281250,7.255585
1787011200312500000,2026-08-17T19:00:00.312500,7.037645
1787011200343750000,2026-08-17T19:00:00.343750,6.456472
1787011200375000000,2026-08-17T19:00:00.375000,6.093238
1787011200406250000,2026-08-17T19:00:00.406250,5.493903
1787011200437500000,2026-08-17T19:00:00.437500,4.349719
1787011200468750000,2026-08-17T19:00:00.468750,3.895677
1787011200500000000,2026-08-17T19:00:00.500000,3.078402
1787011200531250000,2026-08-17T19:00:00.531250,2.315612
1787011200562500000,2026-08-17T19:00:00.562500,1.752601
1787011200593750000,2026-08-17T19:00:00.593750,1.480176
1787011200625000000,2026-08-17T19:00:00.625000,0.372314
1787011200656250000,2026-08-17T19:00:00.656250,-0.172536
1787011200687500000,2026-08-17T19:00:00.687500,-1.080619
1787011200718750000,2026-08-17T19:00:00.718750,-1.988702
1787011200750000000,2026-08-17T19:00:00.750000,-2.896785
1787011200781250000,2026-08-17T19:00:00.781250,-3.568767
1787011200812500000,2026-08-17T19:00:00.812500,-4.222587
1787011200843750000,2026-08-17T19:00:00.843750,-4.803760
1787011200875000000,2026-08-17T19:00:00.875000,-5.493903
1787011200906250000,2026-08-17T19:00:00.906250,-6.202208
1787011200937500000,2026-08-17T19:00:00.937500,-6.747058
1787011200968750000,2026-08-17T19:00:00.968750,-7.473525
1787011201000000000,2026-08-17T19:00:01,-8.000213
1787011201031250000,2026-08-17T19:00:01.031250,-8.871973
1787011201062500000,2026-08-17T19:00:01.062500,-9.671086
1787011201093750000,2026-08-17T19:00:01.093750,-10.306744
1787011201125000000,2026-08-17T19:00:01.125000,-10.996888
1787011201156250000,2026-08-17T19:00:01.156250,-11.650707
1787011201187500000,2026-08-17T19:00:01.187500,-12.141072
1787011201218750000,2026-08-17T19:00:01.218750,-12.231881
1787011201250000000,2026-08-17T19:00:01.250000,-12.794892
1787011201281250000,2026-08-17T19:00:01.281250,-12.994671
1787011201312500000,2026-08-17T19:00:01.312500,-13.630329
1787011201343750000,2026-08-17T19:00:01.343750,-14.029885
1787011201375000000,2026-08-17T19:00:01.375000,-14.556574
1787011201406250000,2026-08-17T19:00:01.406250,-14.937969
1787011201437500000,2026-08-17T19:00:01.437500,-15.410172
1787011201468750000,2026-08-17T19:00:01.468750,-15.737082
1787011201500000000,2026-08-17T19:00:01.500000,-15.737082
1787011201531250000,2026-08-17T19:00:01.531250,-15.900537
1787011201562500000,2026-08-17T19:00:01.562500,-15.991345
1787011201593750000,2026-08-17T19:00:01.593750,-16.100315
1787011201625000000,2026-08-17T19:00:01.625000,-15.827890
1787011201656250000,2026-08-17T19:00:01.656250,-15.664435
1787011201687500000,2026-08-17T19:00:01.687500,-15.718920
1787011201718750000,2026-08-17T19:00:01.718750,-15.791567
1787011201750000000,2026-08-17T19:00:01.750000,-15.700759
1787011201781250000,2026-08-17T19:00:01.781250,-15.718920
1787011201812500000,2026-08-17T19:00:01.812500,-15.682597
1787011201843750000,2026-08-17T19:00:01.843750,-15.319364
1787011201875000000,2026-08-17T19:00:01.875000,-14.937969
1787011201906250000,2026-08-17T19:00:01.906250,-14.629220
1787011201937500000,2026-08-17T19:00:01.937500,-14.066209
1787011201968750000,2026-08-17T19:00:01.968750,-13.830107
1787011202000000000,2026-08-17T19:00:02,-13.575844
1787011202031250000,2026-08-17T19:00:02.031250,-13.285257
1787011202062500000,2026-08-17T19:00:02.062500,-12.922024
1787011202093750000,2026-08-17T19:00:02.093750,-12.940186
1787011202125000000,2026-08-17T19:00:02.125000,-12.504306
1787011202156250000,2026-08-17T19:00:02.156250,-11.941294
1787011202187500000,2026-08-17T19:00:02.187500,-11.323798
1787011202218750000,2026-08-17T19:00:02.218750,-10.869756
1787011202250000000,2026-08-17T19:00:02.250000,-10.034319
1787011202281250000,2026-08-17T19:00:02.281250,-9.162559
1787011202312500000,2026-08-17T19:00:02.312500,-8.708518
1787011202343750000,2026-08-17T19:00:02.343750,-7.854920
1787011202375000000,2026-08-17T19:00:02.375000,-6.928675
1787011202406250000,2026-08-17T19:00:02.406250,-6.365663
1787011202437500000,2026-08-17T19:00:02.437500,-5.911622
1787011202468750000,2026-08-17T19:00:02.468750,-4.949053
1787011202500000000,2026-08-17T19:00:02.500000,-4.549497
1787011202531250000,2026-08-17T19:00:02.531250,-4.204425
1787011202562500000,2026-08-17T19:00:02.562500,-3.623252
1787011202593750000,2026-08-17T19:00:02.593750,-2.896785
1787011202625000000,2026-08-17T19:00:02.625000,-2.261127
1787011202656250000,2026-08-17T19:00:02.656250,-1.207751
1787011202687500000,2026-08-17T19:00:02.687500,-0.317829
1787011202718750000,2026-08-17T19:00:02.718750,0.662901
1787011202750000000,2026-08-17T19:00:02.750000,1.661792
1787011202781250000,2026-08-17T19:00:02.781250,2.442744
1787011202812500000,2026-08-17T19:00:02.812500,3.169210
1787011202843750000,2026-08-17T19:00:02.843750,4.040970
1787011202875000000,2026-08-17T19:00:02.875000,4.894568
1787011202906250000,2026-08-17T19:00:02.906250,5.294125
1787011202937500000,2026-08-17T19:00:02.937500,5.947945
1787011202968750000,2026-08-17T19:00:02.968750,6.583603
1787011203000000000,2026-08-17T19:00:03,7.328231
1787011203031250000,2026-08-17T19:00:03.031250,7.800435
1787011203062500000,2026-08-17T19:00:03.062500,8.508740
1787011203093750000,2026-08-17T19:00:03.093750,8.908296
1787011203125000000,2026-08-17T19:00:03.125000,9.344176
1787011203156250000,2026-08-17T19:00:03.156250,9.834541
1787011203187500000,2026-08-17T19:00:03.187500,10.415714
1787011203218750000,2026-08-17T19:00:03.218750,10.506523
1787011203250000000,2026-08-17T19:00:03.250000,11.142181
1787011203281250000,2026-08-17T19:00:03.281250,11.995779
1787011203312500000,2026-08-17T19:00:03.312500,12.449821
1787011203343750000,2026-08-17T19:00:03.343750,12.758569
1787011203375000000,2026-08-17T19:00:03.375000,13.539521
1787011203406250000,2026-08-17T19:00:03.406250,13.830107
1787011203437500000,2026-08-17T19:00:03.437500,13.884592
1787011203468750000,2026-08-17T19:00:03.468750,13.848269
1787011203500000000,2026-08-17T19:00:03.500000,14.048047
1787011203531250000,2026-08-17T19:00:03.531250,14.084370
1787011203562500000,2026-08-17T19:00:03.562500,14.157017
1787011203593750000,2026-08-17T19:00:03.593750,14.193340
1787011203625000000,2026-08-17T19:00:03.625000,14.901645
1787011203656250000,2026-08-17T19:00:03.656250,15.228555
1787011203687500000,2026-08-17T19:00:03.687500,15.410172
1787011203718750000,2026-08-17T19:00:03.718750,15.555465
1787011203750000000,2026-08-17T19:00:03.750000,15.737082
1787011203781250000,2026-08-17T19:00:03.781250,15.410172
1787011203812500000,2026-08-17T19:00:03.812500,15.573627
1787011203843750000,2026-08-17T19:00:03.843750,15.682597
1787011203875000000,2026-08-17T19:00:03.875000,15.900537
1787011203906250000,2026-08-17T19:00:03.906250,15.700759
1787011203937500000,2026-08-17T19:00:03.937500,15.973183
1787011203968750000,2026-08-17T19:00:03.968750,15.900537
1787011204000000000,2026-08-17T19:00:04,16.100315
1787011204031250000,2026-08-17T19:00:04.031250,15.700759
1787011204062500000,2026-08-17T19:00:04.062500,16.009507
1787011204093750000,2026-08-17T19:00:04.093750,15.628112
1787011204125000000,2026-08-17T19:00:04.125000,15.773405
1787011204156250000,2026-08-17T19:00:04.156250,15.500980
1787011204187500000,2026-08-17T19:00:04.187500,15.646274
1787011204218750000,2026-08-17T19:00:04.218750,15.264879
1787011204250000000,2026-08-17T19:00:04.250000,15.555465
1787011204281250000,2026-08-17T19:00:04.281250,15.446495
1787011204312500000,2026-08-17T19:00:04.312500,15.591789
1787011204343750000,2026-08-17T19:00:04.343750,15.882375
1787011204375000000,2026-08-17T19:00:04.375000,15.864214
1787011204406250000,2026-08-17T19:00:04.406250,15.718920
1787011204437500000,2026-08-17T19:00:04.437500,15.500980
1787011204468750000,2026-08-17T19:00:04.468750,15.264879
1787011204500000000,2026-08-17T19:00:04.500000,14.792675
1787011204531250000,2026-08-17T19:00:04.531250,14.774514
1787011204562500000,2026-08-17T19:00:04.562500,14.756352
1787011204593750000,2026-08-17T19:00:04.593750,14.556574
1787011204625000000,2026-08-17T19:00:04.625000,14.429442
1787011204656250000,2026-08-17T19:00:04.656250,14.356795
1787011204687500000,2026-08-17T19:00:04.687500,14.356795
1787011204718750000,2026-08-17T19:00:04.718750,14.066209
1787011204750000000,2026-08-17T19:00:04.750000,14.120694
1787011204781250000,2026-08-17T19:00:04.781250,13.739299
1787011204812500000,2026-08-17T19:00:04.812500,13.775622
1787011204843750000,2026-08-17T19:00:04.843750,13.503197
1787011204875000000,2026-08-17T19:00:04.875000,13.285257
1787011204906250000,2026-08-17T19:00:04.906250,12.940186
1787011204937500000,2026-08-17T19:00:04.937500,12.867539
1787011204968750000,2026-08-17T19:00:04.968750,12.486144
1787011205000000000,2026-08-17T19:00:05,12.286366
1787011205031250000,2026-08-17T19:00:05.031250,11.668869
1787011205062500000,2026-08-17T19:00:05.062500,11.160343
1787011205093750000,2026-08-17T19:00:05.093750,10.706301
1787011205125000000,2026-08-17T19:00:05.125000,10.579169
1787011205156250000,2026-08-17T19:00:05.156250,10.088804
1787011205187500000,2026-08-17T19:00:05.187500,10.070643
1787011205218750000,2026-08-17T19:00:05.218750,9.634763
1787011205250000000,2026-08-17T19:00:05.250000,9.652924
1787011205281250000,2026-08-17T19:00:05.281250,9.017266
1787011205312500000,2026-08-17T19:00:05.312500,8.581386
1787011205343750000,2026-08-17T19:00:05.343750,7.727788
1787011205375000000,2026-08-17T19:00:05.375000,7.092130
1787011205406250000,2026-08-17T19:00:05.406250,6.038753
1787011205437500000,2026-08-17T19:00:05.437500,5.439418
1787011205468750000,2026-08-17T19:00:05.468750,4.603982
1787011205500000000,2026-08-17T19:00:05.500000,3.968324
1787011205531250000,2026-08-17T19:00:05.531250,3.368989
1787011205562500000,2026-08-17T19:00:05.562500,2.551714
1787011205593750000,2026-08-17T19:00:05.593750,1.970541
1787011205625000000,2026-08-17T19:00:05.625000,1.262236
1787011205656250000,2026-08-17T19:00:05.656250,0.899002
1787011205687500000,2026-08-17T19:00:05.687500,0.372314
1787011205718750000,2026-08-17T19:00:05.718750,-0.354152
1787011205750000000,2026-08-17T19:00:05.750000,-1.080619
1787011205781250000,2026-08-17T19:00:05.781250,-1.516499
1787011205812500000,2026-08-17T19:00:05.812500,-2.824139
1787011205843750000,2026-08-17T19:00:05.843750,-3.441635
1787011205875000000,2026-08-17T19:00:05.875000,-3.932000
1787011205906250000,2026-08-17T19:00:05.906250,-4.876407
1787011205937500000,2026-08-17T19:00:05.937500,-5.730005
1787011205968750000,2026-08-17T19:00:05.968750,-6.111400
1787011206000000000,2026-08-17T19:00:06,-6.910513
1787011206031250000,2026-08-17T19:00:06.031250,-7.945728
1787011206062500000,2026-08-17T19:00:06.062500,-8.672195
1787011206093750000,2026-08-17T19:00:06.093750,-9.507631
1787011206125000000,2026-08-17T19:00:06.125000,-10.088804
1787011206156250000,2026-08-17T19:00:06.156250,-10.815271
1787011206187500000,2026-08-17T19:00:06.187500,-11.105858
1787054400093750000,2026-08-18T07:00:00.093750,14.665544
1787054400125000000,2026-08-18T07:00:00.125000,14.701867
1787054400156250000,2026-08-18T07:00:00.156250,14.665544
1787054400187500000,2026-08-18T07:00:00.187500,14.538412
1787054400218750000,2026-08-18T07:00:00.218750,14.701867
1787054400250000000,2026-08-18T07:00:00.250000,14.792675
1787054400281250000,2026-08-18T07:00:00.281250,14.828999
1787054400312500000,2026-08-18T07:00:00.312500,15.137747
1787054400343750000,2026-08-18T07:00:00.343750,15.373849
1787054400375000000,2026-08-18T07:00:00.375000,15.010615
1787054400406250000,2026-08-18T07:00:00.406250,15.155909
1787054400437500000,2026-08-18T07:00:00.437500,15.119585
1787054400468750000,2026-08-18T07:00:00.468750,14.883484
1787054400500000000,2026-08-18T07:00:00.500000,15.137747
1787054400531250000,2026-08-18T07:00:00.531250,15.392010
1787054400562500000,2026-08-18T07:00:00.562500,15.301202
1787054400593750000,2026-08-18T07:00:00.593750,15.537304
1787054400625000000,2026-08-18T07:00:00.625000,15.773405
1787054400656250000,2026-08-18T07:00:00.656250,15.628112
1787054400687500000,2026-08-18T07:00:00.687500,15.791567
1787054400718750000,2026-08-18T07:00:00.718750,15.809729
1787054400750000000,2026-08-18T07:00:00.750000,15.591789
1787054400781250000,2026-08-18T07:00:00.781250,15.609950
1787054400812500000,2026-08-18T07:00:00.812500,15.573627
1787054400843750000,2026-08-18T07:00:00.843750,15.537304
1787054400875000000,2026-08-18T07:00:00.875000,15.519142
1787054400906250000,2026-08-18T07:00:00.906250,15.410172
1787054400937500000,2026-08-18T07:00:00.937500,15.410172
1787054400968750000,2026-08-18T07:00:00.968750,15.482819
1787054401000000000,2026-08-18T07:00:01,15.446495
1787054401031250000,2026-08-18T07:00:01.031250,15.228555
1787054401062500000,2026-08-18T07:00:01.062500,15.083262
1787054401093750000,2026-08-18T07:00:01.093750,15.028777
1787054401125000000,2026-08-18T07:00:01.125000,14.956130
1787054401156250000,2026-08-18T07:00:01.156250,14.901645
1787054401187500000,2026-08-18T07:00:01.187500,15.174070
1787054401218750000,2026-08-18T07:00:01.218750,15.137747
1787054401250000000,2026-08-18T07:00:01.250000,14.865322
1787054401281250000,2026-08-18T07:00:01.281250,14.556574
1787054401312500000,2026-08-18T07:00:01.312500,14.265987
1787054401343750000,2026-08-18T07:00:01.343750,13.866430
1787054401375000000,2026-08-18T07:00:01.375000,13.739299
1787054401406250000,2026-08-18T07:00:01.406250,13.575844
1787054401437500000,2026-08-18T07:00:01.437500,13.248934
1787054401468750000,2026-08-18T07:00:01.468750,12.813054
1787054401500000000,2026-08-18T07:00:01.500000,12.449821
1787054401531250000,2026-08-18T07:00:01.531250,11.959456
1787054401562500000,2026-08-18T07:00:01.562500,11.596222
1787054401593750000,2026-08-18T07:00:01.593750,11.305636
1787054401625000000,2026-08-18T07:00:01.625000,11.142181
1787054401656250000,2026-08-18T07:00:01.656250,10.760786
1787054401687500000,2026-08-18T07:00:01.687500,10.669978
1787054401718750000,2026-08-18T07:00:01.718750,10.415714
1787054401750000000,2026-08-18T07:00:01.750000,9.798218
1787054401781250000,2026-08-18T07:00:01.781250,8.944620
1787054401812500000,2026-08-18T07:00:01.812500,8.545063
1787054401843750000,2026-08-18T07:00:01.843750,8.018375
1787054401875000000,2026-08-18T07:00:01.875000,7.128453
1787054401906250000,2026-08-18T07:00:01.906250,6.910513
1787054401937500000,2026-08-18T07:00:01.937500,6.710735
1787054401968750000,2026-08-18T07:00:01.968750,6.220370
1787054402000000000,2026-08-18T07:00:02,5.639197
1787054402031250000,2026-08-18T07:00:02.031250,5.185155
1787054402062500000,2026-08-18T07:00:02.062500,4.821922
1787054402093750000,2026-08-18T07:00:02.093750,4.095455
1787054402125000000,2026-08-18T07:00:02.125000,3.332665
1787054402156250000,2026-08-18T07:00:02.156250,2.642522
1787054402187500000,2026-08-18T07:00:02.187500,1.679954
1787054402218750000,2026-08-18T07:00:02.218750,0.644739
1787054402250000000,2026-08-18T07:00:02.250000,-0.118051
1787054402281250000,2026-08-18T07:00:02.281250,-1.062457
1787054402312500000,2026-08-18T07:00:02.312500,-1.825247
1787054402343750000,2026-08-18T07:00:02.343750,-2.533552
1787054402375000000,2026-08-18T07:00:02.375000,-3.550605
1787054402406250000,2026-08-18T07:00:02.406250,-4.022809
1787054402437500000,2026-08-18T07:00:02.437500,-4.749275
1787054402468750000,2026-08-18T07:00:02.468750,-5.602873
1787054402500000000,2026-08-18T07:00:02.500000,-6.038753
1787054402531250000,2026-08-18T07:00:02.531250,-6.474633
1787054402562500000,2026-08-18T07:00:02.562500,-7.092130
1787054402593750000,2026-08-18T07:00:02.593750,-7.564333
1787054402625000000,2026-08-18T07:00:02.625000,-8.381608
1787054402656250000,2026-08-18T07:00:02.656250,-9.053590
1787054402687500000,2026-08-18T07:00:02.687500,-9.489469
1787054402718750000,2026-08-18T07:00:02.718750,-10.361229
1787054402750000000,2026-08-18T07:00:02.750000,-10.978726
1787054402781250000,2026-08-18T07:00:02.781250,-11.523576
1787054402812500000,2026-08-18T07:00:02.812500,-12.068426
1787054402843750000,2026-08-18T07:00:02.843750,-12.940186
1787054402875000000,2026-08-18T07:00:02.875000,-13.194449
1787054402906250000,2026-08-18T07:00:02.906250,-13.630329
1787054402937500000,2026-08-18T07:00:02.937500,-13.721137
1787054402968750000,2026-08-18T07:00:02.968750,-14.175179
1787054403000000000,2026-08-18T07:00:03,-14.265987
1787054403031250000,2026-08-18T07:00:03.031250,-14.647382
1787054403062500000,2026-08-18T07:00:03.062500,-14.956130
1787054403093750000,2026-08-18T07:00:03.093750,-15.155909
1787054403125000000,2026-08-18T07:00:03.125000,-15.192232
1787054403156250000,2026-08-18T07:00:03.156250,-15.228555
1787054403187500000,2026-08-18T07:00:03.187500,-15.591789
1787054403218750000,2026-08-18T07:00:03.218750,-15.609950
1787054403250000000,2026-08-18T07:00:03.250000,-15.791567
1787054403281250000,2026-08-18T07:00:03.281250,-15.791567
1787054403312500000,2026-08-18T07:00:03.312500,-15.846052
1787054403343750000,2026-08-18T07:00:03.343750,-15.537304
1787054403375000000,2026-08-18T07:00:03.375000,-15.573627
1787054403406250000,2026-08-18T07:00:03.406250,-15.283040
1787054403437500000,2026-08-18T07:00:03.437500,-15.101424
1787054403468750000,2026-08-18T07:00:03.468750,-14.665544
1787054403500000000,2026-08-18T07:00:03.500000,-14.538412
1787054403531250000,2026-08-18T07:00:03.531250,-13.993562
1787054403562500000,2026-08-18T07:00:03.562500,-13.830107
1787054403593750000,2026-08-18T07:00:03.593750,-13.575844
1787054403625000000,2026-08-18T07:00:03.625000,-13.412389
1787054403656250000,2026-08-18T07:00:03.656250,-12.958347
1787054403687500000,2026-08-18T07:00:03.687500,-12.431659
1787054403718750000,2026-08-18T07:00:03.718750,-11.668869
1787054403750000000,2026-08-18T07:00:03.750000,-10.996888
1787054403781250000,2026-08-18T07:00:03.781250,-10.433876
1787054403812500000,2026-08-18T07:00:03.812500,-9.380499
1787054403843750000,2026-08-18T07:00:03.843750,-9.017266
1787054403875000000,2026-08-18T07:00:03.875000,-8.526901
1787054403906250000,2026-08-18T07:00:03.906250,-7.891243
1787054403937500000,2026-08-18T07:00:03.937500,-7.291908
1787054403968750000,2026-08-18T07:00:03.968750,-7.255585
1787054404000000000,2026-08-18T07:00:04,-6.438310
1787054404031250000,2026-08-18T07:00:04.031250,-5.802652
1787054404062500000,2026-08-18T07:00:04.062500,-5.058023
1787054404093750000,2026-08-18T07:00:04.093750,-4.549497
1787054404125000000,2026-08-18T07:00:04.125000,-3.677737
1787054404156250000,2026-08-18T07:00:04.156250,-3.223695
1787054404187500000,2026-08-18T07:00:04.187500,-2.460905
1787054404218750000,2026-08-18T07:00:04.218750,-1.516499
1787054404250000000,2026-08-18T07:00:04.250000,-0.626577
1787054404281250000,2026-08-18T07:00:04.281250,-0.045404
1787054404312500000,2026-08-18T07:00:04.312500,0.989811
1787054404343750000,2026-08-18T07:00:04.343750,1.734439
1787054404375000000,2026-08-18T07:00:04.375000,2.261127
1787054404406250000,2026-08-18T07:00:04.406250,2.987594
1787054404437500000,2026-08-18T07:00:04.437500,4.113617
1787054404468750000,2026-08-18T07:00:04.468750,4.712952
1787054404500000000,2026-08-18T07:00:04.500000,5.421257
1787054404531250000,2026-08-18T07:00:04.531250,5.929783
1787054404562500000,2026-08-18T07:00:04.562500,6.638088
1787054404593750000,2026-08-18T07:00:04.593750,7.182938
1787054404625000000,2026-08-18T07:00:04.625000,8.000213
1787054404656250000,2026-08-18T07:00:04.656250,8.635871
1787054404687500000,2026-08-18T07:00:04.687500,9.198883
1787054404718750000,2026-08-18T07:00:04.718750,9.979834
1787054404750000000,2026-08-18T07:00:04.750000,10.343068
1787054404781250000,2026-08-18T07:00:04.781250,10.506523
1787054404812500000,2026-08-18T07:00:04.812500,10.869756
1787054404843750000,2026-08-18T07:00:04.843750,11.450929
1787054404875000000,2026-08-18T07:00:04.875000,11.868647
1787054404906250000,2026-08-18T07:00:04.906250,12.758569
1787054404937500000,2026-08-18T07:00:04.937500,13.085479
1787054404968750000,2026-08-18T07:00:04.968750,13.267096
1787054405000000000,2026-08-18T07:00:05,13.267096
1787054405031250000,2026-08-18T07:00:05.031250,13.466874
1787054405062500000,2026-08-18T07:00:05.062500,13.194449
1787054405093750000,2026-08-18T07:00:05.093750,13.848269
1787054405125000000,2026-08-18T07:00:05.125000,14.138855
1787054405156250000,2026-08-18T07:00:05.156250,14.883484
1787054405187500000,2026-08-18T07:00:05.187500,14.683705
1787054405218750000,2026-08-18T07:00:05.218750,15.010615
1787054405250000000,2026-08-18T07:00:05.250000,14.956130
1787054405281250000,2026-08-18T07:00:05.281250,14.974292
1787054405312500000,2026-08-18T07:00:05.312500,14.901645
1787054405343750000,2026-08-18T07:00:05.343750,15.373849
1787054405375000000,2026-08-18T07:00:05.375000,15.519142
1787054405406250000,2026-08-18T07:00:05.406250,15.609950
1787054405437500000,2026-08-18T07:00:05.437500,15.755244
1787054405468750000,2026-08-18T07:00:05.468750,15.846052
1787054405500000000,2026-08-18T07:00:05.500000,15.791567
1787054405531250000,2026-08-18T07:00:05.531250,15.519142
1787054405562500000,2026-08-18T07:00:05.562500,15.537304
1787054405593750000,2026-08-18T07:00:05.593750,15.809729
1787054405625000000,2026-08-18T07:00:05.625000,15.628112
1787054405656250000,2026-08-18T07:00:05.656250,15.355687
1787054405687500000,2026-08-18T07:00:05.687500,15.283040
1787054405718750000,2026-08-18T07:00:05.718750,15.083262
1787054405750000000,2026-08-18T07:00:05.750000,14.738190
1787054405781250000,2026-08-18T07:00:05.781250,14.520250
1787054405812500000,2026-08-18T07:00:05.812500,14.919807
1787054405843750000,2026-08-18T07:00:05.843750,15.373849
1787054405875000000,2026-08-18T07:00:05.875000,15.500980
1787054405906250000,2026-08-18T07:00:05.906250,15.628112
1787054405937500000,2026-08-18T07:00:05.937500,15.573627
1787054405968750000,2026-08-18T07:00:05.968750,15.428334
1787054406000000000,2026-08-18T07:00:06,14.919807
1787054406031250000,2026-08-18T07:00:06.031250,14.701867
1787054406062500000,2026-08-18T07:00:06.062500,14.701867
1787054406093750000,2026-08-18T07:00:06.093750,15.119585
1787054406125000000,2026-08-18T07:00:06.125000,14.883484
1787054406156250000,2026-08-18T07:00:06.156250,14.919807
1787054406187500000,2026-08-18T07:00:06.187500,14.974292
1787097600093750000,2026-08-18T19:00:00.093750,0.363233
1787097600125000000,2026-08-18T19:00:00.125000,-0.072647
1787097600156250000,2026-08-18T19:00:00.156250,-0.290587
1787097600187500000,2026-08-18T19:00:00.187500,-0.599335
1787097600218750000,2026-08-18T19:00:00.218750,-0.690143
1787097600250000000,2026-08-18T19:00:00.250000,-0.726467
1787097600281250000,2026-08-18T19:00:00.281250,-0.290587
1787097600312500000,2026-08-18T19:00:00.312500,-0.145293
1787097600343750000,2026-08-18T19:00:00.343750,0.036323
1787097600375000000,2026-08-18T19:00:00.375000,0.090808
1787097600406250000,2026-08-18T19:00:00.406250,0.236102
1787097600437500000,2026-08-18T19:00:00.437500,0.290587
1787097600468750000,2026-08-18T19:00:00.468750,0.326910
1787097600500000000,2026-08-18T19:00:00.500000,0.308748
1787097600531250000,2026-08-18T19:00:00.531250,0.544850
1787097600562500000,2026-08-18T19:00:00.562500,0.563012
1787097600593750000,2026-08-18T19:00:00.593750,0.145293
1787097600625000000,2026-08-18T19:00:00.625000,0.054485
1787097600656250000,2026-08-18T19:00:00.656250,-0.036323
1787097600687500000,2026-08-18T19:00:00.687500,-0.018162
1787097600718750000,2026-08-18T19:00:00.718750,-0.163455
1787097600750000000,2026-08-18T19:00:00.750000,0.072647
1787097600781250000,2026-08-18T19:00:00.781250,0.181617
1787097600812500000,2026-08-18T19:00:00.812500,0.381395
1787097600843750000,2026-08-18T19:00:00.843750,0.090808
1787097600875000000,2026-08-18T19:00:00.875000,0.326910
1787097600906250000,2026-08-18T19:00:00.906250,0.181617
1787097600937500000,2026-08-18T19:00:00.937500,-0.036323
1787097600968750000,2026-08-18T19:00:00.968750,0.036323
1787097601000000000,2026-08-18T19:00:01,0.308748
1787097601031250000,2026-08-18T19:00:01.031250,-0.036323
1787097601062500000,2026-08-18T19:00:01.062500,-0.054485
1787097601093750000,2026-08-18T19:00:01.093750,-0.163455
1787097601125000000,2026-08-18T19:00:01.125000,-0.381395
1787097601156250000,2026-08-18T19:00:01.156250,-0.563012
1787097601187500000,2026-08-18T19:00:01.187500,-0.290587
1787097601218750000,2026-08-18T19:00:01.218750,-0.127132
1787097601250000000,2026-08-18T19:00:01.250000,0.108970
1787097601281250000,2026-08-18T19:00:01.281250,0.435880
1787097601312500000,2026-08-18T19:00:01.312500,0.399557
1787097601343750000,2026-08-18T19:00:01.343750,0.599335
1787097601375000000,2026-08-18T19:00:01.375000,0.272425
1787097601406250000,2026-08-18T19:00:01.406250,0.417718
1787097601437500000,2026-08-18T19:00:01.437500,0.072647
1787097601468750000,2026-08-18T19:00:01.468750,0.090808
1787097601500000000,2026-08-18T19:00:01.500000,0.036323
1787097601531250000,2026-08-18T19:00:01.531250,0.345072
1787097601562500000,2026-08-18T19:00:01.562500,0.381395
1787097601593750000,2026-08-18T19:00:01.593750,0.563012
1787097601625000000,2026-08-18T19:00:01.625000,0.617497
1787097601656250000,2026-08-18T19:00:01.656250,0.290587
1787097601687500000,2026-08-18T19:00:01.687500,0.090808
1787097601718750000,2026-08-18T19:00:01.718750,0.036323
1787097601750000000,2026-08-18T19:00:01.750000,-0.054485
1787097601781250000,2026-08-18T19:00:01.781250,-0.090808
1787097601812500000,2026-08-18T19:00:01.812500,0.127132
1787097601843750000,2026-08-18T19:00:01.843750,0.145293
1787097601875000000,2026-08-18T19:00:01.875000,-0.199778
1787097601906250000,2026-08-18T19:00:01.906250,-0.254263
1787097601937500000,2026-08-18T19:00:01.937500,-0.181617
1787097601968750000,2026-08-18T19:00:01.968750,-0.254263
1787097602000000000,2026-08-18T19:00:02,-0.127132
1787097602031250000,2026-08-18T19:00:02.031250,0.345072
1787097602062500000,2026-08-18T19:00:02.062500,0.454042
1787097602093750000,2026-08-18T19:00:02.093750,0.254263
1787097602125000000,2026-08-18T19:00:02.125000,0.217940
1787097602156250000,2026-08-18T19:00:02.156250,0.472203
1787097602187500000,2026-08-18T19:00:02.187500,0.181617
1787097602218750000,2026-08-18T19:00:02.218750,0.036323
1787097602250000000,2026-08-18T19:00:02.250000,0.199778
1787097602281250000,2026-08-18T19:00:02.281250,0.435880
1787097602312500000,2026-08-18T19:00:02.312500,0.326910
1787097602343750000,2026-08-18T19:00:02.343750,0.163455
1787097602375000000,2026-08-18T19:00:02.375000,0.472203
1787097602406250000,2026-08-18T19:00:02.406250,0.563012
1787097602437500000,2026-08-18T19:00:02.437500,0.181617
1787097602468750000,2026-08-18T19:00:02.468750,0.036323
1787097602500000000,2026-08-18T19:00:02.500000,0.308748
1787097602531250000,2026-08-18T19:00:02.531250,0.199778
1787097602562500000,2026-08-18T19:00:02.562500,0.054485
1787097602593750000,2026-08-18T19:00:02.593750,0.326910
1787097602625000000,2026-08-18T19:00:02.625000,0.199778
1787097602656250000,2026-08-18T19:00:02.656250,0.127132
1787097602687500000,2026-08-18T19:00:02.687500,0.163455
1787097602718750000,2026-08-18T19:00:02.718750,0.018162
1787097602750000000,2026-08-18T19:00:02.750000,-0.163455
1787097602781250000,2026-08-18T19:00:02.781250,0.036323
1787097602812500000,2026-08-18T19:00:02.812500,-0.036323
1787097602843750000,2026-08-18T19:00:02.843750,-0.000000
1787097602875000000,2026-08-18T19:00:02.875000,0.345072
1787097602906250000,2026-08-18T19:00:02.906250,0.236102
1787097602937500000,2026-08-18T19:00:02.937500,0.181617
1787097602968750000,2026-08-18T19:00:02.968750,0.254263
1787097603000000000,2026-08-18T19:00:03,0.108970
1787097603031250000,2026-08-18T19:00:03.031250,0.127132
1787097603062500000,2026-08-18T19:00:03.062500,0.472203
1787097603093750000,2026-08-18T19:00:03.093750,0.617497
1787097603125000000,2026-08-18T19:00:03.125000,0.581173
1787097603156250000,2026-08-18T19:00:03.156250,0.726467
1787097603187500000,2026-08-18T19:00:03.187500,0.599335
1787097603218750000,2026-08-18T19:00:03.218750,0.508527
1787097603250000000,2026-08-18T19:00:03.250000,0.345072
1787097603281250000,2026-08-18T19:00:03.281250,0.145293
1787097603312500000,2026-08-18T19:00:03.312500,-0.054485
1787097603343750000,2026-08-18T19:00:03.343750,-0.199778
1787097603375000000,2026-08-18T19:00:03.375000,-0.254263
1787097603406250000,2026-08-18T19:00:03.406250,-0.236102
1787097603437500000,2026-08-18T19:00:03.437500,0.163455
1787097603468750000,2026-08-18T19:00:03.468750,0.090808
1787097603500000000,2026-08-18T19:00:03.500000,0.072647
1787097603531250000,2026-08-18T19:00:03.531250,0.290587
1787097603562500000,2026-08-18T19:00:03.562500,0.272425
1787097603593750000,2026-08-18T19:00:03.593750,0.181617
1787097603625000000,2026-08-18T19:00:03.625000,0.217940
1787097603656250000,2026-08-18T19:00:03.656250,0.599335
1787097603687500000,2026-08-18T19:00:03.687500,0.435880
1787097603718750000,2026-08-18T19:00:03.718750,0.163455
1787097603750000000,2026-08-18T19:00:03.750000,-0.108970
1787097603781250000,2026-08-18T19:00:03.781250,-0.199778
1787097603812500000,2026-08-18T19:00:03.812500,-0.399557
1787097603843750000,2026-08-18T19:00:03.843750,-0.671982
1787097603875000000,2026-08-18T19:00:03.875000,-0.563012
1787097603906250000,2026-08-18T19:00:03.906250,-0.363233
1787097603937500000,2026-08-18T19:00:03.937500,-0.163455
1787097603968750000,2026-08-18T19:00:03.968750,-0.254263
1787097604000000000,2026-08-18T19:00:04,-0.090808
1787097604031250000,2026-08-18T19:00:04.031250,-0.000000
1787097604062500000,2026-08-18T19:00:04.062500,0.108970
1787097604093750000,2026-08-18T19:00:04.093750,0.145293
1787097604125000000,2026-08-18T19:00:04.125000,0.163455
1787097604156250000,2026-08-18T19:00:04.156250,0.272425
1787097604187500000,2026-08-18T19:00:04.187500,0.454042
1787097604218750000,2026-08-18T19:00:04.218750,0.254263
1787097604250000000,2026-08-18T19:00:04.250000,0.236102
1787097604281250000,2026-08-18T19:00:04.281250,0.181617
1787097604312500000,2026-08-18T19:00:04.312500,-0.000000
1787097604343750000,2026-08-18T19:00:04.343750,-0.254263
1787097604375000000,2026-08-18T19:00:04.375000,-0.272425
1787097604406250000,2026-08-18T19:00:04.406250,-0.127132
1787097604437500000,2026-08-18T19:00:04.437500,-0.181617
1787097604468750000,2026-08-18T19:00:04.468750,0.036323
1787097604500000000,2026-08-18T19:00:04.500000,0.199778
1787097604531250000,2026-08-18T19:00:04.531250,0.345072
1787097604562500000,2026-08-18T19:00:04.562500,-0.127132
1787097604593750000,2026-08-18T19:00:04.593750,-0.127132
1787097604625000000,2026-08-18T19:00:04.625000,-0.236102
1787097604656250000,2026-08-18T19:00:04.656250,-0.000000
1787097604687500000,2026-08-18T19:00:04.687500,0.145293
1787097604718750000,2026-08-18T19:00:04.718750,0.363233
1787097604750000000,2026-08-18T19:00:04.750000,0.217940
1787097604781250000,2026-08-18T19:00:04.781250,0.308748
1787097604812500000,2026-08-18T19:00:04.812500,-0.217940
1787097604843750000,2026-08-18T19:00:04.843750,-0.363233
1787097604875000000,2026-08-18T19:00:04.875000,-0.363233
1787097604906250000,2026-08-18T19:00:04.906250,-0.108970
1787097604937500000,2026-08-18T19:00:04.937500,-0.000000
1787097604968750000,2026-08-18T19:00:04.968750,0.181617
1787097605000000000,2026-08-18T19:00:05,0.054485
1787097605031250000,2026-08-18T19:00:05.031250,-0.000000
1787097605062500000,2026-08-18T19:00:05.062500,-0.000000
1787097605093750000,2026-08-18T19:00:05.093750,-0.399557
1787097605125000000,2026-08-18T19:00:05.125000,-0.472203
1787097605156250000,2026-08-18T19:00:05.156250,-0.326910
1787097605187500000,2026-08-18T19:00:05.187500,0.108970
1787097605218750000,2026-08-18T19:00:05.218750,0.254263
1787097605250000000,2026-08-18T19:00:05.250000,0.363233
1787097605281250000,2026-08-18T19:00:05.281250,0.690143
1787097605312500000,2026-08-18T19:00:05.312500,0.563012
1787097605343750000,2026-08-18T19:00:05.343750,0.199778
1787097605375000000,2026-08-18T19:00:05.375000,0.145293
1787097605406250000,2026-08-18T19:00:05.406250,0.254263
1787097605437500000,2026-08-18T19:00:05.437500,-0.199778
1787097605468750000,2026-08-18T19:00:05.468750,-0.290587
1787097605500000000,2026-08-18T19:00:05.500000,-0.272425
1787097605531250000,2026-08-18T19:00:05.531250,-0.581173
1787097605562500000,2026-08-18T19:00:05.562500,-0.635658
1787097605593750000,2026-08-18T19:00:05.593750,-0.345072
1787097605625000000,2026-08-18T19:00:05.625000,-0.072647
1787097605656250000,2026-08-18T19:00:05.656250,0.108970
1787097605687500000,2026-08-18T19:00:05.687500,0.472203
1787097605718750000,2026-08-18T19:00:05.718750,0.472203
1787097605750000000,2026-08-18T19:00:05.750000,0.508527
1787097605781250000,2026-08-18T19:00:05.781250,0.363233
1787097605812500000,2026-08-18T19:00:05.812500,0.399557
1787097605843750000,2026-08-18T19:00:05.843750,0.036323
1787097605875000000,2026-08-18T19:00:05.875000,-0.199778
1787097605906250000,2026-08-18T19:00:05.906250,-0.308748
1787097605937500000,2026-08-18T19:00:05.937500,-0.054485
1787097605968750000,2026-08-18T19:00:05.968750,-0.145293
1787097606000000000,2026-08-18T19:00:06,0.090808
1787097606031250000,2026-08-18T19:00:06.031250,0.290587
1787097606062500000,2026-08-18T19:00:06.062500,0.454042
1787097606093750000,2026-08-18T19:00:06.093750,0.163455
1787097606125000000,2026-08-18T19:00:06.125000,0.145293
1787097606156250000,2026-08-18T19:00:06.156250,-0.054485
1787097606187500000,2026-08-18T19:00:06.187500,0.163455
1787140800093750000,2026-08-19T07:00:00.093750,0.063566
1787140800125000000,2026-08-19T07:00:00.125000,-0.081727
1787140800156250000,2026-08-19T07:00:00.156250,-0.263344
1787140800187500000,2026-08-19T07:00:00.187500,-0.136212
1787140800218750000,2026-08-19T07:00:00.218750,-0.390476
1787140800250000000,2026-08-19T07:00:00.250000,-0.426799
1787140800281250000,2026-08-19T07:00:00.281250,-0.099889
1787140800312500000,2026-08-19T07:00:00.312500,-0.118051
1787140800343750000,2026-08-19T07:00:00.343750,-0.317829
1787140800375000000,2026-08-19T07:00:00.375000,-0.172536
1787140800406250000,2026-08-19T07:00:00.406250,0.172536
1787140800437500000,2026-08-19T07:00:00.437500,0.099889
1787140800468750000,2026-08-19T07:00:00.468750,0.045404
1787140800500000000,2026-08-19T07:00:00.500000,0.081727
1787140800531250000,2026-08-19T07:00:00.531250,0.027242
1787140800562500000,2026-08-19T07:00:00.562500,-0.335991
1787140800593750000,2026-08-19T07:00:00.593750,-0.517607
1787140800625000000,2026-08-19T07:00:00.625000,-0.481284
1787140800656250000,2026-08-19T07:00:00.656250,-0.444961
1787140800687500000,2026-08-19T07:00:00.687500,-0.245182
1787140800718750000,2026-08-19T07:00:00.718750,-0.027242
1787140800750000000,2026-08-19T07:00:00.750000,0.045404
1787140800781250000,2026-08-19T07:00:00.781250,-0.099889
1787140800812500000,2026-08-19T07:00:00.812500,-0.063566
1787140800843750000,2026-08-19T07:00:00.843750,-0.172536
1787140800875000000,2026-08-19T07:00:00.875000,-0.227021
1787140800906250000,2026-08-19T07:00:00.906250,-0.136212
1787140800937500000,2026-08-19T07:00:00.937500,0.190697
1787140800968750000,2026-08-19T07:00:00.968750,0.136212
1787140801000000000,2026-08-19T07:00:01,0.317829
1787140801031250000,2026-08-19T07:00:01.031250,0.299667
1787140801062500000,2026-08-19T07:00:01.062500,0.081727
1787140801093750000,2026-08-19T07:00:01.093750,-0.063566
1787140801125000000,2026-08-19T07:00:01.125000,-0.063566
1787140801156250000,2026-08-19T07:00:01.156250,-0.354152
1787140801187500000,2026-08-19T07:00:01.187500,-0.499446
1787140801218750000,2026-08-19T07:00:01.218750,-0.662901
1787140801250000000,2026-08-19T07:00:01.250000,-0.790032
1787140801281250000,2026-08-19T07:00:01.281250,-0.808194
1787140801312500000,2026-08-19T07:00:01.312500,-0.753709
1787140801343750000,2026-08-19T07:00:01.343750,-0.390476
1787140801375000000,2026-08-19T07:00:01.375000,-0.154374
1787140801406250000,2026-08-19T07:00:01.406250,0.263344
1787140801437500000,2026-08-19T07:00:01.437500,0.281506
1787140801468750000,2026-08-19T07:00:01.468750,0.245182
1787140801500000000,2026-08-19T07:00:01.500000,0.063566
1787140801531250000,2026-08-19T07:00:01.531250,0.045404
1787140801562500000,2026-08-19T07:00:01.562500,-0.299667
1787140801593750000,2026-08-19T07:00:01.593750,-0.499446
1787140801625000000,2026-08-19T07:00:01.625000,-0.263344
1787140801656250000,2026-08-19T07:00:01.656250,-0.045404
1787140801687500000,2026-08-19T07:00:01.687500,0.208859
1787140801718750000,2026-08-19T07:00:01.718750,0.172536
1787140801750000000,2026-08-19T07:00:01.750000,0.535769
1787140801781250000,2026-08-19T07:00:01.781250,0.481284
1787140801812500000,2026-08-19T07:00:01.812500,0.154374
1787140801843750000,2026-08-19T07:00:01.843750,0.063566
1787140801875000000,2026-08-19T07:00:01.875000,0.136212
1787140801906250000,2026-08-19T07:00:01.906250,0.045404
1787140801937500000,2026-08-19T07:00:01.937500,-0.354152
1787140801968750000,2026-08-19T07:00:01.968750,0.081727
1787140802000000000,2026-08-19T07:00:02,0.081727
1787140802031250000,2026-08-19T07:00:02.031250,-0.063566
1787140802062500000,2026-08-19T07:00:02.062500,0.009081
1787140802093750000,2026-08-19T07:00:02.093750,0.208859
1787140802125000000,2026-08-19T07:00:02.125000,-0.045404
1787140802156250000,2026-08-19T07:00:02.156250,-0.190697
1787140802187500000,2026-08-19T07:00:02.187500,0.172536
1787140802218750000,2026-08-19T07:00:02.218750,0.317829
1787140802250000000,2026-08-19T07:00:02.250000,0.481284
1787140802281250000,2026-08-19T07:00:02.281250,0.535769
1787140802312500000,2026-08-19T07:00:02.312500,0.808194
1787140802343750000,2026-08-19T07:00:02.343750,0.662901
1787140802375000000,2026-08-19T07:00:02.375000,0.444961
1787140802406250000,2026-08-19T07:00:02.406250,0.372314
1787140802437500000,2026-08-19T07:00:02.437500,0.335991
1787140802468750000,2026-08-19T07:00:02.468750,0.118051
1787140802500000000,2026-08-19T07:00:02.500000,0.009081
1787140802531250000,2026-08-19T07:00:02.531250,0.081727
1787140802562500000,2026-08-19T07:00:02.562500,-0.154374
1787140802593750000,2026-08-19T07:00:02.593750,-0.463122
1787140802625000000,2026-08-19T07:00:02.625000,-0.517607
1787140802656250000,2026-08-19T07:00:02.656250,-0.481284
1787140802687500000,2026-08-19T07:00:02.687500,-0.517607
1787140802718750000,2026-08-19T07:00:02.718750,0.009081
1787140802750000000,2026-08-19T07:00:02.750000,0.027242
1787140802781250000,2026-08-19T07:00:02.781250,-0.190697
1787140802812500000,2026-08-19T07:00:02.812500,0.118051
1787140802843750000,2026-08-19T07:00:02.843750,0.208859
1787140802875000000,2026-08-19T07:00:02.875000,-0.317829
1787140802906250000,2026-08-19T07:00:02.906250,-0.027242
1787140802937500000,2026-08-19T07:00:02.937500,0.354152
1787140802968750000,2026-08-19T07:00:02.968750,0.081727
1787140803000000000,2026-08-19T07:00:03,-0.172536
1787140803031250000,2026-08-19T07:00:03.031250,0.245182
1787140803062500000,2026-08-19T07:00:03.062500,0.190697
1787140803093750000,2026-08-19T07:00:03.093750,0.045404
1787140803125000000,2026-08-19T07:00:03.125000,0.099889
1787140803156250000,2026-08-19T07:00:03.156250,0.390476
1787140803187500000,2026-08-19T07:00:03.187500,0.317829
1787140803218750000,2026-08-19T07:00:03.218750,0.208859
1787140803250000000,2026-08-19T07:00:03.250000,0.154374
1787140803281250000,2026-08-19T07:00:03.281250,0.208859
1787140803312500000,2026-08-19T07:00:03.312500,0.208859
1787140803343750000,2026-08-19T07:00:03.343750,0.136212
1787140803375000000,2026-08-19T07:00:03.375000,-0.099889
1787140803406250000,2026-08-19T07:00:03.406250,0.172536
1787140803437500000,2026-08-19T07:00:03.437500,0.045404
1787140803468750000,2026-08-19T07:00:03.468750,-0.063566
1787140803500000000,2026-08-19T07:00:03.500000,0.009081
1787140803531250000,2026-08-19T07:00:03.531250,0.335991
1787140803562500000,2026-08-19T07:00:03.562500,0.154374
1787140803593750000,2026-08-19T07:00:03.593750,0.299667
1787140803625000000,2026-08-19T07:00:03.625000,0.136212
1787140803656250000,2026-08-19T07:00:03.656250,-0.027242
1787140803687500000,2026-08-19T07:00:03.687500,-0.172536
1787140803718750000,2026-08-19T07:00:03.718750,-0.281506
1787140803750000000,2026-08-19T07:00:03.750000,-0.426799
1787140803781250000,2026-08-19T07:00:03.781250,-0.572092
1787140803812500000,2026-08-19T07:00:03.812500,-0.372314
1787140803843750000,2026-08-19T07:00:03.843750,-0.154374
1787140803875000000,2026-08-19T07:00:03.875000,-0.118051
1787140803906250000,2026-08-19T07:00:03.906250,-0.081727
1787140803937500000,2026-08-19T07:00:03.937500,0.172536
1787140803968750000,2026-08-19T07:00:03.968750,0.045404
1787140804000000000,2026-08-19T07:00:04,-0.208859
1787140804031250000,2026-08-19T07:00:04.031250,-0.190697
1787140804062500000,2026-08-19T07:00:04.062500,-0.517607
1787140804093750000,2026-08-19T07:00:04.093750,-0.644739
1787140804125000000,2026-08-19T07:00:04.125000,-0.626577
1787140804156250000,2026-08-19T07:00:04.156250,-0.644739
1787140804187500000,2026-08-19T07:00:04.187500,-0.463122
1787140804218750000,2026-08-19T07:00:04.218750,-0.208859
1787140804250000000,2026-08-19T07:00:04.250000,-0.027242
1787140804281250000,2026-08-19T07:00:04.281250,-0.136212
1787140804312500000,2026-08-19T07:00:04.312500,0.154374
1787140804343750000,2026-08-19T07:00:04.343750,0.208859
1787140804375000000,2026-08-19T07:00:04.375000,0.372314
1787140804406250000,2026-08-19T07:00:04.406250,0.317829
1787140804437500000,2026-08-19T07:00:04.437500,0.463122
1787140804468750000,2026-08-19T07:00:04.468750,0.317829
1787140804500000000,2026-08-19T07:00:04.500000,0.263344
1787140804531250000,2026-08-19T07:00:04.531250,0.208859
1787140804562500000,2026-08-19T07:00:04.562500,0.317829
1787140804593750000,2026-08-19T07:00:04.593750,0.245182
1787140804625000000,2026-08-19T07:00:04.625000,0.390476
1787140804656250000,2026-08-19T07:00:04.656250,0.190697
1787140804687500000,2026-08-19T07:00:04.687500,0.027242
1787140804718750000,2026-08-19T07:00:04.718750,-0.045404
1787140804750000000,2026-08-19T07:00:04.750000,0.081727
1787140804781250000,2026-08-19T07:00:04.781250,-0.263344
1787140804812500000,2026-08-19T07:00:04.812500,-0.372314
1787140804843750000,2026-08-19T07:00:04.843750,-0.299667
1787140804875000000,2026-08-19T07:00:04.875000,-0.444961
1787140804906250000,2026-08-19T07:00:04.906250,-0.608416
1787140804937500000,2026-08-19T07:00:04.937500,-0.481284
1787140804968750000,2026-08-19T07:00:04.968750,-0.190697
1787140805000000000,2026-08-19T07:00:05,0.063566
1787140805031250000,2026-08-19T07:00:05.031250,0.335991
1787140805062500000,2026-08-19T07:00:05.062500,0.317829
1787140805093750000,2026-08-19T07:00:05.093750,0.463122
1787140805125000000,2026-08-19T07:00:05.125000,0.463122
1787140805156250000,2026-08-19T07:00:05.156250,0.335991
1787140805187500000,2026-08-19T07:00:05.187500,0.081727
1787140805218750000,2026-08-19T07:00:05.218750,0.317829
1787140805250000000,2026-08-19T07:00:05.250000,0.354152
1787140805281250000,2026-08-19T07:00:05.281250,0.118051
1787140805312500000,2026-08-19T07:00:05.312500,0.245182
1787140805343750000,2026-08-19T07:00:05.343750,0.245182
1787140805375000000,2026-08-19T07:00:05.375000,-0.063566
1787140805406250000,2026-08-19T07:00:05.406250,-0.172536
1787140805437500000,2026-08-19T07:00:05.437500,0.227021
1787140805468750000,2026-08-19T07:00:05.468750,0.009081
1787140805500000000,2026-08-19T07:00:05.500000,-0.063566
1787140805531250000,2026-08-19T07:00:05.531250,0.063566
1787140805562500000,2026-08-19T07:00:05.562500,0.081727
1787140805593750000,2026-08-19T07:00:05.593750,-0.154374
1787140805625000000,2026-08-19T07:00:05.625000,-0.190697
1787140805656250000,2026-08-19T07:00:05.656250,-0.190697
1787140805687500000,2026-08-19T07:00:05.687500,0.063566
1787140805718750000,2026-08-19T07:00:05.718750,-0.118051
1787140805750000000,2026-08-19T07:00:05.750000,0.099889
1787140805781250000,2026-08-19T07:00:05.781250,0.154374
1787140805812500000,2026-08-19T07:00:05.812500,0.335991
1787140805843750000,2026-08-19T07:00:05.843750,0.027242
1787140805875000000,2026-08-19T07:00:05.875000,0.390476
1787140805906250000,2026-08-19T07:00:05.906250,0.099889
1787140805937500000,2026-08-19T07:00:05.937500,0.081727
1787140805968750000,2026-08-19T07:00:05.968750,0.154374
1787140806000000000,2026-08-19T07:00:06,0.099889
1787140806031250000,2026-08-19T07:00:06.031250,-0.154374
1787140806062500000,2026-08-19T07:00:06.062500,-0.154374
1787140806093750000,2026-08-19T07:00:06.093750,-0.281506
1787140806125000000,2026-08-19T07:00:06.125000,-0.281506
1787140806156250000,2026-08-19T07:00:06.156250,-0.299667
1787140806187500000,2026-08-19T07:00:06.187500,-0.372314
1787184000093750000,2026-08-19T19:00:00.093750,0.000000
1787184000125000000,2026-08-19T19:00:00.125000,-0.272425
1787184000156250000,2026-08-19T19:00:00.156250,-0.345072
1787184000187500000,2026-08-19T19:00:00.187500,-0.526688
1787184000218750000,2026-08-19T19:00:00.218750,-0.817275
1787184000250000000,2026-08-19T19:00:00.250000,-0.653820
1787184000281250000,2026-08-19T19:00:00.281250,-0.435880
1787184000312500000,2026-08-19T19:00:00.312500,-0.236102
1787184000343750000,2026-08-19T19:00:00.343750,-0.272425
1787184000375000000,2026-08-19T19:00:00.375000,-0.236102
1787184000406250000,2026-08-19T19:00:00.406250,-0.236102
1787184000437500000,2026-08-19T19:00:00.437500,-0.108970
1787184000468750000,2026-08-19T19:00:00.468750,-0.145293
1787184000500000000,2026-08-19T19:00:00.500000,0.054485
1787184000531250000,2026-08-19T19:00:00.531250,0.127132
1787184000562500000,2026-08-19T19:00:00.562500,0.036323
1787184000593750000,2026-08-19T19:00:00.593750,0.145293
1787184000625000000,2026-08-19T19:00:00.625000,-0.108970
1787184000656250000,2026-08-19T19:00:00.656250,-0.254263
1787184000687500000,2026-08-19T19:00:00.687500,-0.181617
1787184000718750000,2026-08-19T19:00:00.718750,-0.108970
1787184000750000000,2026-08-19T19:00:00.750000,-0.072647
1787184000781250000,2026-08-19T19:00:00.781250,-0.108970
1787184000812500000,2026-08-19T19:00:00.812500,-0.036323
1787184000843750000,2026-08-19T19:00:00.843750,-0.090808
1787184000875000000,2026-08-19T19:00:00.875000,-0.054485
1787184000906250000,2026-08-19T19:00:00.906250,-0.363233
1787184000937500000,2026-08-19T19:00:00.937500,0.108970
1787184000968750000,2026-08-19T19:00:00.968750,0.072647
1787184001000000000,2026-08-19T19:00:01,0.127132
1787184001031250000,2026-08-19T19:00:01.031250,0.254263
1787184001062500000,2026-08-19T19:00:01.062500,0.326910
1787184001093750000,2026-08-19T19:00:01.093750,0.127132
1787184001125000000,2026-08-19T19:00:01.125000,0.199778
1787184001156250000,2026-08-19T19:00:01.156250,-0.036323
1787184001187500000,2026-08-19T19:00:01.187500,-0.181617
1787184001218750000,2026-08-19T19:00:01.218750,-0.018162
1787184001250000000,2026-08-19T19:00:01.250000,-0.036323
1787184001281250000,2026-08-19T19:00:01.281250,-0.272425
1787184001312500000,2026-08-19T19:00:01.312500,0.072647
1787184001343750000,2026-08-19T19:00:01.343750,-0.018162
1787184001375000000,2026-08-19T19:00:01.375000,0.036323
1787184001406250000,2026-08-19T19:00:01.406250,0.290587
1787184001437500000,2026-08-19T19:00:01.437500,0.399557
1787184001468750000,2026-08-19T19:00:01.468750,0.236102
1787184001500000000,2026-08-19T19:00:01.500000,0.345072
1787184001531250000,2026-08-19T19:00:01.531250,0.145293
1787184001562500000,2026-08-19T19:00:01.562500,-0.054485
1787184001593750000,2026-08-19T19:00:01.593750,0.054485
1787184001625000000,2026-08-19T19:00:01.625000,0.054485
1787184001656250000,2026-08-19T19:00:01.656250,0.000000
1787184001687500000,2026-08-19T19:00:01.687500,-0.072647
1787184001718750000,2026-08-19T19:00:01.718750,0.108970
1787184001750000000,2026-08-19T19:00:01.750000,0.254263
1787184001781250000,2026-08-19T19:00:01.781250,0.272425
1787184001812500000,2026-08-19T19:00:01.812500,0.199778
1787184001843750000,2026-08-19T19:00:01.843750,0.217940
1787184001875000000,2026-08-19T19:00:01.875000,0.090808
1787184001906250000,2026-08-19T19:00:01.906250,-0.108970
1787184001937500000,2026-08-19T19:00:01.937500,-0.145293
1787184001968750000,2026-08-19T19:00:01.968750,0.145293
1787184002000000000,2026-08-19T19:00:02,0.108970
1787184002031250000,2026-08-19T19:00:02.031250,0.018162
1787184002062500000,2026-08-19T19:00:02.062500,-0.036323
1787184002093750000,2026-08-19T19:00:02.093750,-0.018162
1787184002125000000,2026-08-19T19:00:02.125000,-0.290587
1787184002156250000,2026-08-19T19:00:02.156250,-0.072647
1787184002187500000,2026-08-19T19:00:02.187500,0.090808
1787184002218750000,2026-08-19T19:00:02.218750,-0.127132
1787184002250000000,2026-08-19T19:00:02.250000,-0.217940
1787184002281250000,2026-08-19T19:00:02.281250,-0.000000
1787184002312500000,2026-08-19T19:00:02.312500,-0.145293
1787184002343750000,2026-08-19T19:00:02.343750,-0.000000
1787184002375000000,2026-08-19T19:00:02.375000,0.163455
1787184002406250000,2026-08-19T19:00:02.406250,0.272425
1787184002437500000,2026-08-19T19:00:02.437500,0.199778
1787184002468750000,2026-08-19T19:00:02.468750,0.090808
1787184002500000000,2026-08-19T19:00:02.500000,-0.308748
1787184002531250000,2026-08-19T19:00:02.531250,0.127132
1787184002562500000,2026-08-19T19:00:02.562500,0.236102
1787184002593750000,2026-08-19T19:00:02.593750,-0.000000
1787184002625000000,2026-08-19T19:00:02.625000,0.199778
1787184002656250000,2026-08-19T19:00:02.656250,0.454042
1787184002687500000,2026-08-19T19:00:02.687500,0.363233
1787184002718750000,2026-08-19T19:00:02.718750,0.381395
1787184002750000000,2026-08-19T19:00:02.750000,0.635658
1787184002781250000,2026-08-19T19:00:02.781250,0.399557
1787184002812500000,2026-08-19T19:00:02.812500,0.127132
1787184002843750000,2026-08-19T19:00:02.843750,0.000000
1787184002875000000,2026-08-19T19:00:02.875000,-0.254263
1787184002906250000,2026-08-19T19:00:02.906250,-0.236102
1787184002937500000,2026-08-19T19:00:02.937500,-0.199778
1787184002968750000,2026-08-19T19:00:02.968750,-0.036323
1787184003000000000,2026-08-19T19:00:03,-0.163455
1787184003031250000,2026-08-19T19:00:03.031250,-0.236102
1787184003062500000,2026-08-19T19:00:03.062500,-0.127132
1787184003093750000,2026-08-19T19:00:03.093750,-0.018162
1787184003125000000,2026-08-19T19:00:03.125000,-0.127132
1787184003156250000,2026-08-19T19:00:03.156250,0.181617
1787184003187500000,2026-08-19T19:00:03.187500,0.472203
1787184003218750000,2026-08-19T19:00:03.218750,0.145293
1787184003250000000,2026-08-19T19:00:03.250000,0.435880
1787184003281250000,2026-08-19T19:00:03.281250,0.617497
1787184003312500000,2026-08-19T19:00:03.312500,0.472203
1787184003343750000,2026-08-19T19:00:03.343750,0.272425
1787184003375000000,2026-08-19T19:00:03.375000,0.272425
1787184003406250000,2026-08-19T19:00:03.406250,-0.072647
1787184003437500000,2026-08-19T19:00:03.437500,-0.236102
1787184003468750000,2026-08-19T19:00:03.468750,-0.381395
1787184003500000000,2026-08-19T19:00:03.500000,-0.345072
1787184003531250000,2026-08-19T19:00:03.531250,-0.108970
1787184003562500000,2026-08-19T19:00:03.562500,-0.036323
1787184003593750000,2026-08-19T19:00:03.593750,-0.290587
1787184003625000000,2026-08-19T19:00:03.625000,-0.236102
1787184003656250000,2026-08-19T19:00:03.656250,-0.308748
1787184003687500000,2026-08-19T19:00:03.687500,-0.454042
1787184003718750000,2026-08-19T19:00:03.718750,-0.544850
1787184003750000000,2026-08-19T19:00:03.750000,-0.363233
1787184003781250000,2026-08-19T19:00:03.781250,-0.254263
1787184003812500000,2026-08-19T19:00:03.812500,0.254263
1787184003843750000,2026-08-19T19:00:03.843750,0.435880
1787184003875000000,2026-08-19T19:00:03.875000,0.490365
1787184003906250000,2026-08-19T19:00:03.906250,0.817275
1787184003937500000,2026-08-19T19:00:03.937500,0.799113
1787184003968750000,2026-08-19T19:00:03.968750,0.544850
1787184004000000000,2026-08-19T19:00:04,0.363233
1787184004031250000,2026-08-19T19:00:04.031250,0.417718
1787184004062500000,2026-08-19T19:00:04.062500,0.108970
1787184004093750000,2026-08-19T19:00:04.093750,0.163455
1787184004125000000,2026-08-19T19:00:04.125000,0.199778
1787184004156250000,2026-08-19T19:00:04.156250,0.272425
1787184004187500000,2026-08-19T19:00:04.187500,0.181617
1787184004218750000,2026-08-19T19:00:04.218750,0.254263
1787184004250000000,2026-08-19T19:00:04.250000,0.127132
1787184004281250000,2026-08-19T19:00:04.281250,-0.181617
1787184004312500000,2026-08-19T19:00:04.312500,-0.199778
1787184004343750000,2026-08-19T19:00:04.343750,-0.199778
1787184004375000000,2026-08-19T19:00:04.375000,-0.345072
1787184004406250000,2026-08-19T19:00:04.406250,-0.272425
1787184004437500000,2026-08-19T19:00:04.437500,-0.272425
1787184004468750000,2026-08-19T19:00:04.468750,-0.272425
1787184004500000000,2026-08-19T19:00:04.500000,-0.308748
1787184004531250000,2026-08-19T19:00:04.531250,0.090808
1787184004562500000,2026-08-19T19:00:04.562500,0.054485
1787184004593750000,2026-08-19T19:00:04.593750,0.272425
1787184004625000000,2026-08-19T19:00:04.625000,0.054485
1787184004656250000,2026-08-19T19:00:04.656250,-0.108970
1787184004687500000,2026-08-19T19:00:04.687500,-0.435880
1787184004718750000,2026-08-19T19:00:04.718750,-0.635658
1787184004750000000,2026-08-19T19:00:04.750000,-0.762790
1787184004781250000,2026-08-19T19:00:04.781250,-0.563012
1787184004812500000,2026-08-19T19:00:04.812500,-0.236102
1787184004843750000,2026-08-19T19:00:04.843750,-0.036323
1787184004875000000,2026-08-19T19:00:04.875000,0.326910
1787184004906250000,2026-08-19T19:00:04.906250,0.744628
1787184004937500000,2026-08-19T19:00:04.937500,0.617497
1787184004968750000,2026-08-19T19:00:04.968750,0.599335
1787184005000000000,2026-08-19T19:00:05,0.472203
1787184005031250000,2026-08-19T19:00:05.031250,0.435880
1787184005062500000,2026-08-19T19:00:05.062500,0.199778
1787184005093750000,2026-08-19T19:00:05.093750,0.399557
1787184005125000000,2026-08-19T19:00:05.125000,0.454042
1787184005156250000,2026-08-19T19:00:05.156250,0.526688
1787184005187500000,2026-08-19T19:00:05.187500,0.272425
1787184005218750000,2026-08-19T19:00:05.218750,-0.000000
1787184005250000000,2026-08-19T19:00:05.250000,-0.072647
1787184005281250000,2026-08-19T19:00:05.281250,0.072647
1787184005312500000,2026-08-19T19:00:05.312500,0.018162
1787184005343750000,2026-08-19T19:00:05.343750,0.145293
1787184005375000000,2026-08-19T19:00:05.375000,0.417718
1787184005406250000,2026-08-19T19:00:05.406250,0.308748
1787184005437500000,2026-08-19T19:00:05.437500,0.108970
1787184005468750000,2026-08-19T19:00:05.468750,0.000000
1787184005500000000,2026-08-19T19:00:05.500000,0.145293
1787184005531250000,2026-08-19T19:00:05.531250,0.108970
1787184005562500000,2026-08-19T19:00:05.562500,0.054485
1787184005593750000,2026-08-19T19:00:05.593750,0.000000
1787184005625000000,2026-08-19T19:00:05.625000,0.108970
1787184005656250000,2026-08-19T19:00:05.656250,0.090808
1787184005687500000,2026-08-19T19:00:05.687500,0.108970
1787184005718750000,2026-08-19T19:00:05.718750,0.399557
1787184005750000000,2026-08-19T19:00:05.750000,0.381395
1787184005781250000,2026-08-19T19:00:05.781250,0.472203
1787184005812500000,2026-08-19T19:00:05.812500,0.417718
1787184005843750000,2026-08-19T19:00:05.843750,0.526688
1787184005875000000,2026-08-19T19:00:05.875000,0.417718
1787184005906250000,2026-08-19T19:00:05.906250,0.399557
1787184005937500000,2026-08-19T19:00:05.937500,0.417718
1787184005968750000,2026-08-19T19:00:05.968750,0.435880
1787184006000000000,2026-08-19T19:00:06,0.381395
1787184006031250000,2026-08-19T19:00:06.031250,0.417718
1787184006062500000,2026-08-19T19:00:06.062500,0.326910
1787184006093750000,2026-08-19T19:00:06.093750,-0.072647
1787184006125000000,2026-08-19T19:00:06.125000,-0.163455
1787184006156250000,2026-08-19T19:00:06.156250,-0.326910
1787184006187500000,2026-08-19T19:00:06.187500,-0.199778
1787227200093750000,2026-08-20T07:00:00.093750,3.641414
1787227200125000000,2026-08-20T07:00:00.125000,4.404204
1787227200156250000,2026-08-20T07:00:00.156250,5.185155
1787227200187500000,2026-08-20T07:00:00.187500,5.711843
1787227200218750000,2026-08-20T07:00:00.218750,6.311178
1787227200250000000,2026-08-20T07:00:00.250000,6.692573
1787227200281250000,2026-08-20T07:00:00.281250,7.146615
1787227200312500000,2026-08-20T07:00:00.312500,7.909405
1787227200343750000,2026-08-20T07:00:00.343750,8.454255
1787227200375000000,2026-08-20T07:00:00.375000,8.817488
1787227200406250000,2026-08-20T07:00:00.406250,9.198883
1787227200437500000,2026-08-20T07:00:00.437500,9.652924
1787227200468750000,2026-08-20T07:00:00.468750,9.943511
1787227200500000000,2026-08-20T07:00:00.500000,10.488361
1787227200531250000,2026-08-20T07:00:00.531250,11.160343
1787227200562500000,2026-08-20T07:00:00.562500,11.995779
1787227200593750000,2026-08-20T07:00:00.593750,12.250042
1787227200625000000,2026-08-20T07:00:00.625000,12.413497
1787227200656250000,2026-08-20T07:00:00.656250,12.994671
1787227200687500000,2026-08-20T07:00:00.687500,13.430551
1787227200718750000,2026-08-20T07:00:00.718750,13.739299
1787227200750000000,2026-08-20T07:00:00.750000,14.066209
1787227200781250000,2026-08-20T07:00:00.781250,14.556574
1787227200812500000,2026-08-20T07:00:00.812500,14.520250
1787227200843750000,2026-08-20T07:00:00.843750,14.374957
1787227200875000000,2026-08-20T07:00:00.875000,14.520250
1787227200906250000,2026-08-20T07:00:00.906250,14.919807
1787227200937500000,2026-08-20T07:00:00.937500,14.956130
1787227200968750000,2026-08-20T07:00:00.968750,15.428334
1787227201000000000,2026-08-20T07:00:01,15.500980
1787227201031250000,2026-08-20T07:00:01.031250,15.428334
1787227201062500000,2026-08-20T07:00:01.062500,15.337525
1787227201093750000,2026-08-20T07:00:01.093750,15.373849
1787227201125000000,2026-08-20T07:00:01.125000,14.974292
1787227201156250000,2026-08-20T07:00:01.156250,15.137747
1787227201187500000,2026-08-20T07:00:01.187500,14.865322
1787227201218750000,2026-08-20T07:00:01.218750,14.538412
1787227201250000000,2026-08-20T07:00:01.250000,14.592897
1787227201281250000,2026-08-20T07:00:01.281250,14.847160
1787227201312500000,2026-08-20T07:00:01.312500,14.647382
1787227201343750000,2026-08-20T07:00:01.343750,14.756352
1787227201375000000,2026-08-20T07:00:01.375000,15.065100
1787227201406250000,2026-08-20T07:00:01.406250,15.283040
1787227201437500000,2026-08-20T07:00:01.437500,15.119585
1787227201468750000,2026-08-20T07:00:01.468750,15.155909
1787227201500000000,2026-08-20T07:00:01.500000,15.083262
1787227201531250000,2026-08-20T07:00:01.531250,15.101424
1787227201562500000,2026-08-20T07:00:01.562500,14.919807
1787227201593750000,2026-08-20T07:00:01.593750,14.847160
1787227201625000000,2026-08-20T07:00:01.625000,14.810837
1787227201656250000,2026-08-20T07:00:01.656250,14.756352
1787227201687500000,2026-08-20T07:00:01.687500,14.647382
1787227201718750000,2026-08-20T07:00:01.718750,14.720029
1787227201750000000,2026-08-20T07:00:01.750000,14.429442
1787227201781250000,2026-08-20T07:00:01.781250,14.847160
1787227201812500000,2026-08-20T07:00:01.812500,14.883484
1787227201843750000,2026-08-20T07:00:01.843750,14.974292
1787227201875000000,2026-08-20T07:00:01.875000,14.774514
1787227201906250000,2026-08-20T07:00:01.906250,15.101424
1787227201937500000,2026-08-20T07:00:01.937500,14.683705
1787227201968750000,2026-08-20T07:00:01.968750,14.738190
1787227202000000000,2026-08-20T07:00:02,14.284149
1787227202031250000,2026-08-20T07:00:02.031250,14.229664
1787227202062500000,2026-08-20T07:00:02.062500,13.939077
1787227202093750000,2026-08-20T07:00:02.093750,13.739299
1787227202125000000,2026-08-20T07:00:02.125000,13.430551
1787227202156250000,2026-08-20T07:00:02.156250,13.357904
1787227202187500000,2026-08-20T07:00:02.187500,13.049156
1787227202218750000,2026-08-20T07:00:02.218750,12.722246
1787227202250000000,2026-08-20T07:00:02.250000,12.685922
1787227202281250000,2026-08-20T07:00:02.281250,12.449821
1787227202312500000,2026-08-20T07:00:02.312500,12.322689
1787227202343750000,2026-08-20T07:00:02.343750,11.814162
1787227202375000000,2026-08-20T07:00:02.375000,11.450929
1787227202406250000,2026-08-20T07:00:02.406250,10.815271
1787227202437500000,2026-08-20T07:00:02.437500,10.234098
1787227202468750000,2026-08-20T07:00:02.468750,9.434984
1787227202500000000,2026-08-20T07:00:02.500000,9.035428
1787227202531250000,2026-08-20T07:00:02.531250,8.654033
1787227202562500000,2026-08-20T07:00:02.562500,8.109183
1787227202593750000,2026-08-20T07:00:02.593750,7.546171
1787227202625000000,2026-08-20T07:00:02.625000,7.146615
1787227202656250000,2026-08-20T07:00:02.656250,6.420148
1787227202687500000,2026-08-20T07:00:02.687500,5.693682
1787227202718750000,2026-08-20T07:00:02.718750,5.112508
1787227202750000000,2026-08-20T07:00:02.750000,4.258910
1787227202781250000,2026-08-20T07:00:02.781250,3.568767
1787227202812500000,2026-08-20T07:00:02.812500,3.205534
1787227202843750000,2026-08-20T07:00:02.843750,2.497229
1787227202875000000,2026-08-20T07:00:02.875000,2.206642
1787227202906250000,2026-08-20T07:00:02.906250,1.861571
1787227202937500000,2026-08-20T07:00:02.937500,1.135104
1787227202968750000,2026-08-20T07:00:02.968750,0.227021
1787227203000000000,2026-08-20T07:00:03,-0.372314
1787227203031250000,2026-08-20T07:00:03.031250,-1.316721
1787227203062500000,2026-08-20T07:00:03.062500,-1.770762
1787227203093750000,2026-08-20T07:00:03.093750,-2.315612
1787227203125000000,2026-08-20T07:00:03.125000,-3.042079
1787227203156250000,2026-08-20T07:00:03.156250,-3.823030
1787227203187500000,2026-08-20T07:00:03.187500,-4.495012
1787227203218750000,2026-08-20T07:00:03.218750,-5.602873
1787227203250000000,2026-08-20T07:00:03.250000,-6.238532
1787227203281250000,2026-08-20T07:00:03.281250,-6.837866
1787227203312500000,2026-08-20T07:00:03.312500,-7.201100
1787227203343750000,2026-08-20T07:00:03.343750,-7.873081
1787227203375000000,2026-08-20T07:00:03.375000,-8.218153
1787227203406250000,2026-08-20T07:00:03.406250,-8.890135
1787227203437500000,2026-08-20T07:00:03.437500,-9.380499
1787227203468750000,2026-08-20T07:00:03.468750,-10.034319
1787227203500000000,2026-08-20T07:00:03.500000,-10.651816
1787227203531250000,2026-08-20T07:00:03.531250,-11.378282
1787227203562500000,2026-08-20T07:00:03.562500,-11.923132
1787227203593750000,2026-08-20T07:00:03.593750,-12.467982
1787227203625000000,2026-08-20T07:00:03.625000,-12.849377
1787227203656250000,2026-08-20T07:00:03.656250,-13.194449
1787227203687500000,2026-08-20T07:00:03.687500,-13.267096
1787227203718750000,2026-08-20T07:00:03.718750,-13.902754
1787227203750000000,2026-08-20T07:00:03.750000,-13.939077
1787227203781250000,2026-08-20T07:00:03.781250,-14.338634
1787227203812500000,2026-08-20T07:00:03.812500,-14.574735
1787227203843750000,2026-08-20T07:00:03.843750,-15.301202
1787227203875000000,2026-08-20T07:00:03.875000,-14.956130
1787227203906250000,2026-08-20T07:00:03.906250,-15.410172
1787227203937500000,2026-08-20T07:00:03.937500,-15.500980
1787227203968750000,2026-08-20T07:00:03.968750,-15.428334
1787227204000000000,2026-08-20T07:00:04,-15.192232
1787227204031250000,2026-08-20T07:00:04.031250,-15.355687
1787227204062500000,2026-08-20T07:00:04.062500,-15.137747
1787227204093750000,2026-08-20T07:00:04.093750,-14.956130
1787227204125000000,2026-08-20T07:00:04.125000,-14.956130
1787227204156250000,2026-08-20T07:00:04.156250,-14.683705
1787227204187500000,2026-08-20T07:00:04.187500,-14.411280
1787227204218750000,2026-08-20T07:00:04.218750,-14.374957
1787227204250000000,2026-08-20T07:00:04.250000,-14.302310
1787227204281250000,2026-08-20T07:00:04.281250,-14.138855
1787227204312500000,2026-08-20T07:00:04.312500,-13.848269
1787227204343750000,2026-08-20T07:00:04.343750,-13.230772
1787227204375000000,2026-08-20T07:00:04.375000,-12.486144
1787227204406250000,2026-08-20T07:00:04.406250,-11.941294
1787227204437500000,2026-08-20T07:00:04.437500,-11.360121
1787227204468750000,2026-08-20T07:00:04.468750,-10.815271
1787227204500000000,2026-08-20T07:00:04.500000,-10.506523
1787227204531250000,2026-08-20T07:00:04.531250,-10.016158
1787227204562500000,2026-08-20T07:00:04.562500,-9.471308
1787227204593750000,2026-08-20T07:00:04.593750,-9.108074
1787227204625000000,2026-08-20T07:00:04.625000,-8.563225
1787227204656250000,2026-08-20T07:00:04.656250,-8.127345
1787227204687500000,2026-08-20T07:00:04.687500,-7.509848
1787227204718750000,2026-08-20T07:00:04.718750,-6.692573
1787227204750000000,2026-08-20T07:00:04.750000,-5.548388
1787227204781250000,2026-08-20T07:00:04.781250,-4.821922
1787227204812500000,2026-08-20T07:00:04.812500,-4.022809
1787227204843750000,2026-08-20T07:00:04.843750,-3.496120
1787227204875000000,2026-08-20T07:00:04.875000,-2.805977
1787227204906250000,2026-08-20T07:00:04.906250,-2.188481
1787227204937500000,2026-08-20T07:00:04.937500,-1.425691
1787227204968750000,2026-08-20T07:00:04.968750,-0.553931
1787227205000000000,2026-08-20T07:00:05,0.172536
1787227205031250000,2026-08-20T07:00:05.031250,0.808194
1787227205062500000,2026-08-20T07:00:05.062500,1.389367
1787227205093750000,2026-08-20T07:00:05.093750,2.206642
1787227205125000000,2026-08-20T07:00:05.125000,2.824139
1787227205156250000,2026-08-20T07:00:05.156250,3.714060
1787227205187500000,2026-08-20T07:00:05.187500,4.549497
1787227205218750000,2026-08-20T07:00:05.218750,5.239640
1787227205250000000,2026-08-20T07:00:05.250000,5.838975
1787227205281250000,2026-08-20T07:00:05.281250,6.365663
1787227205312500000,2026-08-20T07:00:05.312500,7.164776
1787227205343750000,2026-08-20T07:00:05.343750,7.636980
1787227205375000000,2026-08-20T07:00:05.375000,8.308961
1787227205406250000,2026-08-20T07:00:05.406250,8.908296
1787227205437500000,2026-08-20T07:00:05.437500,9.507631
1787227205468750000,2026-08-20T07:00:05.468750,9.816379
1787227205500000000,2026-08-20T07:00:05.500000,10.343068
1787227205531250000,2026-08-20T07:00:05.531250,10.669978
1787227205562500000,2026-08-20T07:00:05.562500,11.087696
1787227205593750000,2026-08-20T07:00:05.593750,11.505414
1787227205625000000,2026-08-20T07:00:05.625000,12.068426
1787227205656250000,2026-08-20T07:00:05.656250,12.576952
1787227205687500000,2026-08-20T07:00:05.687500,12.976509
1787227205718750000,2026-08-20T07:00:05.718750,13.230772
1787227205750000000,2026-08-20T07:00:05.750000,13.448712
1787227205781250000,2026-08-20T07:00:05.781250,13.521359
1787227205812500000,2026-08-20T07:00:05.812500,13.684814
1787227205843750000,2026-08-20T07:00:05.843750,13.884592
1787227205875000000,2026-08-20T07:00:05.875000,14.029885
1787227205906250000,2026-08-20T07:00:05.906250,14.356795
1787227205937500000,2026-08-20T07:00:05.937500,14.720029
1787227205968750000,2026-08-20T07:00:05.968750,14.447604
1787227206000000000,2026-08-20T07:00:06,14.774514
1787227206031250000,2026-08-20T07:00:06.031250,15.046939
1787227206062500000,2026-08-20T07:00:06.062500,15.065100
1787227206093750000,2026-08-20T07:00:06.093750,14.810837
1787227206125000000,2026-08-20T07:00:06.125000,15.101424
1787227206156250000,2026-08-20T07:00:06.156250,15.010615
1787227206187500000,2026-08-20T07:00:06.187500,15.119585
1787270400093750000,2026-08-20T19:00:00.093750,15.128666
1787270400125000000,2026-08-20T19:00:00.125000,14.729110
1787270400156250000,2026-08-20T19:00:00.156250,14.874403
1787270400187500000,2026-08-20T19:00:00.187500,14.965211
1787270400218750000,2026-08-20T19:00:00.218750,14.947049
1787270400250000000,2026-08-20T19:00:00.250000,14.747271
1787270400281250000,2026-08-20T19:00:00.281250,14.710948
1787270400312500000,2026-08-20T19:00:00.312500,14.293230
1787270400343750000,2026-08-20T19:00:00.343750,13.766541
1787270400375000000,2026-08-20T19:00:00.375000,13.040075
1787270400406250000,2026-08-20T19:00:00.406250,12.658680
1787270400437500000,2026-08-20T19:00:00.437500,12.458902
1787270400468750000,2026-08-20T19:00:00.468750,12.422578
1787270400500000000,2026-08-20T19:00:00.500000,12.422578
1787270400531250000,2026-08-20T19:00:00.531250,12.404417
1787270400562500000,2026-08-20T19:00:00.562500,12.368093
1787270400593750000,2026-08-20T19:00:00.593750,12.131992
1787270400625000000,2026-08-20T19:00:00.625000,11.805082
1787270400656250000,2026-08-20T19:00:00.656250,11.387363
1787270400687500000,2026-08-20T19:00:00.687500,10.951483
1787270400718750000,2026-08-20T19:00:00.718750,10.515603
1787270400750000000,2026-08-20T19:00:00.750000,10.261340
1787270400781250000,2026-08-20T19:00:00.781250,9.625682
1787270400812500000,2026-08-20T19:00:00.812500,9.244287
1787270400843750000,2026-08-20T19:00:00.843750,8.971862
1787270400875000000,2026-08-20T19:00:00.875000,8.136425
1787270400906250000,2026-08-20T19:00:00.906250,7.373636
1787270400937500000,2026-08-20T19:00:00.937500,6.610846
1787270400968750000,2026-08-20T19:00:00.968750,5.811732
1787270401000000000,2026-08-20T19:00:01,5.157913
1787270401031250000,2026-08-20T19:00:01.031250,4.649386
1787270401062500000,2026-08-20T19:00:01.062500,4.050051
1787270401093750000,2026-08-20T19:00:01.093750,3.523363
1787270401125000000,2026-08-20T19:00:01.125000,3.123806
1787270401156250000,2026-08-20T19:00:01.156250,2.415501
1787270401187500000,2026-08-20T19:00:01.187500,1.943298
1787270401218750000,2026-08-20T19:00:01.218750,1.325801
1787270401250000000,2026-08-20T19:00:01.250000,0.817275
1787270401281250000,2026-08-20T19:00:01.281250,0.072647
1787270401312500000,2026-08-20T19:00:01.312500,-0.708305
1787270401343750000,2026-08-20T19:00:01.343750,-1.325801
1787270401375000000,2026-08-20T19:00:01.375000,-2.524471
1787270401406250000,2026-08-20T19:00:01.406250,-3.232776
1787270401437500000,2026-08-20T19:00:01.437500,-3.759464
1787270401468750000,2026-08-20T19:00:01.468750,-4.431446
1787270401500000000,2026-08-20T19:00:01.500000,-5.285044
1787270401531250000,2026-08-20T19:00:01.531250,-5.502984
1787270401562500000,2026-08-20T19:00:01.562500,-6.647169
1787270401593750000,2026-08-20T19:00:01.593750,-7.446282
1787270401625000000,2026-08-20T19:00:01.625000,-7.936647
1787270401656250000,2026-08-20T19:00:01.656250,-8.881054
1787270401687500000,2026-08-20T19:00:01.687500,-9.280610
1787270401718750000,2026-08-20T19:00:01.718750,-9.462227
1787270401750000000,2026-08-20T19:00:01.750000,-10.170532
1787270401781250000,2026-08-20T19:00:01.781250,-10.933322
1787270401812500000,2026-08-20T19:00:01.812500,-11.005968
1787270401843750000,2026-08-20T19:00:01.843750,-12.059345
1787270401875000000,2026-08-20T19:00:01.875000,-12.604195
1787270401906250000,2026-08-20T19:00:01.906250,-12.767650
1787270401937500000,2026-08-20T19:00:01.937500,-12.876620
1787270401968750000,2026-08-20T19:00:01.968750,-13.385146
1787270402000000000,2026-08-20T19:00:02,-13.712056
1787270402031250000,2026-08-20T19:00:02.031250,-13.893673
1787270402062500000,2026-08-20T19:00:02.062500,-14.347715
1787270402093750000,2026-08-20T19:00:02.093750,-14.928888
1787270402125000000,2026-08-20T19:00:02.125000,-15.328444
1787270402156250000,2026-08-20T19:00:02.156250,-15.056019
1787270402187500000,2026-08-20T19:00:02.187500,-15.328444
1787270402218750000,2026-08-20T19:00:02.218750,-15.564546
1787270402250000000,2026-08-20T19:00:02.250000,-15.491899
1787270402281250000,2026-08-20T19:00:02.281250,-15.310283
1787270402312500000,2026-08-20T19:00:02.312500,-15.491899
1787270402343750000,2026-08-20T19:00:02.343750,-15.364768
1787270402375000000,2026-08-20T19:00:02.375000,-15.183151
1787270402406250000,2026-08-20T19:00:02.406250,-15.001534
1787270402437500000,2026-08-20T19:00:02.437500,-14.493008
1787270402468750000,2026-08-20T19:00:02.468750,-14.293230
1787270402500000000,2026-08-20T19:00:02.500000,-14.184260
1787270402531250000,2026-08-20T19:00:02.531250,-13.821026
1787270402562500000,2026-08-20T19:00:02.562500,-13.657571
1787270402593750000,2026-08-20T19:00:02.593750,-13.494116
1787270402625000000,2026-08-20T19:00:02.625000,-13.221691
1787270402656250000,2026-08-20T19:00:02.656250,-12.731326
1787270402687500000,2026-08-20T19:00:02.687500,-12.586033
1787270402718750000,2026-08-20T19:00:02.718750,-12.168315
1787270402750000000,2026-08-20T19:00:02.750000,-11.786920
1787270402781250000,2026-08-20T19:00:02.781250,-11.205747
1787270402812500000,2026-08-20T19:00:02.812500,-10.606412
1787270402843750000,2026-08-20T19:00:02.843750,-10.007077
1787270402875000000,2026-08-20T19:00:02.875000,-9.389580
1787270402906250000,2026-08-20T19:00:02.906250,-8.790245
1787270402937500000,2026-08-20T19:00:02.937500,-8.009294
1787270402968750000,2026-08-20T19:00:02.968750,-7.282827
1787270403000000000,2026-08-20T19:00:03,-6.429229
1787270403031250000,2026-08-20T19:00:03.031250,-5.648278
1787270403062500000,2026-08-20T19:00:03.062500,-4.994458
1787270403093750000,2026-08-20T19:00:03.093750,-4.304314
1787270403125000000,2026-08-20T19:00:03.125000,-3.541524
1787270403156250000,2026-08-20T19:00:03.156250,-2.651603
1787270403187500000,2026-08-20T19:00:03.187500,-1.798005
1787270403218750000,2026-08-20T19:00:03.218750,-0.799113
1787270403250000000,2026-08-20T19:00:03.250000,-0.000000
1787270403281250000,2026-08-20T19:00:03.281250,0.962568
1787270403312500000,2026-08-20T19:00:03.312500,1.380286
1787270403343750000,2026-08-20T19:00:03.343750,2.124915
1787270403375000000,2026-08-20T19:00:03.375000,2.578956
1787270403406250000,2026-08-20T19:00:03.406250,3.305423
1787270403437500000,2026-08-20T19:00:03.437500,3.596009
1787270403468750000,2026-08-20T19:00:03.468750,4.613063
1787270403500000000,2026-08-20T19:00:03.500000,4.994458
1787270403531250000,2026-08-20T19:00:03.531250,5.884379
1787270403562500000,2026-08-20T19:00:03.562500,6.447391
1787270403593750000,2026-08-20T19:00:03.593750,7.446282
1787270403625000000,2026-08-20T19:00:03.625000,7.845839
1787270403656250000,2026-08-20T19:00:03.656250,8.699437
1787270403687500000,2026-08-20T19:00:03.687500,8.917377
1787270403718750000,2026-08-20T19:00:03.718750,9.498550
1787270403750000000,2026-08-20T19:00:03.750000,9.825460
1787270403781250000,2026-08-20T19:00:03.781250,10.116047
1787270403812500000,2026-08-20T19:00:03.812500,10.461118
1787270403843750000,2026-08-20T19:00:03.843750,11.114938
1787270403875000000,2026-08-20T19:00:03.875000,11.332878
1787270403906250000,2026-08-20T19:00:03.906250,11.677950
1787270403937500000,2026-08-20T19:00:03.937500,12.277285
1787270403968750000,2026-08-20T19:00:03.968750,12.767650
1787270404000000000,2026-08-20T19:00:04,13.094560
1787270404031250000,2026-08-20T19:00:04.031250,13.621248
1787270404062500000,2026-08-20T19:00:04.062500,13.712056
1787270404093750000,2026-08-20T19:00:04.093750,13.966320
1787270404125000000,2026-08-20T19:00:04.125000,14.002643
1787270404156250000,2026-08-20T19:00:04.156250,14.220583
1787270404187500000,2026-08-20T19:00:04.187500,14.202421
1787270404218750000,2026-08-20T19:00:04.218750,14.765433
1787270404250000000,2026-08-20T19:00:04.250000,14.801756
1787270404281250000,2026-08-20T19:00:04.281250,14.765433
1787270404312500000,2026-08-20T19:00:04.312500,14.892564
1787270404343750000,2026-08-20T19:00:04.343750,14.819918
1787270404375000000,2026-08-20T19:00:04.375000,14.801756
1787270404406250000,2026-08-20T19:00:04.406250,14.892564
1787270404437500000,2026-08-20T19:00:04.437500,15.255798
1787270404468750000,2026-08-20T19:00:04.468750,15.164989
1787270404500000000,2026-08-20T19:00:04.500000,15.564546
1787270404531250000,2026-08-20T19:00:04.531250,15.510061
1787270404562500000,2026-08-20T19:00:04.562500,15.528223
1787270404593750000,2026-08-20T19:00:04.593750,15.455576
1787270404625000000,2026-08-20T19:00:04.625000,15.437414
1787270404656250000,2026-08-20T19:00:04.656250,15.401091
1787270404687500000,2026-08-20T19:00:04.687500,15.292121
1787270404718750000,2026-08-20T19:00:04.718750,15.292121
1787270404750000000,2026-08-20T19:00:04.750000,15.401091
1787270404781250000,2026-08-20T19:00:04.781250,15.437414
1787270404812500000,2026-08-20T19:00:04.812500,15.255798
1787270404843750000,2026-08-20T19:00:04.843750,15.419253
1787270404875000000,2026-08-20T19:00:04.875000,15.364768
1787270404906250000,2026-08-20T19:00:04.906250,15.237636
1787270404937500000,2026-08-20T19:00:04.937500,15.364768
1787270404968750000,2026-08-20T19:00:04.968750,15.401091
1787270405000000000,2026-08-20T19:00:05,15.273959
1787270405031250000,2026-08-20T19:00:05.031250,15.019696
1787270405062500000,2026-08-20T19:00:05.062500,14.947049
1787270405093750000,2026-08-20T19:00:05.093750,14.856241
1787270405125000000,2026-08-20T19:00:05.125000,14.892564
1787270405156250000,2026-08-20T19:00:05.156250,14.874403
1787270405187500000,2026-08-20T19:00:05.187500,14.928888
1787270405218750000,2026-08-20T19:00:05.218750,15.037858
1787270405250000000,2026-08-20T19:00:05.250000,14.765433
1787270405281250000,2026-08-20T19:00:05.281250,14.729110
1787270405312500000,2026-08-20T19:00:05.312500,14.256906
1787270405343750000,2026-08-20T19:00:05.343750,14.275068
1787270405375000000,2026-08-20T19:00:05.375000,13.857350
1787270405406250000,2026-08-20T19:00:05.406250,13.766541
1787270405437500000,2026-08-20T19:00:05.437500,13.330661
1787270405468750000,2026-08-20T19:00:05.468750,13.185368
1787270405500000000,2026-08-20T19:00:05.500000,12.876620
1787270405531250000,2026-08-20T19:00:05.531250,12.531548
1787270405562500000,2026-08-20T19:00:05.562500,12.186477
1787270405593750000,2026-08-20T19:00:05.593750,11.877728
1787270405625000000,2026-08-20T19:00:05.625000,11.714273
1787270405656250000,2026-08-20T19:00:05.656250,11.314717
1787270405687500000,2026-08-20T19:00:05.687500,11.187585
1787270405718750000,2026-08-20T19:00:05.718750,10.715382
1787270405750000000,2026-08-20T19:00:05.750000,10.660897
1787270405781250000,2026-08-20T19:00:05.781250,10.116047
1787270405812500000,2026-08-20T19:00:05.812500,9.952592
1787270405843750000,2026-08-20T19:00:05.843750,9.280610
1787270405875000000,2026-08-20T19:00:05.875000,8.917377
1787270405906250000,2026-08-20T19:00:05.906250,8.136425
1787270405937500000,2026-08-20T19:00:05.937500,7.646061
1787270405968750000,2026-08-20T19:00:05.968750,7.028564
1787270406000000000,2026-08-20T19:00:06,6.483714
1787270406031250000,2026-08-20T19:00:06.031250,6.174966
1787270406062500000,2026-08-20T19:00:06.062500,5.557469
1787270406093750000,2026-08-20T19:00:06.093750,4.812841
1787270406125000000,2026-08-20T19:00:06.125000,4.267991
1787270406156250000,2026-08-20T19:00:06.156250,3.886596
1787270406187500000,2026-08-20T19:00:06.187500,2.960351
1787313600093750000,2026-08-21T07:00:00.093750,-12.858458
1787313600125000000,2026-08-21T07:00:00.125000,-12.658680
1787313600156250000,2026-08-21T07:00:00.156250,-12.531548
1787313600187500000,2026-08-21T07:00:00.187500,-12.041183
1787313600218750000,2026-08-21T07:00:00.218750,-11.478172
1787313600250000000,2026-08-21T07:00:00.250000,-11.387363
1787313600281250000,2026-08-21T07:00:00.281250,-10.788028
1787313600312500000,2026-08-21T07:00:00.312500,-9.752814
1787313600343750000,2026-08-21T07:00:00.343750,-9.226125
1787313600375000000,2026-08-21T07:00:00.375000,-8.354365
1787313600406250000,2026-08-21T07:00:00.406250,-7.355474
1787313600437500000,2026-08-21T07:00:00.437500,-6.828786
1787313600468750000,2026-08-21T07:00:00.468750,-6.429229
1787313600500000000,2026-08-21T07:00:00.500000,-5.720924
1787313600531250000,2026-08-21T07:00:00.531250,-5.266883
1787313600562500000,2026-08-21T07:00:00.562500,-4.613063
1787313600593750000,2026-08-21T07:00:00.593750,-3.904758
1787313600625000000,2026-08-21T07:00:00.625000,-3.123806
1787313600656250000,2026-08-21T07:00:00.656250,-2.578956
1787313600687500000,2026-08-21T07:00:00.687500,-1.870651
1787313600718750000,2026-08-21T07:00:00.718750,-1.126023
1787313600750000000,2026-08-21T07:00:00.750000,-0.435880
1787313600781250000,2026-08-21T07:00:00.781250,0.599335
1787313600812500000,2026-08-21T07:00:00.812500,1.507418
1787313600843750000,2026-08-21T07:00:00.843750,2.197561
1787313600875000000,2026-08-21T07:00:00.875000,2.924028
1787313600906250000,2026-08-21T07:00:00.906250,3.650494
1787313600937500000,2026-08-21T07:00:00.937500,4.304314
1787313600968750000,2026-08-21T07:00:00.968750,4.976296
1787313601000000000,2026-08-21T07:00:01,5.757247
1787313601031250000,2026-08-21T07:00:01.031250,6.374744
1787313601062500000,2026-08-21T07:00:01.062500,7.155696
1787313601093750000,2026-08-21T07:00:01.093750,7.918486
1787313601125000000,2026-08-21T07:00:01.125000,8.554144
1787313601156250000,2026-08-21T07:00:01.156250,9.098994
1787313601187500000,2026-08-21T07:00:01.187500,9.589359
1787313601218750000,2026-08-21T07:00:01.218750,10.170532
1787313601250000000,2026-08-21T07:00:01.250000,10.406633
1787313601281250000,2026-08-21T07:00:01.281250,11.024130
1787313601312500000,2026-08-21T07:00:01.312500,11.768758
1787313601343750000,2026-08-21T07:00:01.343750,12.186477
1787313601375000000,2026-08-21T07:00:01.375000,12.495225
1787313601406250000,2026-08-21T07:00:01.406250,12.785811
1787313601437500000,2026-08-21T07:00:01.437500,12.949266
1787313601468750000,2026-08-21T07:00:01.468750,12.876620
1787313601500000000,2026-08-21T07:00:01.500000,13.149045
1787313601531250000,2026-08-21T07:00:01.531250,13.385146
1787313601562500000,2026-08-21T07:00:01.562500,13.512278
1787313601593750000,2026-08-21T07:00:01.593750,14.020805
1787313601625000000,2026-08-21T07:00:01.625000,14.329553
1787313601656250000,2026-08-21T07:00:01.656250,14.819918
1787313601687500000,2026-08-21T07:00:01.687500,14.801756
1787313601718750000,2026-08-21T07:00:01.718750,15.056019
1787313601750000000,2026-08-21T07:00:01.750000,15.074181
1787313601781250000,2026-08-21T07:00:01.781250,15.056019
1787313601812500000,2026-08-21T07:00:01.812500,14.947049
1787313601843750000,2026-08-21T07:00:01.843750,15.092343
1787313601875000000,2026-08-21T07:00:01.875000,15.510061
1787313601906250000,2026-08-21T07:00:01.906250,15.292121
1787313601937500000,2026-08-21T07:00:01.937500,15.255798
1787313601968750000,2026-08-21T07:00:01.968750,15.346606
1787313602000000000,2026-08-21T07:00:02,15.510061
1787313602031250000,2026-08-21T07:00:02.031250,15.146828
1787313602062500000,2026-08-21T07:00:02.062500,14.965211
1787313602093750000,2026-08-21T07:00:02.093750,14.965211
1787313602125000000,2026-08-21T07:00:02.125000,14.783594
1787313602156250000,2026-08-21T07:00:02.156250,14.783594
1787313602187500000,2026-08-21T07:00:02.187500,14.874403
1787313602218750000,2026-08-21T07:00:02.218750,15.273959
1787313602250000000,2026-08-21T07:00:02.250000,15.419253
1787313602281250000,2026-08-21T07:00:02.281250,15.382929
1787313602312500000,2026-08-21T07:00:02.312500,15.183151
1787313602343750000,2026-08-21T07:00:02.343750,15.019696
1787313602375000000,2026-08-21T07:00:02.375000,14.838079
1787313602406250000,2026-08-21T07:00:02.406250,15.019696
1787313602437500000,2026-08-21T07:00:02.437500,14.983373
1787313602468750000,2026-08-21T07:00:02.468750,15.056019
1787313602500000000,2026-08-21T07:00:02.500000,15.019696
1787313602531250000,2026-08-21T07:00:02.531250,15.001534
1787313602562500000,2026-08-21T07:00:02.562500,14.275068
1787313602593750000,2026-08-21T07:00:02.593750,14.311391
1787313602625000000,2026-08-21T07:00:02.625000,14.493008
1787313602656250000,2026-08-21T07:00:02.656250,14.638301
1787313602687500000,2026-08-21T07:00:02.687500,14.692786
1787313602718750000,2026-08-21T07:00:02.718750,14.819918
1787313602750000000,2026-08-21T07:00:02.750000,14.620140
1787313602781250000,2026-08-21T07:00:02.781250,13.984481
1787313602812500000,2026-08-21T07:00:02.812500,13.875511
1787313602843750000,2026-08-21T07:00:02.843750,13.421470
1787313602875000000,2026-08-21T07:00:02.875000,13.185368
1787313602906250000,2026-08-21T07:00:02.906250,12.985590
1787313602937500000,2026-08-21T07:00:02.937500,12.967428
1787313602968750000,2026-08-21T07:00:02.968750,12.531548
1787313603000000000,2026-08-21T07:00:03,12.277285
1787313603031250000,2026-08-21T07:00:03.031250,12.150153
1787313603062500000,2026-08-21T07:00:03.062500,11.859567
1787313603093750000,2026-08-21T07:00:03.093750,11.696112
1787313603125000000,2026-08-21T07:00:03.125000,11.205747
1787313603156250000,2026-08-21T07:00:03.156250,11.024130
1787313603187500000,2026-08-21T07:00:03.187500,10.697220
1787313603218750000,2026-08-21T07:00:03.218750,10.461118
1787313603250000000,2026-08-21T07:00:03.250000,10.097885
1787313603281250000,2026-08-21T07:00:03.281250,9.716490
1787313603312500000,2026-08-21T07:00:03.312500,9.244287
1787313603343750000,2026-08-21T07:00:03.343750,8.753922
1787313603375000000,2026-08-21T07:00:03.375000,8.081940
1787313603406250000,2026-08-21T07:00:03.406250,7.246504
1787313603437500000,2026-08-21T07:00:03.437500,6.719816
1787313603468750000,2026-08-21T07:00:03.468750,6.047834
1787313603500000000,2026-08-21T07:00:03.500000,5.539308
1787313603531250000,2026-08-21T07:00:03.531250,5.121589
1787313603562500000,2026-08-21T07:00:03.562500,4.740194
1787313603593750000,2026-08-21T07:00:03.593750,4.267991
1787313603625000000,2026-08-21T07:00:03.625000,3.977404
1787313603656250000,2026-08-21T07:00:03.656250,3.105645
1787313603687500000,2026-08-21T07:00:03.687500,2.397340
1787313603718750000,2026-08-21T07:00:03.718750,1.489256
1787313603750000000,2026-08-21T07:00:03.750000,0.817275
1787313603781250000,2026-08-21T07:00:03.781250,-0.326910
1787313603812500000,2026-08-21T07:00:03.812500,-0.871760
1787313603843750000,2026-08-21T07:00:03.843750,-1.471095
1787313603875000000,2026-08-21T07:00:03.875000,-2.324693
1787313603906250000,2026-08-21T07:00:03.906250,-3.414393
1787313603937500000,2026-08-21T07:00:03.937500,-3.941081
1787313603968750000,2026-08-21T07:00:03.968750,-4.812841
1787313604000000000,2026-08-21T07:00:04,-5.557469
1787313604031250000,2026-08-21T07:00:04.031250,-6.047834
1787313604062500000,2026-08-21T07:00:04.062500,-6.411067
1787313604093750000,2026-08-21T07:00:04.093750,-6.719816
1787313604125000000,2026-08-21T07:00:04.125000,-7.210181
1787313604156250000,2026-08-21T07:00:04.156250,-8.027455
1787313604187500000,2026-08-21T07:00:04.187500,-8.826569
1787313604218750000,2026-08-21T07:00:04.218750,-9.389580
1787313604250000000,2026-08-21T07:00:04.250000,-10.442957
1787313604281250000,2026-08-21T07:00:04.281250,-11.151262
1787313604312500000,2026-08-21T07:00:04.312500,-11.641627
1787313604343750000,2026-08-21T07:00:04.343750,-11.750597
1787313604375000000,2026-08-21T07:00:04.375000,-12.313608
1787313604406250000,2026-08-21T07:00:04.406250,-12.586033
1787313604437500000,2026-08-21T07:00:04.437500,-12.967428
1787313604468750000,2026-08-21T07:00:04.468750,-13.639410
1787313604500000000,2026-08-21T07:00:04.500000,-14.238745
1787313604531250000,2026-08-21T07:00:04.531250,-14.565655
1787313604562500000,2026-08-21T07:00:04.562500,-14.856241
1787313604593750000,2026-08-21T07:00:04.593750,-14.783594
1787313604625000000,2026-08-21T07:00:04.625000,-14.747271
1787313604656250000,2026-08-21T07:00:04.656250,-15.019696
1787313604687500000,2026-08-21T07:00:04.687500,-15.128666
1787313604718750000,2026-08-21T07:00:04.718750,-15.183151
1787313604750000000,2026-08-21T07:00:04.750000,-15.491899
1787313604781250000,2026-08-21T07:00:04.781250,-15.510061
1787313604812500000,2026-08-21T07:00:04.812500,-15.401091
1787313604843750000,2026-08-21T07:00:04.843750,-15.382929
1787313604875000000,2026-08-21T07:00:04.875000,-15.292121
1787313604906250000,2026-08-21T07:00:04.906250,-15.092343
1787313604937500000,2026-08-21T07:00:04.937500,-15.019696
1787313604968750000,2026-08-21T07:00:04.968750,-14.765433
1787313605000000000,2026-08-21T07:00:05,-14.547493
1787313605031250000,2026-08-21T07:00:05.031250,-14.311391
1787313605062500000,2026-08-21T07:00:05.062500,-14.075290
1787313605093750000,2026-08-21T07:00:05.093750,-13.657571
1787313605125000000,2026-08-21T07:00:05.125000,-13.366985
1787313605156250000,2026-08-21T07:00:05.156250,-12.767650
1787313605187500000,2026-08-21T07:00:05.187500,-12.259123
1787313605218750000,2026-08-21T07:00:05.218750,-11.677950
1787313605250000000,2026-08-21T07:00:05.250000,-11.496333
1787313605281250000,2026-08-21T07:00:05.281250,-11.024130
1787313605312500000,2026-08-21T07:00:05.312500,-10.588250
1787313605343750000,2026-08-21T07:00:05.343750,-10.043400
1787313605375000000,2026-08-21T07:00:05.375000,-9.589359
1787313605406250000,2026-08-21T07:00:05.406250,-8.608629
1787313605437500000,2026-08-21T07:00:05.437500,-7.664222
1787313605468750000,2026-08-21T07:00:05.468750,-6.883271
1787313605500000000,2026-08-21T07:00:05.500000,-6.229451
1787313605531250000,2026-08-21T07:00:05.531250,-5.521146
1787313605562500000,2026-08-21T07:00:05.562500,-4.722033
1787313605593750000,2026-08-21T07:00:05.593750,-4.267991
1787313605625000000,2026-08-21T07:00:05.625000,-3.723141
1787313605656250000,2026-08-21T07:00:05.656250,-3.032998
1787313605687500000,2026-08-21T07:00:05.687500,-2.252046
1787313605718750000,2026-08-21T07:00:05.718750,-1.634550
1787313605750000000,2026-08-21T07:00:05.750000,-0.690143
1787313605781250000,2026-08-21T07:00:05.781250,0.036323
1787313605812500000,2026-08-21T07:00:05.812500,0.889922
1787313605843750000,2026-08-21T07:00:05.843750,1.471095
1787313605875000000,2026-08-21T07:00:05.875000,2.197561
1787313605906250000,2026-08-21T07:00:05.906250,3.051160
1787313605937500000,2026-08-21T07:00:05.937500,3.650494
1787313605968750000,2026-08-21T07:00:05.968750,4.340638
1787313606000000000,2026-08-21T07:00:06,4.885488
1787313606031250000,2026-08-21T07:00:06.031250,5.757247
1787313606062500000,2026-08-21T07:00:06.062500,6.138642
1787313606093750000,2026-08-21T07:00:06.093750,6.846947
1787313606125000000,2026-08-21T07:00:06.125000,7.337312
1787313606156250000,2026-08-21T07:00:06.156250,8.172749
1787313606187500000,2026-08-21T07:00:06.187500,8.644952
1787356800093750000,2026-08-21T19:00:00.093750,15.010615
1787356800125000000,2026-08-21T19:00:00.125000,15.155909
1787356800156250000,2026-08-21T19:00:00.156250,15.628112
1787356800187500000,2026-08-21T19:00:00.187500,15.646274
1787356800218750000,2026-08-21T19:00:00.218750,15.682597
1787356800250000000,2026-08-21T19:00:00.250000,15.773405
1787356800281250000,2026-08-21T19:00:00.281250,15.664435
1787356800312500000,2026-08-21T19:00:00.312500,15.301202
1787356800343750000,2026-08-21T19:00:00.343750,15.519142
1787356800375000000,2026-08-21T19:00:00.375000,15.101424
1787356800406250000,2026-08-21T19:00:00.406250,15.192232
1787356800437500000,2026-08-21T19:00:00.437500,15.137747
1787356800468750000,2026-08-21T19:00:00.468750,15.137747
1787356800500000000,2026-08-21T19:00:00.500000,15.246717
1787356800531250000,2026-08-21T19:00:00.531250,15.319364
1787356800562500000,2026-08-21T19:00:00.562500,15.228555
1787356800593750000,2026-08-21T19:00:00.593750,14.919807
1787356800625000000,2026-08-21T19:00:00.625000,14.865322
1787356800656250000,2026-08-21T19:00:00.656250,14.429442
1787356800687500000,2026-08-21T19:00:00.687500,14.193340
1787356800718750000,2026-08-21T19:00:00.718750,13.866430
1787356800750000000,2026-08-21T19:00:00.750000,13.902754
1787356800781250000,2026-08-21T19:00:00.781250,13.466874
1787356800812500000,2026-08-21T19:00:00.812500,12.831216
1787356800843750000,2026-08-21T19:00:00.843750,12.776731
1787356800875000000,2026-08-21T19:00:00.875000,12.576952
1787356800906250000,2026-08-21T19:00:00.906250,12.177396
1787356800937500000,2026-08-21T19:00:00.937500,11.705192
1787356800968750000,2026-08-21T19:00:00.968750,11.632546
1787356801000000000,2026-08-21T19:00:01,10.942403
1787356801031250000,2026-08-21T19:00:01.031250,10.306744
1787356801062500000,2026-08-21T19:00:01.062500,9.889026
1787356801093750000,2026-08-21T19:00:01.093750,9.562116
1787356801125000000,2026-08-21T19:00:01.125000,9.017266
1787356801156250000,2026-08-21T19:00:01.156250,8.763003
1787356801187500000,2026-08-21T19:00:01.187500,8.599548
1787356801218750000,2026-08-21T19:00:01.218750,8.199991
1787356801250000000,2026-08-21T19:00:01.250000,7.727788
1787356801281250000,2026-08-21T19:00:01.281250,6.892351
1787356801312500000,2026-08-21T19:00:01.312500,6.238532
1787356801343750000,2026-08-21T19:00:01.343750,5.330448
1787356801375000000,2026-08-21T19:00:01.375000,4.168102
1787356801406250000,2026-08-21T19:00:01.406250,3.477959
1787356801437500000,2026-08-21T19:00:01.437500,3.060240
1787356801468750000,2026-08-21T19:00:01.468750,2.315612
1787356801500000000,2026-08-21T19:00:01.500000,2.097672
1787356801531250000,2026-08-21T19:00:01.531250,1.443852
1787356801562500000,2026-08-21T19:00:01.562500,0.699224
1787356801593750000,2026-08-21T19:00:01.593750,-0.263344
1787356801625000000,2026-08-21T19:00:01.625000,-1.189589
1787356801656250000,2026-08-21T19:00:01.656250,-2.206642
1787356801687500000,2026-08-21T19:00:01.687500,-2.533552
1787356801718750000,2026-08-21T19:00:01.718750,-3.423474
1787356801750000000,2026-08-21T19:00:01.750000,-3.859354
1787356801781250000,2026-08-21T19:00:01.781250,-4.495012
1787356801812500000,2026-08-21T19:00:01.812500,-5.439418
1787356801843750000,2026-08-21T19:00:01.843750,-6.383825
1787356801875000000,2026-08-21T19:00:01.875000,-6.710735
1787356801906250000,2026-08-21T19:00:01.906250,-7.310070
1787356801937500000,2026-08-21T19:00:01.937500,-7.927566
1787356801968750000,2026-08-21T19:00:01.968750,-8.290800
1787356802000000000,2026-08-21T19:00:02,-8.908296
1787356802031250000,2026-08-21T19:00:02.031250,-9.580278
1787356802062500000,2026-08-21T19:00:02.062500,-10.397553
1787356802093750000,2026-08-21T19:00:02.093750,-11.196666
1787356802125000000,2026-08-21T19:00:02.125000,-12.068426
1787356802156250000,2026-08-21T19:00:02.156250,-12.449821
1787356802187500000,2026-08-21T19:00:02.187500,-13.285257
1787356802218750000,2026-08-21T19:00:02.218750,-13.775622
1787356802250000000,2026-08-21T19:00:02.250000,-14.084370
1787356802281250000,2026-08-21T19:00:02.281250,-14.502089
1787356802312500000,2026-08-21T19:00:02.312500,-14.901645
1787356802343750000,2026-08-21T19:00:02.343750,-15.246717
1787356802375000000,2026-08-21T19:00:02.375000,-15.537304
1787356802406250000,2026-08-21T19:00:02.406250,-15.755244
1787356802437500000,2026-08-21T19:00:02.437500,-15.936860
1787356802468750000,2026-08-21T19:00:02.468750,-16.027668
1787356802500000000,2026-08-21T19:00:02.500000,-16.118477
1787356802531250000,2026-08-21T19:00:02.531250,-16.227447
1787356802562500000,2026-08-21T19:00:02.562500,-16.154800
1787356802593750000,2026-08-21T19:00:02.593750,-15.991345
1787356802625000000,2026-08-21T19:00:02.625000,-16.063992
1787356802656250000,2026-08-21T19:00:02.656250,-15.628112
1787356802687500000,2026-08-21T19:00:02.687500,-15.174070
1787356802718750000,2026-08-21T19:00:02.718750,-15.028777
1787356802750000000,2026-08-21T19:00:02.750000,-14.919807
1787356802781250000,2026-08-21T19:00:02.781250,-14.810837
1787356802812500000,2026-08-21T19:00:02.812500,-14.919807
1787356802843750000,2026-08-21T19:00:02.843750,-14.738190
1787356802875000000,2026-08-21T19:00:02.875000,-14.592897
1787356802906250000,2026-08-21T19:00:02.906250,-14.302310
1787356802937500000,2026-08-21T19:00:02.937500,-14.011724
1787356802968750000,2026-08-21T19:00:02.968750,-13.503197
1787356803000000000,2026-08-21T19:00:03,-13.430551
1787356803031250000,2026-08-21T19:00:03.031250,-12.994671
1787356803062500000,2026-08-21T19:00:03.062500,-12.413497
1787356803093750000,2026-08-21T19:00:03.093750,-11.941294
1787356803125000000,2026-08-21T19:00:03.125000,-11.124019
1787356803156250000,2026-08-21T19:00:03.156250,-9.997996
1787356803187500000,2026-08-21T19:00:03.187500,-9.289691
1787356803218750000,2026-08-21T19:00:03.218750,-8.763003
1787356803250000000,2026-08-21T19:00:03.250000,-7.854920
1787356803281250000,2026-08-21T19:00:03.281250,-7.400878
1787356803312500000,2026-08-21T19:00:03.312500,-7.291908
1787356803343750000,2026-08-21T19:00:03.343750,-6.474633
1787356803375000000,2026-08-21T19:00:03.375000,-5.457580
1787356803406250000,2026-08-21T19:00:03.406250,-4.858245
1787356803437500000,2026-08-21T19:00:03.437500,-4.113617
1787356803468750000,2026-08-21T19:00:03.468750,-3.296342
1787356803500000000,2026-08-21T19:00:03.500000,-2.533552
1787356803531250000,2026-08-21T19:00:03.531250,-2.242966
1787356803562500000,2026-08-21T19:00:03.562500,-1.462014
1787356803593750000,2026-08-21T19:00:03.593750,-0.644739
1787356803625000000,2026-08-21T19:00:03.625000,0.299667
1787356803656250000,2026-08-21T19:00:03.656250,1.044296
1787356803687500000,2026-08-21T19:00:03.687500,2.170319
1787356803718750000,2026-08-21T19:00:03.718750,3.114725
1787356803750000000,2026-08-21T19:00:03.750000,3.877515
1787356803781250000,2026-08-21T19:00:03.781250,4.658467
1787356803812500000,2026-08-21T19:00:03.812500,5.348610
1787356803843750000,2026-08-21T19:00:03.843750,5.911622
1787356803875000000,2026-08-21T19:00:03.875000,6.619927
1787356803906250000,2026-08-21T19:00:03.906250,7.364555
1787356803937500000,2026-08-21T19:00:03.937500,7.927566
1787356803968750000,2026-08-21T19:00:03.968750,8.599548
1787356804000000000,2026-08-21T19:00:04,9.271529
1787356804031250000,2026-08-21T19:00:04.031250,9.725571
1787356804062500000,2026-08-21T19:00:04.062500,10.197774
1787356804093750000,2026-08-21T19:00:04.093750,10.833433
1787356804125000000,2026-08-21T19:00:04.125000,10.887918
1787356804156250000,2026-08-21T19:00:04.156250,11.414606
1787356804187500000,2026-08-21T19:00:04.187500,11.923132
1787356804218750000,2026-08-21T19:00:04.218750,12.013941
1787356804250000000,2026-08-21T19:00:04.250000,12.213719
1787356804281250000,2026-08-21T19:00:04.281250,12.922024
1787356804312500000,2026-08-21T19:00:04.312500,13.139964
1787356804343750000,2026-08-21T19:00:04.343750,13.194449
1787356804375000000,2026-08-21T19:00:04.375000,13.739299
1787356804406250000,2026-08-21T19:00:04.406250,14.193340
1787356804437500000,2026-08-21T19:00:04.437500,14.393119
1787356804468750000,2026-08-21T19:00:04.468750,14.502089
1787356804500000000,2026-08-21T19:00:04.500000,14.683705
1787356804531250000,2026-08-21T19:00:04.531250,14.810837
1787356804562500000,2026-08-21T19:00:04.562500,14.738190
1787356804593750000,2026-08-21T19:00:04.593750,15.028777
1787356804625000000,2026-08-21T19:00:04.625000,15.337525
1787356804656250000,2026-08-21T19:00:04.656250,15.573627
1787356804687500000,2026-08-21T19:00:04.687500,15.482819
1787356804718750000,2026-08-21T19:00:04.718750,15.791567
1787356804750000000,2026-08-21T19:00:04.750000,15.682597
1787356804781250000,2026-08-21T19:00:04.781250,15.428334
1787356804812500000,2026-08-21T19:00:04.812500,15.464657
1787356804843750000,2026-08-21T19:00:04.843750,15.918698
1787356804875000000,2026-08-21T19:00:04.875000,15.773405
1787356804906250000,2026-08-21T19:00:04.906250,15.918698
1787356804937500000,2026-08-21T19:00:04.937500,16.154800
1787356804968750000,2026-08-21T19:00:04.968750,16.082153
1787356805000000000,2026-08-21T19:00:05,15.682597
1787356805031250000,2026-08-21T19:00:05.031250,15.446495
1787356805062500000,2026-08-21T19:00:05.062500,15.609950
1787356805093750000,2026-08-21T19:00:05.093750,15.428334
1787356805125000000,2026-08-21T19:00:05.125000,15.664435
1787356805156250000,2026-08-21T19:00:05.156250,15.918698
1787356805187500000,2026-08-21T19:00:05.187500,16.191123
1787356805218750000,2026-08-21T19:00:05.218750,16.227447
1787356805250000000,2026-08-21T19:00:05.250000,16.227447
1787356805281250000,2026-08-21T19:00:05.281250,15.973183
1787356805312500000,2026-08-21T19:00:05.312500,15.773405
1787356805343750000,2026-08-21T19:00:05.343750,15.537304
1787356805375000000,2026-08-21T19:00:05.375000,15.355687
1787356805406250000,2026-08-21T19:00:05.406250,15.337525
1787356805437500000,2026-08-21T19:00:05.437500,15.174070
1787356805468750000,2026-08-21T19:00:05.468750,14.810837
1787356805500000000,2026-08-21T19:00:05.500000,14.647382
1787356805531250000,2026-08-21T19:00:05.531250,14.502089
1787356805562500000,2026-08-21T19:00:05.562500,14.592897
1787356805593750000,2026-08-21T19:00:05.593750,14.556574
1787356805625000000,2026-08-21T19:00:05.625000,14.701867
1787356805656250000,2026-08-21T19:00:05.656250,14.774514
1787356805687500000,2026-08-21T19:00:05.687500,14.447604
1787356805718750000,2026-08-21T19:00:05.718750,14.138855
1787356805750000000,2026-08-21T19:00:05.750000,14.175179
1787356805781250000,2026-08-21T19:00:05.781250,14.066209
1787356805812500000,2026-08-21T19:00:05.812500,13.739299
1787356805843750000,2026-08-21T19:00:05.843750,13.630329
1787356805875000000,2026-08-21T19:00:05.875000,13.267096
1787356805906250000,2026-08-21T19:00:05.906250,12.467982
1787356805937500000,2026-08-21T19:00:05.937500,12.013941
1787356805968750000,2026-08-21T19:00:05.968750,11.741516
1787356806000000000,2026-08-21T19:00:06,11.287474
1787356806031250000,2026-08-21T19:00:06.031250,10.942403
1787356806062500000,2026-08-21T19:00:06.062500,10.778948
1787356806093750000,2026-08-21T19:00:06.093750,10.651816
1787356806125000000,2026-08-21T19:00:06.125000,10.161451
1787356806156250000,2026-08-21T19:00:06.156250,9.507631
1787356806187500000,2026-08-21T19:00:06.187500,9.307853
1787400000093750000,2026-08-22T07:00:00.093750,11.460010
1787400000125000000,2026-08-22T07:00:00.125000,11.024130
1787400000156250000,2026-08-22T07:00:00.156250,10.915160
1787400000187500000,2026-08-22T07:00:00.187500,10.370310
1787400000218750000,2026-08-22T07:00:00.218750,9.934430
1787400000250000000,2026-08-22T07:00:00.250000,9.589359
1787400000281250000,2026-08-22T07:00:00.281250,8.844730
1787400000312500000,2026-08-22T07:00:00.312500,8.209072
1787400000343750000,2026-08-22T07:00:00.343750,7.736869
1787400000375000000,2026-08-22T07:00:00.375000,7.192019
1787400000406250000,2026-08-22T07:00:00.406250,6.411067
1787400000437500000,2026-08-22T07:00:00.437500,5.793571
1787400000468750000,2026-08-22T07:00:00.468750,5.412176
1787400000500000000,2026-08-22T07:00:00.500000,4.812841
1787400000531250000,2026-08-22T07:00:00.531250,4.140859
1787400000562500000,2026-08-22T07:00:00.562500,3.596009
1787400000593750000,2026-08-22T07:00:00.593750,2.978513
1787400000625000000,2026-08-22T07:00:00.625000,2.161238
1787400000656250000,2026-08-22T07:00:00.656250,1.525580
1787400000687500000,2026-08-22T07:00:00.687500,0.726467
1787400000718750000,2026-08-22T07:00:00.718750,0.181617
1787400000750000000,2026-08-22T07:00:00.750000,-0.690143
1787400000781250000,2026-08-22T07:00:00.781250,-1.525580
1787400000812500000,2026-08-22T07:00:00.812500,-2.361016
1787400000843750000,2026-08-22T07:00:00.843750,-3.196453
1787400000875000000,2026-08-22T07:00:00.875000,-4.013728
1787400000906250000,2026-08-22T07:00:00.906250,-4.431446
1787400000937500000,2026-08-22T07:00:00.937500,-5.157913
1787400000968750000,2026-08-22T07:00:00.968750,-5.757247
1787400001000000000,2026-08-22T07:00:01,-6.138642
1787400001031250000,2026-08-22T07:00:01.031250,-6.846947
1787400001062500000,2026-08-22T07:00:01.062500,-7.555252
1787400001093750000,2026-08-22T07:00:01.093750,-8.154587
1787400001125000000,2026-08-22T07:00:01.125000,-9.080832
1787400001156250000,2026-08-22T07:00:01.156250,-9.952592
1787400001187500000,2026-08-22T07:00:01.187500,-10.497442
1787400001218750000,2026-08-22T07:00:01.218750,-11.133100
1787400001250000000,2026-08-22T07:00:01.250000,-11.786920
1787400001281250000,2026-08-22T07:00:01.281250,-11.895890
1787400001312500000,2026-08-22T07:00:01.312500,-12.168315
1787400001343750000,2026-08-22T07:00:01.343750,-12.767650
1787400001375000000,2026-08-22T07:00:01.375000,-13.021913
1787400001406250000,2026-08-22T07:00:01.406250,-13.403308
1787400001437500000,2026-08-22T07:00:01.437500,-13.603086
1787400001468750000,2026-08-22T07:00:01.468750,-14.293230
1787400001500000000,2026-08-22T07:00:01.500000,-14.493008
1787400001531250000,2026-08-22T07:00:01.531250,-15.110504
1787400001562500000,2026-08-22T07:00:01.562500,-15.237636
1787400001593750000,2026-08-22T07:00:01.593750,-15.619031
1787400001625000000,2026-08-22T07:00:01.625000,-15.655354
1787400001656250000,2026-08-22T07:00:01.656250,-15.728001
1787400001687500000,2026-08-22T07:00:01.687500,-15.782486
1787400001718750000,2026-08-22T07:00:01.718750,-15.764324
1787400001750000000,2026-08-22T07:00:01.750000,-15.818809
1787400001781250000,2026-08-22T07:00:01.781250,-15.546384
1787400001812500000,2026-08-22T07:00:01.812500,-15.546384
1787400001843750000,2026-08-22T07:00:01.843750,-15.310283
1787400001875000000,2026-08-22T07:00:01.875000,-15.255798
1787400001906250000,2026-08-22T07:00:01.906250,-15.092343
1787400001937500000,2026-08-22T07:00:01.937500,-14.856241
1787400001968750000,2026-08-22T07:00:01.968750,-14.819918
1787400002000000000,2026-08-22T07:00:02,-14.511170
1787400002031250000,2026-08-22T07:00:02.031250,-14.493008
1787400002062500000,2026-08-22T07:00:02.062500,-14.147936
1787400002093750000,2026-08-22T07:00:02.093750,-13.839188
1787400002125000000,2026-08-22T07:00:02.125000,-13.457793
1787400002156250000,2026-08-22T07:00:02.156250,-13.149045
1787400002187500000,2026-08-22T07:00:02.187500,-12.695003
1787400002218750000,2026-08-22T07:00:02.218750,-12.440740
1787400002250000000,2026-08-22T07:00:02.250000,-11.895890
1787400002281250000,2026-08-22T07:00:02.281250,-11.369202
1787400002312500000,2026-08-22T07:00:02.312500,-10.551927
1787400002343750000,2026-08-22T07:00:02.343750,-9.571197
1787400002375000000,2026-08-22T07:00:02.375000,-9.171640
1787400002406250000,2026-08-22T07:00:02.406250,-8.663114
1787400002437500000,2026-08-22T07:00:02.437500,-7.972970
1787400002468750000,2026-08-22T07:00:02.468750,-7.555252
1787400002500000000,2026-08-22T07:00:02.500000,-6.865109
1787400002531250000,2026-08-22T07:00:02.531250,-5.557469
1787400002562500000,2026-08-22T07:00:02.562500,-4.685709
1787400002593750000,2026-08-22T07:00:02.593750,-3.777626
1787400002625000000,2026-08-22T07:00:02.625000,-2.851381
1787400002656250000,2026-08-22T07:00:02.656250,-2.215723
1787400002687500000,2026-08-22T07:00:02.687500,-1.816166
1787400002718750000,2026-08-22T07:00:02.718750,-1.180508
1787400002750000000,2026-08-22T07:00:02.750000,-0.599335
1787400002781250000,2026-08-22T07:00:02.781250,0.345072
1787400002812500000,2026-08-22T07:00:02.812500,0.926245
1787400002843750000,2026-08-22T07:00:02.843750,1.689035
1787400002875000000,2026-08-22T07:00:02.875000,2.615280
1787400002906250000,2026-08-22T07:00:02.906250,3.468878
1787400002937500000,2026-08-22T07:00:02.937500,3.995566
1787400002968750000,2026-08-22T07:00:02.968750,4.685709
1787400003000000000,2026-08-22T07:00:03,5.539308
1787400003031250000,2026-08-22T07:00:03.031250,6.156804
1787400003062500000,2026-08-22T07:00:03.062500,6.846947
1787400003093750000,2026-08-22T07:00:03.093750,7.409959
1787400003125000000,2026-08-22T07:00:03.125000,8.245395
1787400003156250000,2026-08-22T07:00:03.156250,8.990024
1787400003187500000,2026-08-22T07:00:03.187500,9.516712
1787400003218750000,2026-08-22T07:00:03.218750,9.879945
1787400003250000000,2026-08-22T07:00:03.250000,10.424795
1787400003281250000,2026-08-22T07:00:03.281250,10.951483
1787400003312500000,2026-08-22T07:00:03.312500,11.223908
1787400003343750000,2026-08-22T07:00:03.343750,11.532657
1787400003375000000,2026-08-22T07:00:03.375000,12.113830
1787400003406250000,2026-08-22T07:00:03.406250,12.785811
1787400003437500000,2026-08-22T07:00:03.437500,13.348823
1787400003468750000,2026-08-22T07:00:03.468750,13.802865
1787400003500000000,2026-08-22T07:00:03.500000,13.802865
1787400003531250000,2026-08-22T07:00:03.531250,14.111613
1787400003562500000,2026-08-22T07:00:03.562500,14.057128
1787400003593750000,2026-08-22T07:00:03.593750,13.966320
1787400003625000000,2026-08-22T07:00:03.625000,14.129775
1787400003656250000,2026-08-22T07:00:03.656250,14.438523
1787400003687500000,2026-08-22T07:00:03.687500,14.620140
1787400003718750000,2026-08-22T07:00:03.718750,14.783594
1787400003750000000,2026-08-22T07:00:03.750000,14.819918
1787400003781250000,2026-08-22T07:00:03.781250,14.765433
1787400003812500000,2026-08-22T07:00:03.812500,14.983373
1787400003843750000,2026-08-22T07:00:03.843750,14.947049
1787400003875000000,2026-08-22T07:00:03.875000,14.892564
1787400003906250000,2026-08-22T07:00:03.906250,15.019696
1787400003937500000,2026-08-22T07:00:03.937500,15.310283
1787400003968750000,2026-08-22T07:00:03.968750,15.310283
1787400004000000000,2026-08-22T07:00:04,15.491899
1787400004031250000,2026-08-22T07:00:04.031250,15.764324
1787400004062500000,2026-08-22T07:00:04.062500,15.818809
1787400004093750000,2026-08-22T07:00:04.093750,15.637193
1787400004125000000,2026-08-22T07:00:04.125000,15.619031
1787400004156250000,2026-08-22T07:00:04.156250,15.292121
1787400004187500000,2026-08-22T07:00:04.187500,14.983373
1787400004218750000,2026-08-22T07:00:04.218750,14.819918
1787400004250000000,2026-08-22T07:00:04.250000,14.856241
1787400004281250000,2026-08-22T07:00:04.281250,14.656463
1787400004312500000,2026-08-22T07:00:04.312500,14.765433
1787400004343750000,2026-08-22T07:00:04.343750,14.983373
1787400004375000000,2026-08-22T07:00:04.375000,15.056019
1787400004406250000,2026-08-22T07:00:04.406250,15.001534
1787400004437500000,2026-08-22T07:00:04.437500,15.364768
1787400004468750000,2026-08-22T07:00:04.468750,15.746163
1787400004500000000,2026-08-22T07:00:04.500000,15.673516
1787400004531250000,2026-08-22T07:00:04.531250,15.546384
1787400004562500000,2026-08-22T07:00:04.562500,15.382929
1787400004593750000,2026-08-22T07:00:04.593750,15.237636
1787400004625000000,2026-08-22T07:00:04.625000,14.747271
1787400004656250000,2026-08-22T07:00:04.656250,14.583816
1787400004687500000,2026-08-22T07:00:04.687500,14.493008
1787400004718750000,2026-08-22T07:00:04.718750,14.311391
1787400004750000000,2026-08-22T07:00:04.750000,14.202421
1787400004781250000,2026-08-22T07:00:04.781250,14.002643
1787400004812500000,2026-08-22T07:00:04.812500,13.693895
1787400004843750000,2026-08-22T07:00:04.843750,13.457793
1787400004875000000,2026-08-22T07:00:04.875000,13.475955
1787400004906250000,2026-08-22T07:00:04.906250,13.185368
1787400004937500000,2026-08-22T07:00:04.937500,13.221691
1787400004968750000,2026-08-22T07:00:04.968750,13.003751
1787400005000000000,2026-08-22T07:00:05,12.967428
1787400005031250000,2026-08-22T07:00:05.031250,12.658680
1787400005062500000,2026-08-22T07:00:05.062500,12.440740
1787400005093750000,2026-08-22T07:00:05.093750,11.823243
1787400005125000000,2026-08-22T07:00:05.125000,11.550818
1787400005156250000,2026-08-22T07:00:05.156250,10.896998
1787400005187500000,2026-08-22T07:00:05.187500,10.497442
1787400005218750000,2026-08-22T07:00:05.218750,10.007077
1787400005250000000,2026-08-22T07:00:05.250000,9.970754
1787400005281250000,2026-08-22T07:00:05.281250,9.607520
1787400005312500000,2026-08-22T07:00:05.312500,9.407742
1787400005343750000,2026-08-22T07:00:05.343750,8.772084
1787400005375000000,2026-08-22T07:00:05.375000,8.336204
1787400005406250000,2026-08-22T07:00:05.406250,7.337312
1787400005437500000,2026-08-22T07:00:05.437500,6.665331
1787400005468750000,2026-08-22T07:00:05.468750,5.829894
1787400005500000000,2026-08-22T07:00:05.500000,5.593793
1787400005531250000,2026-08-22T07:00:05.531250,4.794679
1787400005562500000,2026-08-22T07:00:05.562500,4.467769
1787400005593750000,2026-08-22T07:00:05.593750,3.795788
1787400005625000000,2026-08-22T07:00:05.625000,3.468878
1787400005656250000,2026-08-22T07:00:05.656250,2.469986
1787400005687500000,2026-08-22T07:00:05.687500,2.052268
1787400005718750000,2026-08-22T07:00:05.718750,1.325801
1787400005750000000,2026-08-22T07:00:05.750000,0.617497
1787400005781250000,2026-08-22T07:00:05.781250,-0.581173
1787400005812500000,2026-08-22T07:00:05.812500,-1.144185
1787400005843750000,2026-08-22T07:00:05.843750,-1.943298
1787400005875000000,2026-08-22T07:00:05.875000,-2.778735
1787400005906250000,2026-08-22T07:00:05.906250,-3.668656
1787400005937500000,2026-08-22T07:00:05.937500,-3.850273
1787400005968750000,2026-08-22T07:00:05.968750,-4.613063
1787400006000000000,2026-08-22T07:00:06,-5.194236
1787400006031250000,2026-08-22T07:00:06.031250,-5.902541
1787400006062500000,2026-08-22T07:00:06.062500,-6.447391
1787400006093750000,2026-08-22T07:00:06.093750,-7.282827
1787400006125000000,2026-08-22T07:00:06.125000,-7.918486
1787400006156250000,2026-08-22T07:00:06.156250,-8.790245
1787400006187500000,2026-08-22T07:00:06.187500,-9.553035
